ID,Description,setSize,enrichmentScore,NES,pvalue,p.adjust,qvalue,rank,leading_edge,core_enrichment,log2err
GO:0006959,humoral immune response,74,0.71534394450006,2.40377774768441,1e-10,3.01428571428571e-08,1.62028268230956e-08,791,"tags=36%, list=8%, signal=34%",8348/8970/133/8342/6223/8344/8343/4057/720/3133/5648/8347/6170/6156/8341/54209/2197/10758/8339/54210/3017/8349/714/8346/718/3958/3105,
GO:0019730,antimicrobial humoral response,42,0.782023523016666,2.32330349198253,7.34097065667654e-09,1.30659687995597e-06,7.02340951728272e-07,791,"tags=48%, list=8%, signal=44%",8348/8970/133/8342/6223/8344/8343/4057/3133/8347/6170/6156/8341/2197/8339/3017/8349/8346/3958/3105,0.761460801445585
GO:0019731,antibacterial humoral response,24,0.866304350935569,2.30974704374282,7.90620738633198e-09,1.33456780681284e-06,7.17376291006011e-07,791,"tags=71%, list=8%, signal=65%",8348/8970/133/8342/8344/8343/4057/3133/8347/6170/8341/2197/8339/3017/8349/8346/3105,0.747739663149885
GO:0061844,antimicrobial humoral immune response mediated by antimicrobial peptide,35,0.788711582673134,2.2788711630433,8.03091944877099e-08,9.96778825700399e-06,5.35803046712157e-06,775,"tags=51%, list=8%, signal=47%",8348/8970/133/8342/6223/8344/8343/4057/8347/6170/6156/8341/2197/8339/3017/8349/8346/3958,0.704975715167238
GO:0099504,synaptic vesicle cycle,124,-0.70891382289767,-2.25106224681785,1e-10,3.01428571428571e-08,1.62028268230956e-08,1722,"tags=53%, list=18%, signal=44%",5071/9829/2580/28964/1609/57030/26052/6453/140730/22999/8224/10947/160/1212/6620/5728/808/9066/26059/6812/84062/27445/9024/4983/63908/23025/10497/8927/9783/537/11069/9498/6623/22930/527/10159/22895/5532/6804/9900/785/8448/5864/8867/1176/112476/9378/6855/84961/93664/200933/84446/56850/535/1759/112755/9699/51382/5530/6861/8541/23167/284697/9899/5534/5413,
GO:0002227,innate immune response in mucosa,16,0.903702411350598,2.23401039636945,1.1335818486463e-07,1.258872474023e-05,6.76687435178653e-06,640,"tags=88%, list=7%, signal=82%",8348/8970/8342/8344/8343/4057/8347/6170/8341/2197/8339/3017/8349/8346,0.704975715167238
GO:0050830,defense response to Gram-positive bacterium,30,0.803792691047903,2.23036729069931,8.9516366246071e-08,1.04933073766228e-05,5.6405151449029e-06,791,"tags=47%, list=8%, signal=43%",8970/133/8344/8343/3133/8347/6170/2197/3148/8339/8349/8346/3592/3105,0.704975715167238
GO:0042742,defense response to bacterium,97,0.631291534733845,2.22530036402179,7.43088272960742e-09,1.30659687995597e-06,7.02340951728272e-07,791,"tags=32%, list=8%, signal=30%",8348/8970/133/8342/6223/8344/8343/4057/57674/3133/8347/6170/6156/8341/54209/1535/2635/2197/3148/8339/54210/3017/8349/2896/358/2150/8346/64332/10616/3592/3105,0.761460801445585
GO:0016079,synaptic vesicle exocytosis,59,-0.777685799806327,-2.21678639815129,5.15213437433434e-10,1.35887544123068e-07,7.30442484070752e-08,1259,"tags=56%, list=13%, signal=49%",808/9066/26059/6812/84062/27445/63908/23025/10497/9783/9498/22930/22895/6804/9900/785/8448/5864/8867/112476/6855/84961/93664/200933/84446/112755/9699/5530/6861/8541/23167/9899/5413,0.801215574617779
GO:0002251,organ or tissue specific immune response,21,0.845974984726592,2.20776689930822,8.79711135879884e-07,7.57628774165941e-05,4.07251633971728e-05,640,"tags=67%, list=7%, signal=62%",8348/8970/8342/8344/8343/4057/8347/6170/8341/2197/8339/3017/8349/8346,0.659444398037935
GO:0002385,mucosal immune response,19,0.860627636208013,2.17184303661398,9.81782882533544e-07,7.96754570056068e-05,4.28283100634593e-05,640,"tags=74%, list=7%, signal=69%",8348/8970/8342/8344/8343/4057/8347/6170/8341/2197/8339/3017/8349/8346,0.643551836150722
GO:0099177,regulation of trans-synaptic signaling,269,-0.627277795495112,-2.15554621572487,1e-10,3.01428571428571e-08,1.62028268230956e-08,1729,"tags=46%, list=18%, signal=39%",7804/5071/79012/64101/28964/4744/5100/2043/84502/9369/2905/26037/81539/148/152330/140730/22999/4747/8224/9463/22986/57406/5590/2894/477/23390/10636/5728/808/59283/9066/10718/6812/5217/57282/58512/2911/84866/2892/9890/84062/6376/2917/5923/51201/4983/2932/50944/23025/729993/8927/9783/91851/9912/6785/729956/9498/64854/23542/22930/8564/2560/9465/5532/5595/6804/127262/6505/2185/286097/9456/793/1141/785/2775/5864/2562/9693/2891/112476/9378/6855/816/8766/84961/9229/9513/27065/10769/200933/23228/801/114781/84446/79772/26050/9746/80863/4130/9256/112755/25927/805/9699/10858/57142/23154/9148/5530/140689/23236/107/6861/7533/5601/8541/8001/9899/27020/5534/5413/9495/27067,
GO:0099003,vesicle-mediated transport in synapse,147,-0.669111746416514,-2.15344385409505,1e-10,3.01428571428571e-08,1.62028268230956e-08,1782,"tags=52%, list=18%, signal=43%",8499/3084/55182/5071/9829/2580/28964/1609/57030/26052/2060/6453/8650/140730/22999/8224/3208/10947/160/1212/6620/5728/808/9066/26059/6812/84062/27445/9024/4983/63908/23025/10497/8927/9783/537/11069/9498/6623/64854/22930/527/10159/22895/5532/6804/9900/25977/785/8448/5864/8867/1176/112476/9378/6855/84961/93664/200933/801/84446/56850/535/1759/112755/805/9699/23154/51382/5530/6861/8541/23167/284697/9899/5534/5413,
GO:0048167,regulation of synaptic plasticity,106,-0.687606776929869,-2.15326573553464,1.68960525028668e-09,3.96118564233877e-07,2.1292740987613e-07,1616,"tags=49%, list=17%, signal=41%",2043/84502/2905/26037/81539/152330/9463/22986/5590/2894/10636/5728/808/9066/57282/2892/6376/5923/51201/2932/729993/91851/6785/729956/22930/5532/2185/793/5864/9693/112476/6855/816/8766/9513/27065/10769/801/84446/79772/80863/4130/805/10858/23154/9148/107/7533/8541/27020/9495/27067,0.788186810800237
GO:0140029,exocytic process,52,-0.772200410195316,-2.15162517442346,2.70293917558426e-08,3.80213444032186e-06,2.04377858418312e-06,1205,"tags=50%, list=12%, signal=44%",9066/23233/26059/6812/149371/63908/23025/10497/9783/22895/6804/9900/8448/5864/8867/112476/6855/93664/84446/54536/112755/9699/6861/8541/23167/5413,0.73376198835648
GO:0007269,neurotransmitter secretion,79,-0.718358997755273,-2.14621285191095,2.47052620686721e-09,5.21281029648981e-07,2.80206558042521e-07,1504,"tags=53%, list=16%, signal=45%",55327/140730/22999/8224/808/9066/26059/6812/84062/27445/63908/23025/10497/9783/9498/22930/8564/22895/6804/286097/9900/785/8448/5864/8867/112476/9378/6855/84961/93664/200933/84446/79772/9256/112755/9699/5530/6861/8541/23167/9899/5413,0.774939030136436
GO:0099643,signal release from synapse,79,-0.718358997755273,-2.14621285191095,2.47052620686721e-09,5.21281029648981e-07,2.80206558042521e-07,1504,"tags=53%, list=16%, signal=45%",55327/140730/22999/8224/808/9066/26059/6812/84062/27445/63908/23025/10497/9783/9498/22930/8564/22895/6804/286097/9900/785/8448/5864/8867/112476/9378/6855/84961/93664/200933/84446/79772/9256/112755/9699/5530/6861/8541/23167/9899/5413,0.774939030136436
GO:0007268,chemical synaptic transmission,376,-0.612286550533965,-2.14244789208129,1e-10,3.01428571428571e-08,1.62028268230956e-08,1729,"tags=42%, list=18%, signal=36%",7804/5071/79012/64101/1741/28964/4744/5100/2043/84502/57030/9369/2905/777/26037/81539/148/152330/55327/140730/4884/22999/4747/8224/3798/9463/22986/1131/5590/6620/2894/477/23390/5594/10636/5728/808/59283/9066/10718/26059/6812/5217/57282/58512/2911/254263/84866/2892/9890/84062/27445/6376/2917/5923/51201/4983/63908/2932/50944/2556/23025/10497/729993/6750/8927/9783/91851/9912/6785/6327/729956/9498/6623/64854/23542/22930/8564/2560/9465/11245/30819/22895/5532/5595/6804/127262/6505/2185/286097/9456/793/9900/1141/785/8448/2775/5864/2562/8867/9693/2891/112476/9378/6529/6855/816/2743/8766/84961/93664/5573/9229/782/9513/27065/10769/200933/23228/801/114781/84446/27115/79772/26050/9746/80863/4130/404037/9256/112755/25927/805/9699/10858/57142/3749/23154/9177/9148/5530/140689/23236/107/6861/7533/5601/8541/23167/8001/9899/27020/784/5534/5413/9495/27067,
GO:0098916,anterograde trans-synaptic signaling,376,-0.612286550533965,-2.14244789208129,1e-10,3.01428571428571e-08,1.62028268230956e-08,1729,"tags=42%, list=18%, signal=36%",7804/5071/79012/64101/1741/28964/4744/5100/2043/84502/57030/9369/2905/777/26037/81539/148/152330/55327/140730/4884/22999/4747/8224/3798/9463/22986/1131/5590/6620/2894/477/23390/5594/10636/5728/808/59283/9066/10718/26059/6812/5217/57282/58512/2911/254263/84866/2892/9890/84062/27445/6376/2917/5923/51201/4983/63908/2932/50944/2556/23025/10497/729993/6750/8927/9783/91851/9912/6785/6327/729956/9498/6623/64854/23542/22930/8564/2560/9465/11245/30819/22895/5532/5595/6804/127262/6505/2185/286097/9456/793/9900/1141/785/8448/2775/5864/2562/8867/9693/2891/112476/9378/6529/6855/816/2743/8766/84961/93664/5573/9229/782/9513/27065/10769/200933/23228/801/114781/84446/27115/79772/26050/9746/80863/4130/404037/9256/112755/25927/805/9699/10858/57142/3749/23154/9177/9148/5530/140689/23236/107/6861/7533/5601/8541/23167/8001/9899/27020/784/5534/5413/9495/27067,
GO:0050804,modulation of chemical synaptic transmission,268,-0.626670179416291,-2.13125957272906,1e-10,3.01428571428571e-08,1.62028268230956e-08,1729,"tags=46%, list=18%, signal=38%",7804/5071/79012/64101/28964/4744/5100/2043/84502/9369/2905/26037/81539/148/152330/140730/22999/4747/8224/9463/22986/5590/2894/477/23390/10636/5728/808/59283/9066/10718/6812/5217/57282/58512/2911/84866/2892/9890/84062/6376/2917/5923/51201/4983/2932/50944/23025/729993/8927/9783/91851/9912/6785/729956/9498/64854/23542/22930/8564/2560/9465/5532/5595/6804/127262/6505/2185/286097/9456/793/1141/785/2775/5864/2562/9693/2891/112476/9378/6855/816/8766/84961/9229/9513/27065/10769/200933/23228/801/114781/84446/79772/26050/9746/80863/4130/9256/112755/25927/805/9699/10858/57142/23154/9148/5530/140689/23236/107/6861/7533/5601/8541/8001/9899/27020/5534/5413/9495/27067,
GO:0099537,trans-synaptic signaling,383,-0.608777052003328,-2.12529265995646,1e-10,3.01428571428571e-08,1.62028268230956e-08,1729,"tags=42%, list=18%, signal=36%",7804/5071/79012/64101/1741/28964/4744/5100/2043/84502/57030/9369/2905/777/26037/81539/148/152330/55327/140730/4884/22999/4747/8224/3798/9463/22986/1131/57406/5590/6620/2894/477/23390/5594/10636/5728/808/59283/9066/10718/26059/6812/5217/57282/58512/2911/254263/84866/2892/9890/84062/27445/6376/2917/5923/51201/27006/4983/63908/2932/50944/2556/23025/10497/729993/6750/8927/9783/91851/9912/6785/6327/729956/9498/6623/64854/23542/22930/8564/2560/9465/11245/30819/22895/5532/5595/6804/127262/6505/2185/286097/9456/793/9900/1141/785/8448/2775/5864/2562/8867/9693/2891/112476/9378/6529/6855/816/2743/8766/84961/93664/5573/9229/782/9513/27065/10769/200933/23228/801/114781/84446/27115/79772/26050/9746/80863/4130/404037/9256/112755/25927/805/9699/10858/57142/3749/23154/9177/9148/5530/140689/23236/107/6861/7533/5601/8541/23167/8001/9899/27020/784/5534/5413/9495/27067,
GO:0001541,ovarian follicle development,17,0.860920573923994,2.10754530306309,5.49500375050614e-06,0.000305117313514946,0.000164011094508416,567,"tags=47%, list=6%, signal=44%",4323/7422/4313/7130/4327/3625/8892/1495,0.610526878385931
GO:0099536,synaptic signaling,398,-0.60138306411454,-2.1051132623658,1e-10,3.01428571428571e-08,1.62028268230956e-08,1626,"tags=39%, list=17%, signal=34%",5100/2043/84502/57030/9369/2905/777/26037/4062/81539/148/152330/55327/140730/4884/22999/4747/8224/3798/9463/22986/1131/57406/5590/6620/2894/477/23390/5594/10636/5728/808/59283/9066/10718/26059/6812/5217/57282/58512/2911/254263/84866/2892/1821/9890/84062/27445/6376/2917/5923/51201/27006/4983/63908/2932/50944/2556/23025/10497/729993/6750/8927/9783/91851/9912/6785/6327/729956/9498/6623/64854/23542/22930/8564/2560/9465/11245/30819/22895/5532/5595/6804/127262/6505/2185/286097/9456/793/9900/1141/785/8448/2775/5864/2562/8867/9693/2891/112476/9378/6529/6855/816/2743/8766/84961/93664/5573/9229/782/9513/27065/10769/200933/23228/801/114781/84446/27115/3708/79772/26050/9746/80863/4130/404037/9256/112755/25927/805/1838/9699/10858/57142/3749/23154/9177/9148/5530/140689/23236/107/6861/7533/5601/8541/23167/8001/9899/27020/784/5534/5413/9495/27067,
GO:2001235,positive regulation of apoptotic signaling pathway,49,0.68020745540469,2.10083284806239,7.86154392274968e-06,0.000409576732765477,0.000220161640295632,1073,"tags=29%, list=11%, signal=26%",6667/4313/51330/10399/7157/4609/10018/26471/581/6421/8772/467/7057/138151,0.593325476396405
GO:0050829,defense response to Gram-negative bacterium,28,0.740808931807889,2.07617161291674,4.35414138747764e-05,0.0014462834238091,0.000777427293704496,703,"tags=39%, list=7%, signal=37%",8970/133/6223/4057/6156/54209/3148/54210/358/2150/64332,0.557332238758646
GO:0032963,collagen metabolic process,40,0.699628374012451,2.06743834000806,8.28692153574911e-06,0.000419822834901317,0.000225669274085354,536,"tags=25%, list=6%, signal=24%",4323/9902/7431/2149/4313/5352/4261/4327/4921/51430,0.593325476396405
GO:0071459,"protein localization to chromosome, centromeric region",27,0.750632714022049,2.05816481035249,9.20370236495269e-05,0.00238867635831317,0.00128399604545591,617,"tags=41%, list=6%, signal=38%",8970/8359/9212/8365/8335/8363/3012/83903/8366/8361/91272,0.538434096309916
GO:0043627,response to estrogen,31,0.729361608090524,2.05747316957925,2.92615937534091e-05,0.00111246779855303,0.000597989865419792,851,"tags=29%, list=9%, signal=27%",4323/6667/4313/7706/5914/595/367/1495/10095,0.575610261071129
GO:0001837,epithelial to mesenchymal transition,93,0.584491536205578,2.04691572621712,5.65236661236763e-07,5.67928264385509e-05,3.05281057869467e-05,822,"tags=27%, list=8%, signal=25%",7422/10630/182/25937/23493/7041/25800/6662/8091/54756/10979/4192/4017/2305/3037/655/9444/81610/84172/80709/4684/10252/84695/6093/3182,0.659444398037935
GO:0098727,maintenance of cell number,75,0.602066074146608,2.04484621694507,3.11965084730357e-06,0.000199468584479107,0.000107221253633843,2164,"tags=48%, list=22%, signal=38%",86/26147/678/182/8324/4609/9274/6662/8091/4017/3065/57190/388585/7545/8451/6599/6605/6760/6598/65980/58516/6602/25942/51742/23019/5928/60/54623/8819/2494/25855/6657/3621/23318/8289/56339,0.627256739718528
GO:0001508,action potential,75,-0.695749298768344,-2.04234707303139,8.70739931961288e-08,1.04933073766228e-05,5.6405151449029e-06,1958,"tags=48%, list=20%, signal=39%",3751/776/285175/287/288/3781/54795/148/6323/6326/477/6508/808/57578/3760/610/781/6330/388591/9630/6327/9465/488/30819/1141/728215/801/7341/6324/3749/3737/8506/2257/7533/784/6334,0.704975715167238
GO:0006836,neurotransmitter transport,101,-0.669346248856215,-2.04165173554603,1.87883426970934e-08,3.04949254545131e-06,1.63920757007526e-06,1668,"tags=51%, list=17%, signal=43%",28964/6538/57030/81539/55327/140730/22999/8224/477/808/9066/26059/6812/84062/27445/79751/63908/23025/10497/9783/6539/9498/22930/8564/22895/6804/6505/286097/9900/785/8448/5864/8867/112476/9378/6529/6855/84961/93664/200933/84446/79772/9256/112755/9699/5530/3382/6861/8541/23167/9899/5413,0.73376198835648
GO:0002181,cytoplasmic translation,136,0.564451513529045,2.03962200152237,2.42305353078138e-08,3.65188782139193e-06,1.96301583711705e-06,1334,"tags=28%, list=14%, signal=24%",6210/1936/85451/6187/6203/10399/9567/6223/6159/6132/1973/8662/6202/6170/6157/6156/6222/25873/8892/2197/1660/6205/6209/5315/6161/6230/6147/6134/7353/8531/80279/22916/6142/1981/84164/6227/8664/6194,0.73376198835648
GO:0030574,collagen catabolic process,17,0.830832968283325,2.03389043422962,3.47101192652822e-05,0.0012090667749348,0.000649915151671994,200,"tags=24%, list=2%, signal=23%",4323/9902/4313/4327,0.557332238758646
GO:0007520,myoblast fusion,38,0.681661798112095,2.0294026199241,3.32949148670581e-05,0.00120089351058962,0.000645521739788816,2225,"tags=61%, list=23%, signal=47%",8038/6159/8837/6132/6170/6157/6156/25873/10938/928/6161/6147/6134/975/6142/6137/6130/30846/6173/7311/6124/6169/9349,0.557332238758646
GO:0042391,regulation of membrane potential,195,-0.615453466048374,-2.02022085795057,2.30677077132567e-10,6.48971510332956e-08,3.48844601731439e-08,1750,"tags=43%, list=18%, signal=36%",3775/288/5071/3781/54795/93974/57030/2905/9481/90134/148/140730/22999/6323/6326/5590/2894/477/5728/6508/808/83875/10962/123041/57578/10550/64116/27133/2911/3760/84866/2892/610/79680/781/2932/6330/50944/2556/10497/9783/388591/219736/6785/9630/6327/9498/23542/22930/2560/9465/23530/488/2273/30819/6804/2185/1141/728215/6714/2562/2891/9378/2743/65018/4985/401190/801/3767/112755/7341/6324/9699/3749/9177/3737/23415/8506/2257/7533/8001/784/6334,0.826657301178302
GO:0030261,chromosome condensation,29,0.725894525307555,2.01948033473169,4.74501037914304e-05,0.00152854532824303,0.000821645908594383,1829,"tags=62%, list=19%, signal=51%",54892/11044/8091/3006/23397/3008/3007/5347/891/3005/51203/10051/9031/3009/9918/22985/5119/983,0.557332238758646
GO:2001244,positive regulation of intrinsic apoptotic signaling pathway,22,0.761771102764345,2.01588657890063,8.49575458676633e-05,0.00229887716351983,0.0012357258766662,1073,"tags=41%, list=11%, signal=36%",4313/10399/7157/4609/10018/26471/581/6421/138151,0.538434096309916
GO:0045055,regulated exocytosis,115,-0.643257615246346,-2.01044379772391,2.24233567775398e-08,3.50468761485993e-06,1.88389064193537e-06,1323,"tags=37%, list=14%, signal=33%",376267/57102/808/9066/26059/6812/9545/306/84062/27445/63908/23025/10497/9783/9498/22930/261729/22895/5532/6804/9900/785/8448/5864/80223/8867/112476/6855/55207/84961/93664/200933/192683/84446/112755/9699/5530/6861/8541/23167/9899/5413/22841,0.73376198835648
GO:0000768,syncytium formation by plasma membrane fusion,44,0.657449111722338,2.00126433565675,1.88032184178027e-05,0.000777937075716935,0.000418168047486959,2229,"tags=57%, list=23%, signal=44%",8038/6159/8837/6132/6170/6157/6156/54209/25873/10938/928/6161/6147/6134/975/6142/6137/6130/30846/6173/7311/6124/6169/9349/7305,0.575610261071129
GO:0006949,syncytium formation,44,0.657449111722338,2.00126433565675,1.88032184178027e-05,0.000777937075716935,0.000418168047486959,2229,"tags=57%, list=23%, signal=44%",8038/6159/8837/6132/6170/6157/6156/54209/25873/10938/928/6161/6147/6134/975/6142/6137/6130/30846/6173/7311/6124/6169/9349/7305,0.575610261071129
GO:0006261,DNA-templated DNA replication,104,0.572655742256337,1.99342760836144,7.69215517951342e-07,7.05671627337971e-05,3.79322872995755e-05,2009,"tags=41%, list=21%, signal=33%",1663/8099/5982/7083/11232/641/84515/55159/11169/10926/10714/10535/81620/7517/4171/5980/8451/2237/5981/54107/84296/3978/23594/57804/4172/4174/144455/5426/6240/5984/26271/11177/64785/5983/146956/51053/672/122769/580/5425/54108/79915/253714,0.659444398037935
GO:0098655,monoatomic cation transmembrane transport,391,-0.57063547253959,-1.99289896396954,1e-10,3.01428571428571e-08,1.62028268230956e-08,1705,"tags=36%, list=18%, signal=31%",3781/342667/54795/6786/6538/130507/521/30818/84502/57030/513/2905/777/4513/9481/81539/90134/137994/162514/509/23479/6323/23413/6326/477/7070/91404/808/9497/9651/59283/55799/123041/57578/64116/57282/55676/2823/4514/27133/3760/8065/4715/56479/610/57130/65268/498/10632/54997/6376/79751/84286/781/55967/7226/9016/6330/6553/4711/51719/1346/54946/7416/206358/537/6327/8604/3763/4725/4698/5310/6539/57628/9196/844/84679/9498/5250/57210/374291/9465/527/23530/10159/488/2273/30819/5532/5332/57463/6505/2185/286097/9377/785/728215/10367/23017/2891/2281/11261/6529/56704/4714/491/782/516/8514/79085/23228/801/4719/535/3708/7220/3767/7991/441027/10479/5144/7341/6324/805/5581/6833/283537/3749/51382/23400/3737/23415/2257/5530/23236/133308/490/29979/784/5534/9495/6334,
GO:1901739,regulation of myoblast fusion,31,0.706334447961473,1.99251531655876,8.26081427415402e-05,0.00227847295666209,0.0012247579107361,2225,"tags=65%, list=23%, signal=50%",6159/8837/6132/6170/6157/6156/25873/10938/6161/6147/6134/6142/6137/6130/30846/6173/7311/6124/6169/9349,0.538434096309916
GO:0022617,extracellular matrix disassembly,31,0.705610139833043,1.99047209886781,8.57253907944918e-05,0.00230421114110035,0.0012385930738468,1178,"tags=42%, list=12%, signal=37%",4323/10630/4313/285590/4327/6624/3915/6774/4921/780/5328/8751/5329,0.538434096309916
GO:2000300,regulation of synaptic vesicle exocytosis,29,-0.775843888458499,-1.99044625190118,3.58780635945934e-05,0.00123093844202589,0.000661671928162349,1502,"tags=55%, list=15%, signal=47%",140730/22999/808/84062/9783/9498/22930/785/5864/84961/200933/9699/5530/6861/9899/5413,0.557332238758646
GO:0060142,regulation of syncytium formation by plasma membrane fusion,35,0.686791623300029,1.98438777842415,0.000101340002351353,0.00256080724504616,0.00137652234233024,2229,"tags=63%, list=23%, signal=49%",6159/8837/6132/6170/6157/6156/54209/25873/10938/6161/6147/6134/6142/6137/6130/30846/6173/7311/6124/6169/9349/7305,0.538434096309916
GO:0016082,synaptic vesicle priming,22,-0.833813368125414,-1.98311088567682,1.13852913127404e-05,0.000539841902693985,0.000290183668381078,1179,"tags=73%, list=12%, signal=64%",26059/6812/63908/23025/10497/9783/22895/6804/9900/8867/6855/93664/84446/112755/9699/23167,0.593325476396405
GO:0034220,monoatomic ion transmembrane transport,455,-0.558649953771352,-1.97888758066256,1e-10,3.01428571428571e-08,1.62028268230956e-08,1705,"tags=35%, list=18%, signal=30%",3781/342667/54795/6786/6538/130507/521/30818/84502/57030/513/2905/777/4513/9481/81539/90134/137994/162514/509/23479/6323/23413/6326/57719/2894/477/7070/6508/91404/808/9497/9651/59283/55799/123041/57578/64116/57282/55676/2823/4514/27133/3760/8065/4715/2892/56479/610/51185/57130/65268/498/10632/54997/6376/79751/84286/781/55967/7226/9016/6330/2556/6553/4711/51719/1346/54946/7416/206358/1184/537/6327/8604/3763/4725/4698/23507/5310/6539/119559/57628/9196/844/84679/9498/5250/57210/374291/2560/9465/527/23530/10159/488/2273/30819/5532/5332/57463/6505/2185/286097/9377/1141/785/728215/10367/23017/2562/2891/2281/11261/6529/2743/56704/4714/491/782/516/8514/79085/23228/801/4719/535/3708/7220/3767/7991/441027/7419/10479/5144/7341/6324/805/5581/6833/283537/3749/9177/51382/23400/3737/23415/2257/5530/23236/133308/490/29979/8001/784/5534/9495/6334,
GO:0007566,embryo implantation,28,0.705431240207465,1.97702302563922,0.00020558373404614,0.00433781678837355,0.00233172634827646,1068,"tags=43%, list=11%, signal=38%",7422/2201/4313/5125/3690/6159/8614/811/27161/6781/682/4087,0.518848077743792
GO:0050864,regulation of B cell activation,46,0.639465615549723,1.97477203546236,7.98234275889429e-05,0.0022308269167241,0.00119914651861548,1289,"tags=30%, list=13%, signal=27%",4323/678/196/677/79155/4773/54440/3592/11314/121260/10451/975/7494/6688,0.538434096309916
GO:1902106,negative regulation of leukocyte differentiation,49,0.639166597558929,1.97407742721253,6.95307818348807e-05,0.00206441978930439,0.00110969694006585,1311,"tags=31%, list=14%, signal=27%",7130/4609/4057/3956/301/5914/4192/9444/714/865/10221/84695/1021/55365/864,0.538434096309916
GO:0002520,immune system development,43,0.642716438055313,1.97379048839582,0.000122439182651635,0.00302159854263098,0.00162421358012405,1939,"tags=44%, list=20%, signal=36%",10630/7157/3133/23397/10758/3148/3106/64332/5130/8772/8888/121260/10051/78996/5591/3965/7040/2302/2494,0.518848077743792
GO:0050806,positive regulation of synaptic transmission,75,-0.671988308433135,-1.97259753947189,9.30922289115198e-07,7.85698412013227e-05,4.22340033816212e-05,1616,"tags=44%, list=17%, signal=37%",2043/2905/148/22986/5590/10636/808/59283/6812/2892/84062/51201/2932/729956/9498/22930/8564/6804/2185/286097/9378/816/27065/10769/801/9746/112755/805/10858/5530/107/27020/9495,0.659444398037935
GO:0046634,regulation of alpha-beta T cell activation,47,0.637763930895758,1.96497795967073,4.85651963195022e-05,0.00154094081555112,0.00082830891115214,1311,"tags=32%, list=14%, signal=28%",3133/3956/301/5914/57045/865/64332/84695/3592/3958/11314/3105/975/6046/864,0.557332238758646
GO:0007062,sister chromatid cohesion,39,0.669899231311511,1.95821986246172,4.64526996550111e-05,0.00150855432345929,0.000810900053050714,1166,"tags=38%, list=12%, signal=34%",1663/157570/11044/113130/83903/9555/3835/91272/5347/9700/2237/8243/5518/10274/9985,0.557332238758646
GO:0031640,killing of cells of another organism,22,0.738990589464456,1.95560215638176,0.000265079954016722,0.0051550110873298,0.00277099650916586,1091,"tags=45%, list=11%, signal=40%",8970/6223/4057/4814/6156/2635/54210/2150/3958/3151,0.49849310876659
GO:0141061,disruption of cell in another organism,22,0.738990589464456,1.95560215638176,0.000265079954016722,0.0051550110873298,0.00277099650916586,1091,"tags=45%, list=11%, signal=40%",8970/6223/4057/4814/6156/2635/54210/2150/3958/3151,0.49849310876659
GO:0019827,stem cell population maintenance,73,0.594159688844138,1.95512935376503,9.17769811776775e-06,0.00044011234155659,0.000236575584694975,2164,"tags=47%, list=22%, signal=36%",86/26147/678/182/8324/4609/9274/6662/8091/4017/3065/388585/8451/6599/6605/6760/6598/65980/58516/6602/25942/51742/23019/5928/60/54623/8819/2494/25855/6657/3621/23318/8289/56339,0.593325476396405
GO:0045619,regulation of lymphocyte differentiation,91,0.568596472994721,1.95051907201626,5.92204469129745e-06,0.000324558812951627,0.000174461571948591,1311,"tags=25%, list=14%, signal=22%",4323/86/678/677/3956/301/5914/4192/865/11221/64332/84695/6599/6605/2175/6598/29117/6046/7494/6688/6603/6602/864,0.610526878385931
GO:0030199,collagen fibril organization,28,0.695865586113106,1.95021457525887,0.000281428098455716,0.00530190435483537,0.00284995671401942,1307,"tags=39%, list=13%, signal=34%",871/5352/4015/7837/649/4017/4921/84695/1289/11173/10491,0.49849310876659
GO:0061337,cardiac conduction,36,-0.750645975086866,-1.94603148006391,1.69991096184133e-05,0.000732002475405143,0.000393476613277098,1299,"tags=47%, list=13%, signal=41%",477/6508/808/3760/781/6330/6327/488/6714/491/801/7220/5144/6324/805/490/57731,0.575610261071129
GO:0010543,regulation of platelet activation,20,0.765325451034903,1.93823901673919,0.000275810146050843,0.0052666009788894,0.00283097993009969,630,"tags=35%, list=6%, signal=33%",10630/9289/114897/81542/348/5154/928,0.49849310876659
GO:0061644,protein localization to CENP-A containing chromatin,12,0.850167411701618,1.9366039349724,0.000209385105664502,0.00437428290051583,0.00235132814306163,579,"tags=67%, list=6%, signal=63%",8970/8359/8365/8335/8363/3012/8366/8361,0.518848077743792
GO:0010463,mesenchymal cell proliferation,10,0.887927231952298,1.93647233849688,6.82415092212724e-05,0.00206441978930439,0.00110969694006585,566,"tags=50%, list=6%, signal=47%",6909/4609/6662/5154/655,0.538434096309916
GO:0070050,neuron cellular homeostasis,29,-0.753330740919704,-1.93268822763405,0.000130295647279954,0.00313335310232153,0.00168428551586576,1179,"tags=45%, list=12%, signal=39%",26059/6376/84286/537/527/10159/793/785/535/4130/9256/51382/9899,0.518848077743792
GO:0140253,cell-cell fusion,45,0.652290580409999,1.92817993375828,3.03722028179309e-05,0.00111452779036233,0.000599097182167668,2229,"tags=56%, list=23%, signal=43%",8038/6159/8837/6132/6170/6157/6156/54209/25873/10938/928/6161/6147/6134/975/6142/6137/6130/30846/6173/7311/6124/6169/9349/7305,0.575610261071129
GO:0051276,chromosome organization,348,0.477007398052589,1.92792614486942,1e-10,3.01428571428571e-08,1.62028268230956e-08,1865,"tags=36%, list=19%, signal=30%",86/29128/1663/7157/8359/9055/10783/9212/9319/8365/4609/8110/641/54892/157570/11044/7011/29893/9274/4000/3021/8363/1017/328/332/113130/83903/8091/8350/3006/8366/23397/57650/10460/3148/9555/11130/3008/81620/3007/8361/4439/3835/90417/91272/4798/10403/7517/5347/7756/84444/9700/2237/5981/8968/3978/4751/6599/8243/6605/5518/891/55355/26277/3005/6598/64946/256364/10274/4926/64421/29117/51203/9401/10051/9031/55839/9985/26065/147841/56992/6603/7175/8368/7156/100134934/6602/8899/11004/3009/9918/26271/55063/8355/2491/3183/23212/85456/401541/3304/4678/8360/22985/23137/23353/5591/55755/8356/8354/10615/2177/4928/7012/9735/5119/9787/60/4085/5371/983/84861/92345/3833/79643,
GO:0051480,regulation of cytosolic calcium ion concentration,28,-0.7600814820994,-1.92227886713893,6.90552115790841e-05,0.00206441978930439,0.00110969694006585,512,"tags=29%, list=5%, signal=27%",793/785/491/3708/7220/9256/490/9899,0.538434096309916
GO:0006887,exocytosis,189,-0.582830906855515,-1.92171314326215,2.66041030582038e-08,3.80213444032186e-06,2.04377858418312e-06,1323,"tags=31%, list=14%, signal=27%",376267/57102/808/23086/9515/9066/23233/26059/6812/9545/306/149371/84062/27445/9024/63908/9522/23025/10497/9783/9912/11069/9498/8492/22930/261729/10079/22895/5532/6804/9900/785/8448/5864/80223/8867/112476/6855/55207/8766/84961/93664/200933/192683/84446/54536/112755/9699/23400/5530/6861/8541/326624/23167/9899/5413/5058/22841,0.73376198835648
GO:0043370,"regulation of CD4-positive, alpha-beta T cell differentiation",25,0.706685513145423,1.92070757313158,0.000822262628870091,0.0112129803430815,0.00602736422127047,1311,"tags=32%, list=14%, signal=28%",3956/301/5914/865/64332/84695/6046/864,0.477270815362862
GO:1904062,regulation of monoatomic cation transmembrane transport,113,-0.615557475266526,-1.91937200971163,5.47787214782867e-07,5.63820011313097e-05,3.03072729947457e-05,1773,"tags=42%, list=18%, signal=34%",7881/288/3781/342667/6786/130507/30818/84502/2905/23479/477/7070/91404/808/65268/54997/6376/781/51719/7416/57628/9196/844/9465/2273/30819/5532/57463/2185/2281/11261/56704/782/8514/801/7220/5144/7341/6324/805/5581/2257/5530/29979/784/5534/9495,0.659444398037935
GO:0070269,pyroptotic inflammatory response,19,0.760489884979312,1.91913969714595,0.000350180638666451,0.0061064557651753,0.00328243088560286,1563,"tags=53%, list=16%, signal=44%",4814/54209/2635/1660/22900/834/837/1687/91039/79792,0.49849310876659
GO:0034242,negative regulation of syncytium formation by plasma membrane fusion,27,0.699562270465165,1.91813442290153,0.000968272888163245,0.0125340846259169,0.00673750340311986,2225,"tags=67%, list=23%, signal=52%",6159/8837/6132/6170/6157/6156/25873/6161/6147/6134/6142/6137/6130/6173/7311/6124/6169/9349,0.477270815362862
GO:0034765,regulation of monoatomic ion transmembrane transport,119,-0.610418523374381,-1.91552892746983,9.73662348870768e-07,7.96754570056068e-05,4.28283100634593e-05,1919,"tags=44%, list=20%, signal=35%",776/287/7225/134145/7881/288/3781/342667/6786/130507/30818/84502/2905/23479/477/7070/91404/808/51185/65268/54997/6376/781/51719/7416/57628/9196/844/9465/2273/30819/5532/57463/2185/2281/11261/56704/782/8514/801/7220/5144/7341/6324/805/5581/2257/5530/29979/784/5534/9495,0.643551836150722
GO:0051965,positive regulation of synapse assembly,28,-0.756827106799724,-1.91404841157379,8.41425815867559e-05,0.00229887716351983,0.0012357258766662,556,"tags=36%, list=6%, signal=34%",57463/347731/64218/1946/22865/9378/26050/9746/80059/27067,0.538434096309916
GO:0035886,vascular associated smooth muscle cell differentiation,11,0.872615336014759,1.91339909869571,0.000218212647910688,0.00447018142807332,0.00240287691387787,576,"tags=45%, list=6%, signal=43%",7422/133/23493/9444/4773,0.518848077743792
GO:0060291,long-term synaptic potentiation,43,-0.703774048819538,-1.9133298005963,5.77408732930578e-05,0.0018179328878682,0.000977201717094644,1348,"tags=40%, list=14%, signal=34%",5590/10636/808/2892/51201/2932/729956/2185/816/27065/10769/801/805/10858/107/27020/9495,0.557332238758646
GO:0060078,regulation of postsynaptic membrane potential,65,-0.65729757902609,-1.9129107387892,2.31813006134258e-05,0.000922878194232613,0.000496078904832869,1816,"tags=51%, list=19%, signal=42%",23613/3775/5071/57030/2905/22999/5590/2894/5728/2911/84866/2892/2932/50944/2556/10497/6785/23542/22930/2560/6804/2185/1141/2562/2891/9378/2743/401190/112755/9699/9177/3737/8001,0.575610261071129
GO:0023061,signal release,204,-0.568293053100963,-1.9056755431032,5.9004205239034e-08,7.78117956589761e-06,4.18265277203575e-06,1208,"tags=32%, list=12%, signal=28%",222183/9066/26059/6812/4760/84062/27445/2781/79751/2029/9024/781/63908/23025/10497/1408/226/9783/65985/25924/11069/9498/22930/8564/8655/22895/5532/6804/7260/286097/9900/1141/785/8448/9572/2775/5864/80223/8867/1946/112476/9378/6855/84961/93664/6447/200933/84446/79772/3767/2044/9256/112755/9699/6833/3737/5530/6861/8541/133308/23167/5567/9899/5413/22841,0.719512826338911
GO:1901740,negative regulation of myoblast fusion,26,0.716346825448557,1.90512137463441,0.000352022383196449,0.00611331052300007,0.00328611555469121,2225,"tags=69%, list=23%, signal=53%",6159/8837/6132/6170/6157/6156/25873/6161/6147/6134/6142/6137/6130/6173/7311/6124/6169/9349,0.49849310876659
GO:0045621,positive regulation of lymphocyte differentiation,61,0.601115445952162,1.90488377198472,2.76128645449388e-05,0.00105932989436038,0.000569426406577942,1311,"tags=30%, list=14%, signal=26%",4323/86/301/5914/4192/865/11221/64332/6599/6605/6598/29117/6046/7494/6688/6603/6602/864,0.575610261071129
GO:0034134,toll-like receptor 2 signaling pathway,10,0.87180792638164,1.9013178931436,0.000215055319840649,0.00444369750854499,0.0023886408923992,600,"tags=50%, list=6%, signal=47%",3654/54209/1535/79155/2150,0.518848077743792
GO:0141060,disruption of anatomical structure in another organism,25,0.699474563202314,1.90110886068089,0.00114819700605657,0.0141304646855386,0.00759561282278461,1091,"tags=40%, list=11%, signal=36%",8970/6223/4057/4814/6156/2635/54210/2150/3958/3151,0.45505986738723
GO:0030198,extracellular matrix organization,120,0.528404268114951,1.9010286752953,4.71199309279912e-06,0.00026871095745422,0.000144441420681007,1307,"tags=29%, list=13%, signal=26%",4323/871/10630/4313/5352/4015/7837/8837/4147/285590/151887/4327/649/6624/23187/7132/3915/4017/6774/4921/255743/1605/3037/780/84695/55959/4643/56999/5328/8751/5329/10516/1289/11173/10491,0.610526878385931
GO:0043062,extracellular structure organization,120,0.528404268114951,1.9010286752953,4.71199309279912e-06,0.00026871095745422,0.000144441420681007,1307,"tags=29%, list=13%, signal=26%",4323/871/10630/4313/5352/4015/7837/8837/4147/285590/151887/4327/649/6624/23187/7132/3915/4017/6774/4921/255743/1605/3037/780/84695/55959/4643/56999/5328/8751/5329/10516/1289/11173/10491,0.610526878385931
GO:0045229,external encapsulating structure organization,120,0.528404268114951,1.9010286752953,4.71199309279912e-06,0.00026871095745422,0.000144441420681007,1307,"tags=29%, list=13%, signal=26%",4323/871/10630/4313/5352/4015/7837/8837/4147/285590/151887/4327/649/6624/23187/7132/3915/4017/6774/4921/255743/1605/3037/780/84695/55959/4643/56999/5328/8751/5329/10516/1289/11173/10491,0.610526878385931
GO:0046928,regulation of neurotransmitter secretion,46,-0.709654719780731,-1.90035541394116,2.41485653668395e-05,0.000952401363066006,0.000511948627786117,1259,"tags=46%, list=13%, signal=40%",808/6812/84062/9783/9498/22930/8564/6804/286097/785/5864/84961/200933/79772/9256/112755/9699/5530/6861/9899/5413,0.575610261071129
GO:2000514,"regulation of CD4-positive, alpha-beta T cell activation",32,0.660661551030683,1.89881499131499,0.000560798529507097,0.00870062424455863,0.00467688604365817,1622,"tags=34%, list=17%, signal=29%",3956/301/5914/57045/865/64332/84695/975/6046/864/3965,0.477270815362862
GO:0048168,regulation of neuronal synaptic plasticity,29,-0.739998557181264,-1.89848418794694,0.000229998174401413,0.00464398227738738,0.00249630087331862,1144,"tags=48%, list=12%, signal=43%",57282/51201/729993/22930/5864/6855/816/8766/9513/79772/23154/9148/8541/27020,0.518848077743792
GO:0071870,cellular response to catecholamine stimulus,29,-0.739670012293514,-1.89764129809483,0.000234464019404182,0.00468172326621488,0.00251658795835526,1052,"tags=34%, list=11%, signal=31%",84062/333/2932/9630/6505/5064/2775/10681/9177/2774,0.518848077743792
GO:0002762,negative regulation of myeloid leukocyte differentiation,24,0.709001397285809,1.89034474965049,0.000497162952095145,0.00800773915206683,0.00430443637477834,1148,"tags=33%, list=12%, signal=29%",7130/4609/4057/5914/9444/714/10221/1021,0.477270815362862
GO:0034762,regulation of transmembrane transport,179,-0.5743864695434,-1.89024225975418,1.05295327320175e-07,1.20093589538146e-05,6.45544523078364e-06,1931,"tags=39%, list=20%, signal=32%",50488/776/287/7225/134145/7881/288/3781/342667/6786/130507/30818/84502/2905/9481/23479/26060/3208/477/7070/91404/808/59283/10550/254263/51185/65268/6248/54997/6376/781/51719/1612/7416/114882/5295/57628/9196/844/10580/9465/23596/2273/30819/5532/57463/2185/10776/2281/11261/56704/124935/9847/782/8514/801/7220/80863/5144/5797/7341/6324/805/5581/2257/5530/29979/784/5534/9495,0.704975715167238
GO:0006812,monoatomic cation transport,471,-0.532810962561083,-1.88713594124856,1e-10,3.01428571428571e-08,1.62028268230956e-08,1705,"tags=33%, list=18%, signal=29%",3781/342667/54795/6786/6538/130507/521/26249/30818/151258/84502/57030/513/2905/777/4513/9481/81539/90134/137994/162514/509/23479/6323/1213/23413/6326/477/7070/91404/808/9497/9651/59283/55799/123041/57578/64116/57282/55676/2823/4514/27133/3760/8065/4715/56479/610/57130/65268/498/10632/54997/6376/79751/84286/781/55967/7226/9016/6330/6553/4711/51719/1346/54946/7416/206358/151651/537/6327/8604/3763/4725/4698/5310/6539/57628/9196/844/84679/9498/5250/261729/57210/374291/9465/527/23530/10159/488/2273/30819/5532/5332/51310/57463/6505/2185/286097/9377/9456/1141/785/728215/10367/80762/23017/2891/2281/11261/6529/816/4985/56704/4714/491/782/516/8514/79085/23228/801/4719/535/3708/7220/3767/7991/441027/10479/5144/7341/6324/805/5581/6833/283537/3749/9177/51382/23400/3737/23415/2257/5530/23236/7533/133308/490/29979/57731/784/5534/9495/6334,
GO:0071168,protein localization to chromatin,45,0.637421506016947,1.88422674519587,6.78400637355523e-05,0.00206441978930439,0.00110969694006585,1299,"tags=40%, list=13%, signal=35%",8970/29128/8359/9212/8365/8335/8363/1017/3012/84515/8366/8361/221496/5347/8019/6046/6688/8368,0.538434096309916
GO:0034766,negative regulation of monoatomic ion transmembrane transport,33,-0.731300854246706,-1.88407316025691,0.000158850054041313,0.00360401735513086,0.00193728380809627,1739,"tags=52%, list=18%, signal=42%",288/130507/23479/477/91404/808/51185/51719/7416/5532/2281/801/805/5581/5530/29979/5534,0.518848077743792
GO:0048169,regulation of long-term neuronal synaptic plasticity,11,-0.904173912878074,-1.88299558520419,3.92638198262603e-05,0.00133623644892596,0.000718273243775301,370,"tags=55%, list=4%, signal=53%",6855/816/8766/9513/9148/27020,0.557332238758646
GO:0048145,regulation of fibroblast proliferation,31,0.667363980314524,1.88258261554991,0.000425573142569074,0.00704281828094703,0.00378575807900007,2185,"tags=55%, list=23%, signal=43%",7157/1019/4609/8877/5154/4921/1660/358/11314/84875/1021/2335/56034/5371/2495/890/5156,0.49849310876659
GO:0007369,gastrulation,46,0.608793956719943,1.88005305032001,0.000301381670977311,0.0055538456398439,0.00298538385655056,2005,"tags=54%, list=21%, signal=43%",4323/4313/10399/1846/3690/8324/8091/9555/8862/5598/7358/27031/8019/4087/1289/1847/2335/3675/286204/54623/79971/56983/1295/26011/6657,0.49849310876659
GO:0051588,regulation of neurotransmitter transport,54,-0.656869092234785,-1.87025714422907,0.000149137321720731,0.00342043205250808,0.00183860036705534,1502,"tags=44%, list=15%, signal=38%",140730/22999/477/808/6812/84062/9783/9498/22930/8564/6804/286097/785/5864/84961/200933/79772/9256/112755/9699/5530/6861/9899/5413,0.518848077743792
GO:0071868,cellular response to monoamine stimulus,31,-0.73631542459258,-1.86864235702983,0.000187528008138575,0.00403319166834101,0.00216797982476478,1052,"tags=32%, list=11%, signal=29%",84062/333/2932/9630/6505/5064/2775/10681/9177/2774,0.518848077743792
GO:0034764,positive regulation of transmembrane transport,77,-0.627777421802678,-1.86849925771215,1.71938119812612e-05,0.000732907945059822,0.000393963334490645,1051,"tags=30%, list=11%, signal=27%",65268/54997/6376/114882/5295/844/10580/9465/23596/2273/30819/5532/57463/10776/11261/9847/7220/5797/6324/5530/784/5534/9495,0.575610261071129
GO:0070828,heterochromatin organization,144,0.499666256969098,1.86785522554976,3.56163052100149e-06,0.000217827257951106,0.000117089674718108,2013,"tags=36%, list=21%, signal=29%",90853/26147/29128/3014/8334/8335/4000/3021/1017/3012/8091/8350/3006/4017/1912/3065/9555/23133/317772/11335/4001/84444/8329/54107/8968/6839/3005/8969/3013/8336/29890/64783/8332/7175/25942/57332/8355/11177/85235/8493/8356/8354/5928/2146/1786/983/8330/4149/84733/653604/8353/55051,0.627256739718528
GO:1903350,response to dopamine,25,-0.75410981130495,-1.86776638120847,0.000460844628104842,0.00750874258919858,0.0040362084873171,1052,"tags=36%, list=11%, signal=32%",84062/2932/9630/6505/5064/2775/10681/9177/2774,0.49849310876659
GO:1903351,cellular response to dopamine,25,-0.75410981130495,-1.86776638120847,0.000460844628104842,0.00750874258919858,0.0040362084873171,1052,"tags=36%, list=11%, signal=32%",84062/2932/9630/6505/5064/2775/10681/9177/2774,0.49849310876659
GO:2000179,positive regulation of neural precursor cell proliferation,14,0.793297869171698,1.86605957004002,0.00159553532431532,0.0176723335134137,0.00949948965092332,484,"tags=36%, list=5%, signal=34%",7422/2771/27185/4192/10763,0.45505986738723
GO:0038093,Fc receptor signaling pathway,24,-0.783649290188037,-1.86516589598483,7.6697555662228e-05,0.00218691678982839,0.00117554330879037,447,"tags=21%, list=5%, signal=20%",6714/5581/5601/5058/6416,0.538434096309916
GO:0044319,"wound healing, spreading of cells",22,0.704803782654387,1.86513308401369,0.00109967989697362,0.0138114558488948,0.00742413455479295,601,"tags=36%, list=6%, signal=34%",10630/3690/6239/389/10979/977/960/780,0.45505986738723
GO:0090505,epiboly involved in wound healing,22,0.704803782654387,1.86513308401369,0.00109967989697362,0.0138114558488948,0.00742413455479295,601,"tags=36%, list=6%, signal=34%",10630/3690/6239/389/10979/977/960/780,0.45505986738723
GO:0030001,metal ion transport,368,-0.534094007767117,-1.86022108673628,1e-10,3.01428571428571e-08,1.62028268230956e-08,1663,"tags=32%, list=17%, signal=28%",6786/6538/130507/26249/30818/151258/84502/57030/2905/777/81539/90134/137994/162514/23479/6323/1213/23413/6326/477/7070/91404/808/9497/9651/59283/55799/123041/57578/64116/57282/55676/2823/27133/3760/8065/56479/610/57130/65268/54997/6376/84286/781/7226/6330/6553/51719/54946/7416/151651/6327/3763/5310/6539/57628/9196/844/84679/9498/261729/9465/488/2273/30819/5532/5332/51310/57463/6505/2185/286097/9456/1141/785/728215/10367/80762/23017/2281/11261/6529/816/4985/56704/491/782/8514/79085/23228/801/3708/7220/3767/7991/10479/5144/7341/6324/805/5581/6833/283537/3749/9177/3737/23415/2257/5530/23236/7533/133308/490/29979/57731/784/5534/9495/6334,
GO:0098900,regulation of action potential,32,-0.719374469293725,-1.86018026909618,0.000266554094338896,0.00515990035830339,0.00277362466118545,1891,"tags=50%, list=20%, signal=40%",285175/287/54795/148/6508/808/57578/781/388591/488/1141/728215/801/7341/2257/784,0.49849310876659
GO:0002011,morphogenesis of an epithelial sheet,28,0.663477577193829,1.85944479396993,0.000860559792406507,0.0114761890850713,0.00616884801109751,601,"tags=32%, list=6%, signal=30%",10630/3690/6239/389/10979/977/960/655/780,0.477270815362862
GO:0048146,positive regulation of fibroblast proliferation,18,0.749480906433311,1.85716520214491,0.00107013450854007,0.0136023121266238,0.00731171258042486,2185,"tags=72%, list=23%, signal=56%",1019/4609/8877/5154/4921/1660/358/1021/2335/56034/5371/890/5156,0.45505986738723
GO:0060048,cardiac muscle contraction,58,-0.651617681268906,-1.85709653668651,0.00014333313641998,0.00336036575384619,0.00180631265688538,1705,"tags=40%, list=18%, signal=33%",3781/54795/84502/148/6323/6326/477/808/3760/781/6330/388591/6327/488/2281/56704/801/5144/7341/6324/805/2257/6334,0.518848077743792
GO:0052652,cyclic purine nucleotide metabolic process,25,-0.749644554438905,-1.85670690879101,0.000543132067609786,0.00861660648614021,0.0046317235966059,1198,"tags=44%, list=12%, signal=39%",108/10846/5143/5141/2977/2983/27115/5144/5138/10900/107,0.477270815362862
GO:0086001,cardiac muscle cell action potential,42,-0.694906223318129,-1.8555632854833,0.000121969963029752,0.00302159854263098,0.00162421358012405,1919,"tags=52%, list=20%, signal=42%",776/287/288/3781/54795/6323/6326/477/6508/808/3760/610/781/6330/388591/6327/488/30819/801/6324/2257/6334,0.538434096309916
GO:1904063,negative regulation of cation transmembrane transport,31,-0.730982905131114,-1.85510933652996,0.000235195576407004,0.00468172326621488,0.00251658795835526,1739,"tags=52%, list=18%, signal=42%",288/130507/23479/477/91404/808/51719/7416/5532/2281/801/805/5581/5530/29979/5534,0.518848077743792
GO:0009617,response to bacterium,225,0.470587901627024,1.85328940592724,7.40766066067733e-08,9.47282666304798e-06,5.09197151481508e-06,1087,"tags=24%, list=11%, signal=22%",8348/8970/7431/133/2149/8342/6223/9261/8344/196/8343/4057/57674/3133/8347/3654/6170/5914/6156/8341/54209/1535/7132/79155/2635/2197/3148/8339/117854/54210/3017/8349/2896/3106/358/2150/8346/55829/64332/10616/10221/3592/3105/7855/22904/5970/23729/4940/19/85363/22900/7412/834/2353/706,0.704975715167238
GO:1903053,regulation of extracellular matrix organization,31,0.656137393110202,1.85091327389192,0.000592616366667526,0.00890236420523287,0.0047853282404483,1178,"tags=35%, list=12%, signal=31%",10630/8837/6624/7132/3915/6774/4921/3037/780/5328/5329,0.477270815362862
GO:0099565,"chemical synaptic transmission, postsynaptic",51,-0.657058311388242,-1.85069070220804,0.000291778817232348,0.00544825933062171,0.00292862756848175,1816,"tags=47%, list=19%, signal=38%",23613/5071/57030/2905/22999/5590/5728/84866/2932/50944/10497/6785/23542/22930/6804/2185/1141/2562/9378/2743/112755/9699/9177/8001,0.49849310876659
GO:0017156,calcium-ion regulated exocytosis,32,-0.71560079300871,-1.85042218277678,0.000324791556166742,0.0058496666853522,0.00314439788592016,1205,"tags=56%, list=12%, signal=49%",9066/6812/23025/10497/9783/22930/22895/5532/6804/8448/5864/55207/93664/192683/112755/9699/5530/6861,0.49849310876659
GO:0071867,response to monoamine,32,-0.715409506670638,-1.84992754877597,0.000333751183099808,0.0059427425851527,0.00319442939682584,1052,"tags=31%, list=11%, signal=28%",84062/333/2932/9630/6505/5064/2775/10681/9177/2774,0.49849310876659
GO:0031507,heterochromatin formation,139,0.496090514514696,1.84774355429948,8.95707485607218e-06,0.000434469607961202,0.000233542420492205,2013,"tags=36%, list=21%, signal=29%",90853/26147/29128/3014/8334/8335/4000/3021/1017/3012/8091/8350/3006/1912/3065/9555/23133/317772/11335/4001/84444/8329/54107/8968/6839/3005/8969/3013/8336/29890/64783/8332/7175/25942/57332/8355/11177/85235/8493/8356/8354/5928/2146/1786/8330/4149/84733/653604/8353/55051,0.593325476396405
GO:0045622,regulation of T-helper cell differentiation,21,0.707976221864519,1.84762728963544,0.00240891818093068,0.0234231214827822,0.0125907368118149,1100,"tags=29%, list=11%, signal=25%",3956/301/5914/64332/84695/6046,0.431707695803346
GO:0042274,ribosomal small subunit biogenesis,75,0.54364149463,1.84641404225315,0.000130680129385921,0.00313335310232153,0.00168428551586576,2294,"tags=35%, list=24%, signal=27%",6210/6203/6223/6202/2197/6205/6209/6230/153443/11056/64434/6227/6194/23212/128061/5591/51077/25879/10436/27341/55720/51602/25926/84916/5134/8780,0.518848077743792
GO:0071869,response to catecholamine,30,-0.718600841489896,-1.84625453290426,0.000606707502207343,0.00901516077223586,0.00484596029111051,1052,"tags=33%, list=11%, signal=30%",84062/333/2932/9630/6505/5064/2775/10681/9177/2774,0.477270815362862
GO:0042113,B cell activation,102,0.533475403894162,1.84554371898585,2.06943441432852e-05,0.000846878189170277,0.000455226277135922,1289,"tags=25%, list=13%, signal=21%",4323/3955/678/196/677/79155/23397/6774/10758/4773/54440/718/64332/5130/3592/11314/4242/7412/121260/10451/975/10051/1316/7494/6688,0.575610261071129
GO:0017148,negative regulation of translation,90,0.535496093836178,1.84520729450461,4.23361855515616e-05,0.00141792621450468,0.000762184314269327,1664,"tags=36%, list=17%, signal=30%",1978/678/85451/10399/8994/677/3488/5914/1611/9444/9775/811/27161/6470/7866/10644/23191/115416/192669/26065/23513/7298/1981/3692/4691/23034/7175/2597/3609/23019/10643/8637,0.557332238758646
GO:0048534,hematopoietic or lymphoid organ development,10,0.845232850357176,1.84336055411517,0.000951884619231511,0.0123980033739413,0.00666435503005156,860,"tags=50%, list=9%, signal=46%",10630/7157/10758/64332/8772,0.477270815362862
GO:0090504,epiboly,23,0.696963898346099,1.84191850179429,0.00123254440727487,0.0146104983109549,0.00785364747640159,601,"tags=35%, list=6%, signal=33%",10630/3690/6239/389/10979/977/960/780,0.45505986738723
GO:0050818,regulation of coagulation,27,0.67160944566121,1.84149038742753,0.00250003850805156,0.024087129004515,0.0129476637890049,1178,"tags=44%, list=12%, signal=39%",2149/308/114897/81542/348/196527/5154/2150/928/7057/5328/5329,0.431707695803346
GO:0000819,sister chromatid segregation,154,0.490890775266003,1.84104322927862,2.02360376505748e-06,0.000139993571943321,7.52513801791916e-05,2178,"tags=45%, list=22%, signal=36%",86/29128/9055/10783/9212/9319/8110/54892/11044/9274/3021/332/83903/23397/10460/11130/81620/3835/90417/91272/10403/7517/5347/7756/9700/6599/8243/6605/891/6598/256364/10274/4926/29117/51203/10051/9031/26065/147841/56992/6603/7175/6602/8899/11004/9918/26271/2491/23212/3304/55755/10615/9735/5119/9787/60/4085/983/84861/3833/79643/8881/91782/54908/5501/6604/29127/8289/27183/57082,0.627256739718528
GO:0051983,regulation of chromosome segregation,95,0.527092965448268,1.84001637291504,5.81566208204283e-05,0.0018179328878682,0.000977201717094644,1889,"tags=43%, list=19%, signal=35%",86/10783/9212/9319/8110/54892/9274/332/83903/23397/10460/11130/56852/10403/7517/5347/7756/9700/6599/6605/891/6598/4926/29117/10051/147841/6603/7175/6602/8899/11004/26271/23137/55755/9735/9787/60/4085/983/84861/8881,0.557332238758646
GO:0071805,potassium ion transmembrane transport,77,-0.618129358414589,-1.83978303018801,4.38683123809396e-05,0.0014462834238091,0.000777427293704496,1958,"tags=44%, list=20%, signal=36%",3751/776/287/7881/3775/288/3781/30818/57030/90134/477/123041/27133/3760/56479/610/84286/6553/51719/3763/57628/9196/84679/9465/2273/30819/57463/8514/3767/10479/6833/3749/3737/23415,0.557332238758646
GO:0015986,proton motive force-driven ATP synthesis,49,-0.659729735067341,-1.83606755340703,0.000280414156970892,0.00530190435483537,0.00284995671401942,2485,"tags=59%, list=26%, signal=44%",4702/4707/4508/4694/4705/4729/4722/4723/134145/521/93974/513/6391/509/84833/4715/498/10632/55967/4711/4725/4698/374291/527/4706/4714/516/4719/9556,0.49849310876659
GO:0048144,fibroblast proliferation,33,0.644405766854948,1.83562723805945,0.000932060309283012,0.0121773823689607,0.00654576361981145,2185,"tags=52%, list=23%, signal=40%",7157/1019/4609/8877/5154/4921/1660/358/11314/84875/1021/2335/56034/5371/2495/890/5156,0.477270815362862
GO:0046636,negative regulation of alpha-beta T cell activation,19,0.727278151314193,1.8353279887371,0.00115513823676969,0.0141304646855386,0.00759561282278461,1622,"tags=47%, list=17%, signal=40%",3956/301/57045/865/84695/3958/11314/864/3965,0.45505986738723
GO:0043271,negative regulation of monoatomic ion transport,42,-0.687222468560855,-1.83504585054916,0.000176910132343706,0.00389008126589426,0.00209105304053731,1299,"tags=36%, list=13%, signal=31%",477/91404/808/51185/51719/7416/5532/2185/2281/801/805/5581/5530/29979/5534,0.518848077743792
GO:0035821,modulation of process of another organism,59,0.575559504646328,1.83382994999225,0.000327137757759033,0.0058496666853522,0.00314439788592016,1204,"tags=31%, list=12%, signal=27%",6667/5479/4261/4057/7706/8812/348/8091/3065/2150/10410/3482/53349/22938/6598/85363/23076/10581,0.49849310876659
GO:0002698,negative regulation of immune effector process,45,0.61998928704552,1.83269686598091,0.00017190259981279,0.00381804721689461,0.00205233225120482,1967,"tags=44%, list=20%, signal=36%",6223/196/3133/5648/3956/301/2896/3106/84695/3958/11314/3105/1398/7009/6688/3965/7040/2302/100507436/5777,0.518848077743792
GO:0071385,cellular response to glucocorticoid stimulus,29,0.65788793494715,1.83028208749763,0.000843413820044065,0.0113350519763884,0.00609298194042398,741,"tags=31%, list=8%, signal=29%",678/6909/8837/10018/677/301/358/11335/6781,0.477270815362862
GO:1903170,negative regulation of calcium ion transmembrane transport,20,-0.783543056203765,-1.82683559948625,0.000525723906473375,0.00840361698983956,0.00451723438586711,1299,"tags=55%, list=13%, signal=48%",477/91404/808/7416/5532/2281/801/805/5530/29979/5534,0.477270815362862
GO:0007006,mitochondrial membrane organization,34,-0.715050240002531,-1.82637894079617,0.000264134632482605,0.0051550110873298,0.00277099650916586,475,"tags=24%, list=5%, signal=22%",10651/345778/10367/9804/65018/400916/91137/137392,0.49849310876659
GO:0009187,cyclic nucleotide metabolic process,26,-0.731920765831221,-1.82622790102859,0.000547547775476532,0.00862183437504091,0.00463453376745689,1198,"tags=42%, list=12%, signal=37%",108/10846/5143/5141/2977/2983/27115/5144/5138/10900/107,0.477270815362862
GO:0021955,central nervous system neuron axonogenesis,17,-0.806899194346503,-1.82604816815008,0.000736312645005235,0.0104269777245708,0.00560486066595483,559,"tags=41%, list=6%, signal=39%",26128/9331/1141/9353/6324/57731/23077,0.477270815362862
GO:0046660,female sex differentiation,33,0.640689208787233,1.82504040663765,0.0010496144634197,0.0134212970574179,0.00721441072861922,567,"tags=27%, list=6%, signal=26%",4323/7422/4313/7130/4327/3625/8892/10184/1495,0.45505986738723
GO:0006813,potassium ion transport,81,-0.605634808831481,-1.82503290344217,9.80692820343614e-05,0.00250819618293942,0.00134824207930625,1958,"tags=44%, list=20%, signal=36%",3751/776/287/7881/3775/288/3781/30818/57030/90134/477/123041/27133/3760/56479/610/84286/6553/51719/3763/57628/9196/84679/9465/2273/30819/57463/2185/11261/8514/3767/10479/6833/3749/3737/23415,0.538434096309916
GO:0051926,negative regulation of calcium ion transport,25,-0.735689458187304,-1.82214316325352,0.00105244223719435,0.0134212970574179,0.00721441072861922,1299,"tags=44%, list=13%, signal=38%",477/91404/808/7416/5532/2281/801/805/5530/29979/5534,0.45505986738723
GO:0034763,negative regulation of transmembrane transport,56,-0.636928746392643,-1.82147566432171,0.000404012307252537,0.00681972774642283,0.00366583921133481,1299,"tags=30%, list=13%, signal=26%",477/91404/808/10550/51185/6248/51719/7416/5532/2281/124935/801/805/5581/5530/29979/5534,0.49849310876659
GO:1903169,regulation of calcium ion transmembrane transport,61,-0.625126109605933,-1.82117037461366,0.000294468792716513,0.00547426566195456,0.00294260686980986,1299,"tags=36%, list=13%, signal=31%",477/7070/91404/808/6376/781/7416/844/5532/2185/2281/56704/782/801/7220/5144/7341/805/5530/29979/5534/9495,0.49849310876659
GO:0006310,DNA recombination,182,0.484258417311983,1.82049790622533,8.31376327870277e-07,7.4646980927927e-05,4.01253304923926e-05,1901,"tags=33%, list=20%, signal=27%",86/29128/3838/3014/9319/2521/641/7011/29893/328/84515/3006/55159/23397/3148/3008/3007/4439/4798/7517/5347/64332/5130/6421/4171/5980/2237/27434/4841/84296/3978/55257/3005/121260/64421/4172/80314/65980/9401/4174/10051/9985/375757/23503/78996/7156/3009/55063/8089/23137/5591/2177/7040/146956/60/672/580/6502/10635/55010,0.659444398037935
GO:0001658,branching involved in ureteric bud morphogenesis,14,0.773203248100983,1.81879137304551,0.00320225884841006,0.028630365127734,0.015389810124771,1853,"tags=79%, list=19%, signal=64%",7422/9955/4609/6662/6608/255743/2246/2297/6299/7040/2247,0.431707695803346
GO:0045577,regulation of B cell differentiation,11,0.82813589896149,1.81586824947078,0.00138111173968023,0.0159162235508813,0.00855551989150822,241,"tags=27%, list=2%, signal=27%",4323/678/677,0.45505986738723
GO:0030073,insulin secretion,84,-0.606786494694141,-1.81421747164489,2.98928931158969e-05,0.00111449831562905,0.000599081338480497,1208,"tags=32%, list=12%, signal=28%",222183/9066/4760/2781/79751/2029/9024/781/226/65985/25924/11069/8655/5532/6804/7260/9572/2775/5864/1946/3767/2044/9699/6833/133308/5567/22841,0.575610261071129
GO:0045582,positive regulation of T cell differentiation,55,0.570945308050622,1.81301268810237,0.00061107091666706,0.00904813778363155,0.00486368657373379,1311,"tags=29%, list=14%, signal=25%",86/301/5914/4192/865/11221/64332/6599/6605/6598/29117/6046/7494/6603/6602/864,0.477270815362862
GO:0010959,regulation of metal ion transport,152,-0.561233937265448,-1.81257627316975,2.50893017078175e-06,0.000163742080653515,8.80170238643402e-05,1299,"tags=31%, list=13%, signal=27%",477/7070/91404/808/55676/65268/54997/6376/781/6330/51719/7416/151651/6327/57628/9196/844/9465/2273/30819/5532/57463/2185/9456/2281/11261/816/4985/56704/782/8514/801/7220/5144/7341/6324/805/5581/6833/2257/5530/7533/490/29979/57731/5534/9495,0.627256739718528
GO:0060675,ureteric bud morphogenesis,15,0.758512415964133,1.81047356764925,0.00347832458596822,0.0300174432572308,0.0161354125278818,1853,"tags=73%, list=19%, signal=59%",7422/9955/4609/6662/6608/255743/2246/2297/6299/7040/2247,0.431707695803346
GO:0072171,mesonephric tubule morphogenesis,15,0.758512415964133,1.81047356764925,0.00347832458596822,0.0300174432572308,0.0161354125278818,1853,"tags=73%, list=19%, signal=59%",7422/9955/4609/6662/6608/255743/2246/2297/6299/7040/2247,0.431707695803346
GO:0051984,positive regulation of chromosome segregation,21,0.693478097867863,1.80979109017355,0.00394197274709001,0.0328757410923317,0.01767184633744,1114,"tags=38%, list=11%, signal=34%",9212/54892/332/23397/56852/891/4926/10051,0.407017918923954
GO:0051851,host-mediated perturbation of symbiont process,58,0.566028941501017,1.80937032618681,0.000744325595525119,0.0105051973682809,0.00564690642608943,1204,"tags=29%, list=12%, signal=26%",6667/5479/4261/4057/7706/8812/348/8091/3065/10410/3482/53349/22938/6598/85363/23076/10581,0.477270815362862
GO:0007492,endoderm development,21,0.693039411948646,1.80864623805721,0.00394197274709001,0.0328757410923317,0.01767184633744,1398,"tags=52%, list=14%, signal=45%",4323/4313/1846/677/8091/3915/9555/8019/1289/1847/2335,0.407017918923954
GO:0045638,negative regulation of myeloid cell differentiation,45,0.610550929710129,1.80479695178883,0.000290079596592985,0.00544060398943287,0.00292451255818373,730,"tags=29%, list=8%, signal=27%",7130/8359/8365/4609/4057/677/5914/8363/8366/9444/8361/714/10221,0.49849310876659
GO:0070588,calcium ion transmembrane transport,141,-0.564912811111108,-1.80475442320554,8.29731064456389e-06,0.000419822834901317,0.000225669274085354,1299,"tags=31%, list=13%, signal=27%",477/7070/91404/808/9651/59283/55799/123041/2823/8065/6376/781/7226/7416/5310/844/488/5532/5332/2185/286097/785/728215/10367/23017/2281/56704/491/782/79085/23228/801/3708/7220/5144/7341/805/5530/23236/490/29979/784/5534/9495,0.593325476396405
GO:0007007,inner mitochondrial membrane organization,27,-0.709191683202031,-1.80463352820436,0.00226864529744719,0.0226864529744719,0.0121947520446905,475,"tags=26%, list=5%, signal=25%",10651/345778/10367/65018/400916/91137/137392,0.431707695803346
GO:0043269,regulation of monoatomic ion transport,170,-0.555840094153431,-1.80400697385274,1.26789952672849e-06,9.99404636720285e-05,5.37214510828639e-05,1299,"tags=29%, list=13%, signal=25%",477/7070/91404/808/55676/51185/65268/54997/6376/781/6330/51719/7416/151651/6327/57628/9196/844/9465/2273/30819/5532/57463/2185/9456/2281/11261/816/4985/56704/782/8514/801/7220/5144/7341/6324/805/5581/6833/2257/5530/7533/490/29979/57731/784/5534/9495,0.643551836150722
GO:0090330,regulation of platelet aggregation,13,0.775004253479446,1.80379138278183,0.00411461088776831,0.0339133944265279,0.0182296208442396,630,"tags=38%, list=6%, signal=36%",10630/9289/114897/81542/928,0.407017918923954
GO:0046545,development of primary female sexual characteristics,29,0.648140239512291,1.80316343795097,0.00119022956898607,0.0143918876249891,0.00773613668206663,567,"tags=31%, list=6%, signal=29%",4323/7422/4313/7130/4327/3625/8892/10184/1495,0.45505986738723
GO:0031571,mitotic G1 DNA damage checkpoint signaling,10,0.826596551704832,1.80271682168579,0.00274159759063253,0.0255963314877639,0.0137589122503294,528,"tags=60%, list=5%, signal=57%",7157/595/1017/55159/4582/163859,0.431707695803346
GO:0086009,membrane repolarization,26,-0.722276629444583,-1.80216465296567,0.00077760525206935,0.0108658747143466,0.0058407829570904,1958,"tags=58%, list=20%, signal=46%",3751/776/287/3781/477/123041/3760/781/6330/388591/6327/9465/30819/6324/784,0.477270815362862
GO:0050819,negative regulation of coagulation,17,0.735619184110121,1.80080579239503,0.00284081083160719,0.0260306196903057,0.0139923571591431,1178,"tags=53%, list=12%, signal=47%",308/114897/81542/348/5154/928/7057/5328/5329,0.431707695803346
GO:0006904,vesicle docking involved in exocytosis,25,-0.726487877840291,-1.79935284522756,0.00166410591107318,0.0182403297265683,0.00980480723360305,1182,"tags=44%, list=12%, signal=39%",23233/6812/149371/23025/10497/9783/6804/54536/112755/9699/8541,0.45505986738723
GO:0045814,"negative regulation of gene expression, epigenetic",159,0.48318702480695,1.79758450848992,5.41879205671899e-06,0.000304897366391388,0.000163892865332716,1846,"tags=33%, list=19%, signal=27%",90853/26147/29128/3014/4609/8334/8335/4000/3021/1017/3012/8091/8350/3006/1912/3065/9555/23133/317772/58487/11335/9112/4001/84444/8329/54107/8968/6839/3005/8969/3013/8336/80314/29890/64783/8332/7175/25942/57332/8355/11177/85235/8493/8356/8354/5928/3428/672/2146/1786/8330/4149,0.610526878385931
GO:0022898,regulation of transmembrane transporter activity,39,-0.674083289649555,-1.79675414743567,0.000685862624825037,0.00998048371297123,0.00536485471319428,1931,"tags=59%, list=20%, signal=47%",50488/7225/134145/288/342667/6786/3208/808/59283/254263/65268/54997/1612/844/2281/11261/801/80863/6324/805/2257/29979/784,0.477270815362862
GO:0048499,synaptic vesicle membrane organization,17,-0.793686178935606,-1.79614653637766,0.00152703908047607,0.017184279785624,0.00923714391527306,1205,"tags=59%, list=12%, signal=52%",9066/26059/6812/22895/8448/5864/112476/6855/112755/6861,0.45505986738723
GO:0030193,regulation of blood coagulation,23,0.679191538961612,1.79495016147063,0.00240041399620408,0.0234188512002172,0.0125884413874443,1178,"tags=48%, list=12%, signal=42%",2149/114897/81542/348/196527/5154/2150/928/7057/5328/5329,0.431707695803346
GO:1900046,regulation of hemostasis,23,0.679191538961612,1.79495016147063,0.00240041399620408,0.0234188512002172,0.0125884413874443,1178,"tags=48%, list=12%, signal=42%",2149/114897/81542/348/196527/5154/2150/928/7057/5328/5329,0.431707695803346
GO:0031146,SCF-dependent proteasomal ubiquitin-dependent protein catabolic process,46,-0.669105014396475,-1.7917690126776,0.000204553546992531,0.00433776868496725,0.00233170049103412,1168,"tags=33%, list=12%, signal=29%",80028/8065/285231/23219/157574/146330/93611/4008/84961/150726/54620/6468/26273/8945/64839,0.518848077743792
GO:0021952,central nervous system projection neuron axonogenesis,13,-0.84339036460993,-1.78867740474792,0.000534004014249436,0.00850376203823631,0.00457106580830569,559,"tags=46%, list=6%, signal=44%",26128/1141/9353/6324/57731/23077,0.477270815362862
GO:1902893,regulation of miRNA transcription,44,0.587072493537337,1.78703906175105,0.00059489732366722,0.00890236420523287,0.0047853282404483,2421,"tags=57%, list=25%, signal=43%",7422/7157/4609/5914/6662/6774/367/4854/8862/9612/5970/2353/4804/6688/7040/4089/2247/4086/6720/9611/57591/3569/7042/7003/7291,0.477270815362862
GO:0070613,regulation of protein processing,24,0.66989470334861,1.7860781941213,0.00233276896749802,0.0229961761474505,0.0123612389477431,1178,"tags=29%, list=12%, signal=26%",4323/6281/302/26022/7057/5328/5329,0.431707695803346
GO:0044819,mitotic G1/S transition checkpoint signaling,11,0.814367367055884,1.78567774576171,0.00217029892715924,0.0218583806028926,0.0117496345440467,1594,"tags=82%, list=16%, signal=68%",7157/595/1017/55159/4582/163859/1263/51499/5591,0.431707695803346
GO:0042790,nucleolar large rRNA transcription by RNA polymerase I,28,0.636852465675151,1.78482595724651,0.00233776293062945,0.0229961761474505,0.0123612389477431,2319,"tags=57%, list=24%, signal=44%",1663/9555/84172/5441/30834/6598/5437/9533/5435/4691/64425/1387/221830/25926/9014/29997,0.431707695803346
GO:0098813,nuclear chromosome segregation,181,0.475282845329218,1.78450378141957,1.9034352128385e-06,0.000136144010138618,7.31821077485527e-05,2178,"tags=44%, list=22%, signal=34%",86/29128/9055/10783/9212/9319/8110/54892/11044/29893/9274/3021/332/83903/23397/10460/11130/81620/4439/81610/3835/90417/91272/10403/7517/5347/7756/9700/4751/6599/8243/6605/891/6598/256364/10274/4926/29117/51203/10051/9031/26065/147841/56992/6603/7175/6602/8899/11004/9918/26271/55063/2491/23212/3304/23353/55755/10615/2177/25879/9735/5119/9787/60/4085/983/84861/3833/79643/8881/91782/10609/54908/5501/6604/29127/8289/27183/57082,0.643551836150722
GO:0032755,positive regulation of interleukin-6 production,37,0.604478461747547,1.78290734988957,0.00308755758161707,0.027828861884064,0.0149589744480538,2734,"tags=57%, list=28%, signal=41%",2149/84818/1535/6774/1660/2150/5970/682/7494/3965/9181/7040/5336/7305/3569/54093/7291/58515/3556/55765/3570,0.431707695803346
GO:0001906,cell killing,66,0.552425174230105,1.7814862373802,0.000163877110598294,0.0036785181208766,0.00197733054287809,899,"tags=26%, list=9%, signal=24%",8970/6223/4057/3133/4814/6156/2635/54210/3106/2150/64332/3592/3958/3105/3107/8772/1398,0.518848077743792
GO:0051648,vesicle localization,142,-0.552592368208691,-1.78103998419393,1.65557207504699e-05,0.000732002475405143,0.000393476613277098,2232,"tags=42%, list=23%, signal=33%",6386/55770/1020/27095/6854/8938/585/5048/26258/59349/23122/80006/118426/8499/547/5071/10987/3800/26052/1780/80128/55327/8224/3798/10947/55614/5728/65082/23233/6812/5604/149371/84062/27445/9024/122553/23025/10497/8927/4133/10079/23596/90990/5864/8867/1176/9378/8766/65018/93664/55088/5871/84446/1759/54536/11127/23400/22920/284697/5413,0.575610261071129
GO:0072132,mesenchyme morphogenesis,19,0.705744826353081,1.78098741227363,0.00246519750459146,0.0238057974127596,0.012796438341481,1104,"tags=42%, list=11%, signal=37%",6909/23493/4609/6662/655/6091/4087/8642,0.431707695803346
GO:0001956,positive regulation of neurotransmitter secretion,12,-0.839525056813393,-1.78087471540261,0.000862073919423605,0.0114761890850713,0.00616884801109751,1174,"tags=75%, list=12%, signal=66%",6812/84062/9498/22930/8564/6804/286097/112755/5530,0.477270815362862
GO:0046635,positive regulation of alpha-beta T cell activation,29,0.640045526190086,1.78064347974829,0.00153704693213313,0.0172051407257342,0.00924835739110155,1622,"tags=38%, list=17%, signal=32%",3133/301/5914/865/64332/3592/3105/975/6046/864/3965,0.45505986738723
GO:0086002,cardiac muscle cell action potential involved in contraction,27,-0.699648826309224,-1.78035044661792,0.00314795002765017,0.0282045628804325,0.0151609267099967,2177,"tags=59%, list=22%, signal=46%",23327/23171/776/287/3781/54795/6323/6326/3760/781/6330/388591/6327/6324/2257/6334,0.431707695803346
GO:0010714,positive regulation of collagen metabolic process,10,0.815945775177334,1.779488641057,0.00409978845883655,0.0338573528303136,0.0181994965506451,536,"tags=40%, list=6%, signal=38%",7431/2149/4921/51430,0.407017918923954
GO:0071676,negative regulation of mononuclear cell migration,11,-0.854009096541691,-1.77852439183243,0.000719677471633513,0.0102257203040183,0.00549667785114665,180,"tags=27%, list=2%, signal=27%",9353/23236/4345,0.477270815362862
GO:0045785,positive regulation of cell adhesion,210,0.457272465530319,1.77797830116672,1.87737236819059e-06,0.000136144010138618,7.31821077485527e-05,1420,"tags=28%, list=15%, signal=24%",7422/86/10630/3690/9289/151887/6239/3133/9780/3654/301/6281/5914/27185/3915/10979/4192/4301/80381/255743/1605/960/3037/655/811/865/11221/64332/3592/6093/3105/3113/8772/5970/6599/967/1398/6605/2064/6598/11078/7412/29117/463/975/6046/1021/3485/5329/7494/59339/6603/6602/864/1435/1307/2335/8829,0.643551836150722
GO:0060079,excitatory postsynaptic potential,48,-0.652156130679232,-1.7779566244916,0.000346719182981202,0.00607118237419367,0.00326347021963712,1816,"tags=46%, list=19%, signal=37%",23613/5071/57030/2905/22999/5590/5728/84866/2932/50944/6785/23542/22930/6804/2185/1141/9378/2743/112755/9699/9177/8001,0.49849310876659
GO:0071786,endoplasmic reticulum tubular network organization,17,-0.785411208664985,-1.77741991673293,0.00229924434152184,0.0229380877570264,0.0123300144315662,701,"tags=47%, list=7%, signal=44%",22931/22930/64225/51308/2039/6252/51062/57142,0.431707695803346
GO:1905954,positive regulation of lipid localization,37,0.602325874841465,1.77655830148008,0.00328153853689845,0.029031640724762,0.0156055096178935,1365,"tags=41%, list=14%, signal=35%",4828/9388/1622/114897/54209/348/2587/10938/302/718/123/5360/19/949/51499,0.431707695803346
GO:0050848,regulation of calcium-mediated signaling,43,-0.653354166704042,-1.77625475050609,0.000714665820650941,0.0101891051660531,0.00547699594983444,923,"tags=30%, list=10%, signal=27%",2932/151651/3094/3632/5121/5532/2281/11261/3708/805/5530/5534/9495,0.477270815362862
GO:0045165,cell fate commitment,78,0.515554411929572,1.77614018387648,0.000385987134380898,0.0065680068834169,0.00353053055324325,1100,"tags=26%, list=11%, signal=23%",10630/55553/6909/182/8324/3956/5914/6662/6774/9219/3065/9112/388585/84695/85440/10215/2034/429/4087/6046,0.49849310876659
GO:0033687,osteoblast proliferation,14,0.754906484735018,1.775752242718,0.00597003933376931,0.044908317270065,0.0241397716279833,1241,"tags=43%, list=13%, signal=37%",3690/51374/4057/338773/5364/10516,0.407017918923954
GO:1904064,positive regulation of cation transmembrane transport,47,-0.649433629874427,-1.77511946596982,0.000327007646574804,0.0058496666853522,0.00314439788592016,1051,"tags=34%, list=11%, signal=31%",65268/54997/6376/844/9465/2273/30819/5532/57463/11261/7220/6324/5530/784/5534/9495,0.49849310876659
GO:0007212,G protein-coupled dopamine receptor signaling pathway,16,-0.812456016280697,-1.77481205711546,0.000598965792640017,0.00893157471710556,0.00480102989948627,1052,"tags=44%, list=11%, signal=39%",84062/9630/6505/5064/2775/10681/2774,0.477270815362862
GO:0008585,female gonad development,27,0.646223574049707,1.771884697914,0.00603338192617004,0.0450634897848453,0.0242231822142052,567,"tags=30%, list=6%, signal=28%",4323/7422/4313/7130/4327/3625/8892/1495,0.407017918923954
GO:0008284,positive regulation of cell population proliferation,371,0.433981752716766,1.77123976278441,4.26011463237252e-09,8.56080178505335e-07,4.6017266423245e-07,1095,"tags=24%, list=11%, signal=22%",7422/6210/86/9037/2149/6667/4313/6909/6472/4828/3690/25937/2771/9055/8324/55536/1019/4609/8837/4057/6239/9846/3133/8828/3654/301/10312/3488/9274/5914/595/2670/1017/89958/332/6662/8877/8091/1535/894/4893/27185/3915/10979/4192/6774/80381/3065/5154/10763/3148/4921/2305/1660/284361/3037/367/2896/4773/4854/358/54440/811/338773/388585/8862/3592/3105/10413/3113/10795/391/8772/5970/6599/467/7057/891/6760/9238/2064/2246/3162/7412/10451/706/65980/975,0.761460801445585
GO:1903305,regulation of regulated secretory pathway,63,-0.610451586721422,-1.77002395861904,0.000703416927291909,0.0101174599929847,0.00543848419474646,1502,"tags=40%, list=15%, signal=34%",140730/22999/376267/57102/808/9066/6812/9545/84062/9783/9498/22930/22895/6804/785/8448/5864/84961/200933/192683/9699/5530/6861/9899/5413,0.477270815362862
GO:0050678,regulation of epithelial cell proliferation,132,0.488100329467064,1.76995512026755,1.6932627579701e-05,0.000732002475405143,0.000393476613277098,1311,"tags=31%, list=14%, signal=27%",7422/29128/9037/6667/3690/8324/4609/8837/6239/8828/677/26471/22846/4163/6662/348/1535/4893/3915/4192/6774/10758/3148/284361/3037/2896/11221/8862/6091/3592/10413/7057/26277/2064/3162/5469/4804/1021/7494/6678/864,0.575610261071129
GO:0001938,positive regulation of endothelial cell proliferation,46,0.572854834802603,1.76906729719172,0.0013727647329607,0.0159150197063026,0.00855487278346743,698,"tags=26%, list=7%, signal=24%",7422/9037/6667/3690/8828/1535/4893/4192/6774/3148/284361/8862,0.45505986738723
GO:2000319,regulation of T-helper 17 cell differentiation,15,0.739758052386736,1.76570926475804,0.00641653189985232,0.0474216543211503,0.0254907771014792,1100,"tags=27%, list=11%, signal=24%",3956/64332/84695/6046,0.407017918923954
GO:0090279,regulation of calcium ion import,17,-0.779100309126947,-1.76313807505859,0.00267309754953655,0.0250418786761638,0.0134608747137629,581,"tags=29%, list=6%, signal=28%",5532/9456/5530/5534/9495,0.431707695803346
GO:0034502,protein localization to chromosome,82,0.518450037379938,1.76219283035448,0.000184251047719781,0.00400793516173958,0.00215440358012812,1299,"tags=30%, list=13%, signal=27%",8970/29128/3014/8359/9212/8365/8335/8363/1017/3012/83903/84515/8366/9555/8361/221496/91272/5347/1200/8019/26277/6046/78996/6688/8368,0.518848077743792
GO:0050679,positive regulation of epithelial cell proliferation,80,0.5218256767929,1.76026545702748,0.000273196669121398,0.00524040883496499,0.00281690074808581,1014,"tags=29%, list=10%, signal=26%",7422/9037/6667/3690/8324/4609/8837/6239/8828/6662/1535/4893/3915/4192/6774/3148/284361/3037/2896/8862/10413/2064/3162,0.49849310876659
GO:0086003,cardiac muscle cell contraction,38,-0.662411826519116,-1.76009604885316,0.00175426743022874,0.0189335257175582,0.0101774240211638,1919,"tags=47%, list=20%, signal=38%",776/287/3781/54795/6323/6326/477/3760/781/6330/388591/6327/488/5144/7341/6324/2257/6334,0.45505986738723
GO:0035725,sodium ion transmembrane transport,78,-0.591845308619252,-1.7596557699687,0.000153425848394081,0.00349976800120552,0.00188124617967683,1750,"tags=42%, list=18%, signal=35%",3775/54795/6538/57030/81539/162514/6323/6326/477/9497/123041/57578/57282/610/65268/54997/7226/6330/6553/54946/6327/6539/84679/9498/728215/11261/6529/10479/6324/5581/2257/133308/6334,0.518848077743792
GO:2001135,regulation of endocytic recycling,18,-0.766824278154459,-1.75765485237225,0.00142177194764624,0.0162598309459813,0.00874022073428352,982,"tags=56%, list=10%, signal=50%",51201/9912/10079/7260/6653/8766/56850/22876/65009/9495,0.45505986738723
GO:0051145,smooth muscle cell differentiation,24,0.659172620943259,1.75749089900754,0.00368413612755639,0.0312817997148652,0.0168150477936637,576,"tags=25%, list=6%, signal=24%",7422/133/23493/255743/9444/4773,0.431707695803346
GO:0044786,cell cycle DNA replication,28,0.627076036755587,1.757426794889,0.00340285782492617,0.0296083711777081,0.0159155221561345,2410,"tags=54%, list=25%, signal=40%",7083/641/10926/81620/4171/2237/3978/4172/144455/26271/51053/79915/9400/9837/604,0.431707695803346
GO:0140352,export from cell,419,-0.497633874124645,-1.75690317995999,6.78072979766353e-09,1.30066726118819e-06,6.99153576836567e-07,1332,"tags=26%, list=14%, signal=23%",79803/376267/51172/57102/477/808/23086/9515/222183/9066/123041/23233/26059/10307/6812/9545/4760/306/149371/84062/27445/2781/79751/2029/9024/2917/781/127700/63908/9522/63941/23025/10497/1408/226/9783/65985/9912/25924/55691/11069/10059/26297/4253/5310/9498/6623/8492/22930/261729/8564/10079/30819/8655/22895/5532/6804/7260/286097/9900/1141/785/8448/9572/2775/5864/50855/80223/8867/1946/112476/9378/6855/55207/8766/84961/93664/6447/200933/322/801/192683/84446/79772/3767/2044/9746/9256/54536/112755/805/9699/6833/23400/3737/5530/6861/8541/133308/326624/490/23167/5567/9899/4345/5413/5058/22841,0.761460801445585
GO:0030071,regulation of mitotic metaphase/anaphase transition,67,0.531141130965155,1.75589737627486,0.000423091029398981,0.00704281828094703,0.00378575807900007,1889,"tags=48%, list=19%, signal=39%",86/10783/9212/9319/8110/9274/332/83903/11130/10403/7517/5347/7756/9700/6599/6605/891/6598/29117/147841/6603/7175/6602/8899/26271/55755/9735/9787/60/4085/84861/8881,0.49849310876659
GO:0001501,skeletal system development,147,0.484820347559987,1.75351763555465,1.76193631644222e-05,0.000743537125538616,0.000399676886120907,1638,"tags=35%, list=17%, signal=30%",4323/2201/55553/5125/7157/5479/285590/4057/10683/649/63827/3636/6662/8091/4192/4017/2121/4921/302/1605/960/655/4773/9775/2202/338773/388585/6781/55959/51496/25902/7353/1009/2019/5364/1462/4774/79001/4522/10516/1289/11173/864/7004/3696/6137/656/7045/7052/6591/2677/1463,0.575610261071129
GO:1900273,positive regulation of long-term synaptic potentiation,12,-0.826626716267452,-1.75351361597801,0.00133426232600222,0.0156405194881371,0.00840731943519791,982,"tags=33%, list=10%, signal=30%",51201/729956/107/9495,0.45505986738723
GO:0002286,T cell activation involved in immune response,54,0.556805644724939,1.75348113433333,0.00114767270541389,0.0141304646855386,0.00759561282278461,1329,"tags=28%, list=14%, signal=24%",3956/301/5914/54209/4192/6774/2150/64332/84695/3958/26022/975/6046/9021/80031,0.45505986738723
GO:0060047,heart contraction,91,-0.582459315053547,-1.75275338045832,0.000135380001936332,0.00319164026911353,0.00171561688120594,1705,"tags=37%, list=18%, signal=31%",3781/54795/84502/148/6323/55328/6326/477/6508/808/3760/781/6330/388591/6327/10059/488/30819/6505/153/6714/2281/56704/491/801/7220/5144/7341/6324/805/2257/490/57731/6334,0.518848077743792
GO:0033688,regulation of osteoblast proliferation,12,0.769358546173931,1.752528698957,0.00529990707914414,0.0408131530547232,0.0219384794187262,1241,"tags=50%, list=13%, signal=44%",3690/51374/4057/338773/5364/10516,0.407017918923954
GO:0044706,multi-multicellular organism process,63,0.541608123893939,1.75162906903728,0.0012249626806629,0.0146026624643995,0.00784943543823453,1697,"tags=41%, list=18%, signal=34%",7422/2201/4313/5125/3690/6159/8614/3488/5914/811/780/27161/6781/790/682/4087/10959/2353/3485/1307/113/285/3965/51673/25879/7040,0.45505986738723
GO:0022407,regulation of cell-cell adhesion,209,0.457438156796187,1.75098165216012,2.52209365935509e-06,0.000163742080653515,8.80170238643402e-05,1311,"tags=25%, list=14%, signal=22%",7422/86/10630/182/9289/114897/3133/3956/9780/3654/301/81542/5914/57045/4192/4301/80381/960/3037/10385/655/928/80709/865/11221/64332/84695/83706/5598/3592/3958/11314/3105/3113/8772/5970/6599/55824/6605/6598/7412/29117/975/6046/3485/5329/23513/7494/6688/6603/6602/864,0.627256739718528
GO:0010717,regulation of epithelial to mesenchymal transition,61,0.55224766377958,1.75002592253122,0.000359896566517444,0.00619903473756577,0.0033321952808622,731,"tags=21%, list=8%, signal=20%",7422/10630/182/25937/7041/54756/10979/4192/4017/2305/655/9444/10252,0.49849310876659
GO:0086010,membrane depolarization during action potential,19,-0.747294081153057,-1.74944705557091,0.00297218075749183,0.0269682935704785,0.0144963892561993,1919,"tags=68%, list=20%, signal=55%",776/287/288/54795/6323/477/610/781/6330/6327/6324/7533/6334,0.431707695803346
GO:0071384,cellular response to corticosteroid stimulus,33,0.614073016786981,1.7492226385138,0.00279677898378468,0.0258528682482687,0.0138968096196636,741,"tags=27%, list=8%, signal=25%",678/6909/8837/10018/677/301/358/11335/6781,0.431707695803346
GO:0060333,type II interferon-mediated signaling pathway,17,0.714171617464838,1.74830185682363,0.00580810977782132,0.0440039914944452,0.0236536652889397,199,"tags=18%, list=2%, signal=17%",7157/4261/84166,0.407017918923954
GO:0033045,regulation of sister chromatid segregation,80,0.518253112447472,1.7482141880119,0.000314825462445554,0.00572656660138034,0.00307822733901242,1889,"tags=44%, list=19%, signal=36%",86/10783/9212/9319/8110/9274/332/83903/10460/11130/10403/7517/5347/7756/9700/6599/6605/891/6598/4926/29117/147841/6603/7175/6602/8899/26271/55755/9735/9787/60/4085/983/84861/8881,0.49849310876659
GO:0010718,positive regulation of epithelial to mesenchymal transition,35,0.604660110657432,1.74708032681556,0.00202403762769527,0.0209281471339349,0.0112496019250042,566,"tags=26%, list=6%, signal=24%",10630/182/25937/7041/10979/4192/4017/2305/655,0.431707695803346
GO:0022408,negative regulation of cell-cell adhesion,79,0.526312993551852,1.74677892827224,0.000221542810722048,0.00451647662438184,0.00242776218089066,881,"tags=23%, list=9%, signal=21%",7422/182/114897/3133/3956/301/81542/57045/4192/10385/928/80709/865/84695/5598/3958/11314/55824,0.518848077743792
GO:0097553,calcium ion transmembrane import into cytosol,75,-0.594888491711843,-1.74627379715445,0.000215866822097565,0.00444369750854499,0.0023886408923992,1299,"tags=35%, list=13%, signal=30%",477/7070/808/9651/123041/6376/781/7226/844/5532/5332/2185/728215/2281/56704/23228/801/3708/7220/5144/805/5530/23236/784/5534/9495,0.518848077743792
GO:0030183,B cell differentiation,58,0.546152265055973,1.74583246459354,0.00169263757250243,0.0184571848991221,0.00992137437884511,1289,"tags=24%, list=13%, signal=21%",4323/3955/678/677/23397/6774/10758/64332/4242/7412/10051/1316/7494/6688,0.45505986738723
GO:0044784,metaphase/anaphase transition of cell cycle,72,0.526432123696519,1.74506196707953,0.000452422748945541,0.00745790625214915,0.00400888220030892,1889,"tags=46%, list=19%, signal=37%",86/10783/9212/9319/8110/9274/332/83903/10460/11130/10403/7517/5347/7756/9700/6599/6605/891/6598/29117/147841/6603/7175/6602/8899/26271/55755/9735/9787/60/4085/84861/8881,0.49849310876659
GO:2000628,regulation of miRNA metabolic process,50,0.568412201108099,1.74398412756797,0.00135592120652789,0.0157630509409028,0.00847318432319229,2421,"tags=52%, list=25%, signal=39%",7422/7157/4609/5914/6662/6774/367/9444/4854/8862/9612/5970/2353/4804/6688/7040/4089/2247/4086/6720/9611/57591/3569/7042/7003/7291,0.45505986738723
GO:1903707,negative regulation of hemopoiesis,51,0.563578739598973,1.74367770155655,0.00155725005287265,0.0173738809739124,0.00933906110264286,1856,"tags=37%, list=19%, signal=30%",7130/4609/4057/3956/301/5914/4192/9444/714/865/10221/84695/1021/55365/864/28959/3313/2302/10272,0.45505986738723
GO:0030072,peptide hormone secretion,93,-0.574355161764721,-1.74341721587264,8.49821889831976e-05,0.00229887716351983,0.0012357258766662,1208,"tags=29%, list=12%, signal=26%",222183/9066/4760/2781/79751/2029/9024/781/226/65985/25924/11069/8655/5532/6804/7260/9572/2775/5864/1946/3767/2044/9699/6833/133308/5567/22841,0.538434096309916
GO:0140056,organelle localization by membrane tethering,53,-0.624290651329984,-1.74304516359731,0.00133097051443514,0.0156405194881371,0.00840731943519791,1182,"tags=26%, list=12%, signal=23%",23233/6812/149371/23025/10497/9783/488/6804/801/54536/112755/9699/65009/8541,0.45505986738723
GO:0032986,protein-DNA complex disassembly,12,0.764373264904944,1.74117268226008,0.00602026152123912,0.0450452191837395,0.0242133611350597,2225,"tags=92%, list=23%, signal=71%",4609/6599/6605/6418/6603/6602/29028/83743/54454/6604/9349,0.407017918923954
GO:0048705,skeletal system morphogenesis,37,0.590238678702149,1.74090715392051,0.004555887997471,0.0366905483765794,0.0197224370129426,1261,"tags=35%, list=13%, signal=31%",2201/55553/4057/649/3636/6662/9775/338773/6781/51496/25902/4522/1289,0.407017918923954
GO:1902600,proton transmembrane transport,102,-0.563506179423048,-1.74083438214018,0.000124525118054013,0.00305520929179032,0.00164228051868406,1645,"tags=37%, list=17%, signal=31%",521/57030/513/4513/9481/509/477/4514/4715/498/10632/79751/84286/55967/9016/6553/4711/1346/206358/537/8604/4725/4698/84679/5250/57210/374291/527/23530/10159/9377/4714/516/4719/535/10479/51382/133308,0.518848077743792
GO:0010257,NADH dehydrogenase complex assembly,31,-0.685882758955082,-1.74065289485023,0.00197195881608251,0.0204967147878527,0.0110176921376764,875,"tags=23%, list=9%, signal=21%",29078/4725/137682/374291/55471/4719/54968,0.431707695803346
GO:0032981,mitochondrial respiratory chain complex I assembly,31,-0.685882758955082,-1.74065289485023,0.00197195881608251,0.0204967147878527,0.0110176921376764,875,"tags=23%, list=9%, signal=21%",29078/4725/137682/374291/55471/4719/54968,0.431707695803346
GO:1905820,positive regulation of chromosome separation,19,0.68945887002168,1.73988887050614,0.00427445632657616,0.0349577629809136,0.0187910050138292,1114,"tags=42%, list=11%, signal=37%",9212/54892/332/23397/5347/9700/4926/10051,0.407017918923954
GO:0046639,negative regulation of alpha-beta T cell differentiation,11,0.793346281897886,1.73958444011502,0.00396626039259543,0.0330130549442855,0.0177456572755696,1311,"tags=45%, list=14%, signal=39%",3956/301/865/84695/864,0.407017918923954
GO:1900076,regulation of cellular response to insulin stimulus,37,-0.648595936289857,-1.73932938562975,0.00242582033387619,0.0235332455378334,0.0126499322949967,1551,"tags=27%, list=16%, signal=23%",79837/10499/5590/8648/8396/114882/10580/6653/490/5058,0.431707695803346
GO:0034767,positive regulation of monoatomic ion transmembrane transport,50,-0.634780139682793,-1.73908500825177,0.000912761199045249,0.0120277584281119,0.00646533558372075,1051,"tags=32%, list=11%, signal=29%",65268/54997/6376/844/9465/2273/30819/5532/57463/11261/7220/6324/5530/784/5534/9495,0.477270815362862
GO:0007091,metaphase/anaphase transition of mitotic cell cycle,71,0.528035579262222,1.73853528507431,0.000373422752730202,0.00640586998585957,0.00344337637073478,1889,"tags=46%, list=19%, signal=38%",86/10783/9212/9319/8110/9274/332/83903/10460/11130/10403/7517/5347/7756/9700/6599/6605/891/6598/29117/147841/6603/7175/6602/8899/26271/55755/9735/9787/60/4085/84861/8881,0.49849310876659
GO:0099171,presynaptic modulation of chemical synaptic transmission,20,-0.745647403700393,-1.73848164559591,0.00197101877422332,0.0204967147878527,0.0110176921376764,1172,"tags=40%, list=12%, signal=35%",5217/2932/5864/84961/9513/107/7533/8001,0.431707695803346
GO:0044060,regulation of endocrine process,13,0.746737440824712,1.73800150762126,0.00958367726412283,0.0615034226274078,0.0330602139384684,1087,"tags=62%, list=11%, signal=55%",2149/114897/3625/2587/2150/1407/51762/706,0.380730400722792
GO:0032940,secretion by cell,384,-0.497738461279716,-1.73795755260945,3.67187510622006e-08,4.99848804782215e-06,2.686859969257e-06,1332,"tags=26%, list=14%, signal=23%",79803/376267/51172/57102/808/23086/9515/222183/9066/23233/26059/10307/6812/9545/4760/306/149371/84062/27445/2781/79751/2029/9024/2917/781/63908/9522/63941/23025/10497/1408/226/9783/65985/9912/25924/55691/11069/10059/26297/4253/9498/6623/8492/22930/261729/8564/10079/8655/22895/5532/6804/7260/286097/9900/1141/785/8448/9572/2775/5864/50855/80223/8867/1946/112476/9378/6855/55207/8766/84961/93664/6447/200933/322/192683/84446/79772/3767/2044/9746/9256/54536/112755/9699/6833/23400/3737/5530/6861/8541/133308/326624/23167/5567/9899/4345/5413/5058/22841,0.719512826338911
GO:0006814,sodium ion transport,99,-0.561959041457696,-1.73515856932053,0.000186876079968485,0.00403319166834101,0.00216797982476478,1750,"tags=38%, list=18%, signal=32%",3775/288/54795/6538/26249/151258/57030/81539/162514/6323/6326/477/9497/123041/57578/57282/610/65268/54997/7226/6330/6553/54946/6327/6539/84679/9498/728215/11261/6529/10479/6324/5581/2257/7533/133308/57731/6334,0.518848077743792
GO:2000316,regulation of T-helper 17 type immune response,16,0.701802684255261,1.73490130504696,0.00727474862459527,0.0512511505772822,0.0275492636067142,1100,"tags=25%, list=11%, signal=22%",3956/64332/84695/6046,0.407017918923954
GO:0051216,cartilage development,56,0.546494928109745,1.73454606549899,0.00200340698320756,0.0207724262140931,0.0111658965521202,1697,"tags=43%, list=18%, signal=36%",55553/649/6662/8091/4192/4017/2121/1605/960/655/4773/2202/388585/6781/55959/51496/4774/11173/864/3696/656/7045/6591/7040,0.431707695803346
GO:0034367,protein-containing complex remodeling,16,0.701604478672609,1.73441132811794,0.00727474862459527,0.0512511505772822,0.0275492636067142,1242,"tags=44%, list=13%, signal=38%",5125/9388/3931/348/5360/341/949,0.407017918923954
GO:0043371,"negative regulation of CD4-positive, alpha-beta T cell differentiation",10,0.795258682837463,1.73437235152502,0.00778264921570244,0.0540604275893593,0.0290593470307593,1311,"tags=50%, list=14%, signal=43%",3956/301/865/84695/864,0.407017918923954
GO:0031629,synaptic vesicle fusion to presynaptic active zone membrane,14,-0.796387390020164,-1.73376955093172,0.00394183839906076,0.0328757410923317,0.01767184633744,1205,"tags=64%, list=12%, signal=56%",9066/26059/6812/22895/8448/5864/112476/112755/6861,0.407017918923954
GO:0099500,vesicle fusion to plasma membrane,14,-0.796387390020164,-1.73376955093172,0.00394183839906076,0.0328757410923317,0.01767184633744,1205,"tags=64%, list=12%, signal=56%",9066/26059/6812/22895/8448/5864/112476/112755/6861,0.407017918923954
GO:0048278,vesicle docking,40,-0.656545251505349,-1.73337864177707,0.00120470412404679,0.0144337846960447,0.00775865780484844,1182,"tags=30%, list=12%, signal=26%",23233/6812/149371/23025/10497/9783/6804/54536/112755/9699/65009/8541,0.45505986738723
GO:0007076,mitotic chromosome condensation,13,0.744476562977744,1.73273940491721,0.0100373372852623,0.0633147434137623,0.034033861422623,1711,"tags=69%, list=18%, signal=57%",54892/11044/23397/5347/51203/10051/9031/9918/5119,0.380730400722792
GO:0006816,calcium ion transport,180,-0.526901106609287,-1.73251620316302,4.6472052618414e-05,0.00150855432345929,0.000810900053050714,1299,"tags=28%, list=13%, signal=25%",477/7070/91404/808/9651/59283/55799/123041/2823/8065/6376/781/7226/7416/151651/5310/844/488/5532/5332/2185/286097/9456/1141/785/728215/10367/23017/2281/816/4985/56704/491/782/79085/23228/801/3708/7220/5144/7341/805/9177/5530/23236/490/29979/784/5534/9495,0.557332238758646
GO:0051453,regulation of intracellular pH,55,-0.602106185509695,-1.7320676087557,0.00134819666564554,0.0157165467652601,0.00844818672256943,1263,"tags=35%, list=13%, signal=30%",6508/9497/65082/57282/54997/84286/6553/79641/537/84679/9498/527/10159/23335/11261/23312/535/10479/51382,0.45505986738723
GO:0061614,miRNA transcription,45,0.5853245557474,1.73022744314156,0.00068516947375893,0.00998048371297123,0.00536485471319428,2421,"tags=56%, list=25%, signal=42%",7422/7157/4609/5914/6662/6774/367/4854/8862/9612/5970/2353/4804/6688/7040/4089/2247/4086/6720/9611/57591/3569/7042/7003/7291,0.477270815362862
GO:0061326,renal tubule development,29,0.621146267279772,1.7280646540653,0.00339849755221235,0.0296083711777081,0.0159155221561345,666,"tags=31%, list=7%, signal=29%",7422/9955/182/4609/6662/6608/255743/358/388585,0.431707695803346
GO:0072080,nephron tubule development,29,0.621146267279772,1.7280646540653,0.00339849755221235,0.0296083711777081,0.0159155221561345,666,"tags=31%, list=7%, signal=29%",7422/9955/182/4609/6662/6608/255743/358/388585,0.431707695803346
GO:0001706,endoderm formation,18,0.697231868563122,1.72769546629821,0.00599297784603799,0.0449948591155298,0.0241862908590028,1398,"tags=50%, list=14%, signal=43%",4323/4313/1846/8091/9555/8019/1289/1847/2335,0.407017918923954
GO:0051100,negative regulation of binding,29,0.620971729515114,1.72757907996175,0.00345973010055168,0.029979591425725,0.0161150658610772,771,"tags=21%, list=8%, signal=19%",1663/10399/8091/581/10763/6093,0.431707695803346
GO:1902305,regulation of sodium ion transmembrane transport,17,-0.763272386704649,-1.72731879435121,0.0048261908449129,0.0381356536369989,0.0204992310031324,1051,"tags=35%, list=11%, signal=32%",65268/54997/11261/6324/5581/2257,0.407017918923954
GO:1902099,regulation of metaphase/anaphase transition of cell cycle,68,0.529463732163375,1.72665558445672,0.000792331148163245,0.0109269197557153,0.00587359677527025,1889,"tags=47%, list=19%, signal=38%",86/10783/9212/9319/8110/9274/332/83903/11130/10403/7517/5347/7756/9700/6599/6605/891/6598/29117/147841/6603/7175/6602/8899/26271/55755/9735/9787/60/4085/84861/8881,0.477270815362862
GO:0007565,female pregnancy,61,0.544684620895285,1.72605928225582,0.000554547699152306,0.00864601721624477,0.00464753287985886,1697,"tags=43%, list=18%, signal=35%",7422/2201/4313/5125/3690/6159/8614/3488/5914/811/780/27161/6781/790/682/4087/10959/2353/3485/1307/113/285/3965/51673/25879/7040,0.477270815362862
GO:0097479,synaptic vesicle localization,46,-0.644041657698264,-1.72465287258105,0.000828528301254945,0.0112223057984145,0.00603237697560533,1722,"tags=50%, list=18%, signal=41%",5071/3800/26052/80128/55327/8224/3798/10947/5728/84062/27445/9024/8927/4133/90990/5864/8867/1176/9378/65018/84446/1759/284697,0.477270815362862
GO:0141161,regulation of cAMP/PKA signal transduction,26,-0.690735336617912,-1.72346543894738,0.00262723018600493,0.024885156330448,0.0133766310398833,1095,"tags=35%, list=11%, signal=31%",10846/5143/5141/5153/9378/5573/27115/5144/5138,0.431707695803346
GO:0040029,epigenetic regulation of gene expression,214,0.445540851566597,1.72308555561366,4.5326046131694e-06,0.00026871095745422,0.000144441420681007,2201,"tags=36%, list=23%, signal=28%",90853/26147/29128/7157/3014/4609/8334/8335/4000/3021/1017/328/3012/8091/8350/3006/1912/3065/9555/23133/317772/58487/11335/9112/124512/4001/84444/10467/8451/8329/200424/54107/8968/6839/3005/6598/8969/3013/8336/80314/29117/29890/64783/8332/6688/7175/6602/25942/57332/55063/8355/11177/29028/85235/8493/8356/8354/25879/5928/3428/672/2146/1786/8330/4149/54454/84733/653604/8353/55051/9759/6996/8289/56339/57169/112869/1111,0.610526878385931
GO:0050673,epithelial cell proliferation,152,0.463833480523374,1.72138616889712,3.40481346175437e-05,0.00120742124442046,0.000649030622185302,1148,"tags=28%, list=12%, signal=25%",4323/7422/29128/9037/2173/6667/6909/3690/8324/4609/8837/6239/8828/677/26471/22846/4163/6662/348/1535/4893/3915/4192/4017/6774/10758/3148/284361/3037/2896/11221/8862/64332/6091/3592/10413/7057/26277/2064/3162/5469/4804/1021,0.557332238758646
GO:0098703,calcium ion import across plasma membrane,17,-0.760612606557689,-1.72129959554785,0.00526827643651173,0.0406437414297615,0.0218474148189749,1919,"tags=71%, list=20%, signal=57%",776/773/777/162514/123041/781/7226/5532/728215/5530/5534/9495,0.407017918923954
GO:1902656,calcium ion import into cytosol,17,-0.760612606557689,-1.72129959554785,0.00526827643651173,0.0406437414297615,0.0218474148189749,1919,"tags=71%, list=20%, signal=57%",776/773/777/162514/123041/781/7226/5532/728215/5530/5534/9495,0.407017918923954
GO:0032200,telomere organization,124,0.472857004503357,1.72104749438357,7.95103376248196e-05,0.0022308269167241,0.00119914651861548,1674,"tags=31%, list=17%, signal=26%",86/7157/8359/9212/8365/4609/641/7011/4000/3021/8363/1017/328/8350/8366/8361/4798/7517/84444/2237/5981/8968/3978/4751/26277/64421/9401/8368/100134934/8355/3183/85456/8360/23137/5591/8356/8354/7012,0.538434096309916
GO:0006260,DNA replication,195,0.448437376458198,1.72027576982779,2.66848546116775e-05,0.00103312005927779,0.000555337714955497,1829,"tags=32%, list=19%, signal=26%",86/1663/8099/5982/7083/11232/641/7465/157570/1017/84515/55159/11169/10926/10714/1660/163859/10535/81620/56852/4798/7517/4171/5980/8451/2237/5981/54107/84296/3978/6470/23594/57804/84875/4172/4774/6418/9401/4174/7298/84164/144455/9767/5426/6240/5984/26271/9768/11177/64785/4678/5983/5928/146956/83743/51053/672/122769/580/5425/63922/983,0.575610261071129
GO:0086065,cell communication involved in cardiac conduction,22,-0.72324377560466,-1.72013625498011,0.00329008155063772,0.0290463266604418,0.0156134038155612,1919,"tags=59%, list=20%, signal=48%",776/287/3781/54795/477/808/3760/781/6330/801/5144/6324/805,0.431707695803346
GO:0032732,positive regulation of interleukin-1 production,35,0.595236775999355,1.71985292698555,0.0025773631343394,0.0245518564941586,0.0131974708659831,2252,"tags=46%, list=23%, signal=35%",10972/6774/2150/647087/7855/5970/22900/834/3315/79792/3965/3428/10392/6284/7305/3569,0.431707695803346
GO:0051249,regulation of lymphocyte activation,200,0.450430411559407,1.7197765772145,4.41533304540333e-06,0.000266181506451458,0.000143081753401923,1311,"tags=22%, list=14%, signal=20%",4323/86/678/196/3133/677/3956/301/5914/57045/79155/4192/80381/10385/4773/54440/865/11221/64332/84695/8451/3592/3958/11314/3105/3113/8772/6599/55824/6605/2175/6598/7412/121260/10451/29117/975/6046/3485/23513/7494/6688/6603/6602/864,0.610526878385931
GO:0010212,response to ionizing radiation,77,0.50904823605929,1.71887979545215,0.000503384668083023,0.008077122811066,0.00434173248794333,1884,"tags=31%, list=19%, signal=25%",1936/7157/3014/641/64782/595/1535/55159/9112/10413/221927/7412/1410/375757/85456/10010/2177/7040/3428/672/580/121457/10635/3297,0.477270815362862
GO:0050865,regulation of cell activation,257,0.435771473268228,1.71877558891601,1.44714490436571e-06,0.000111035481753151,5.96854065140146e-05,1311,"tags=23%, list=14%, signal=20%",4323/86/10630/678/9289/196/114897/3133/677/3956/301/81542/5914/57045/54209/348/8877/79155/4192/80381/5154/4921/10385/2896/4773/54440/928/865/11221/64332/84695/8451/3592/3958/11314/3105/3113/8772/6599/55824/6605/23729/7057/2175/6598/7412/121260/10451/29117/975/6046/3485/23513/7494/6688/6603/6602/864,0.643551836150722
GO:0007416,synapse assembly,151,-0.53545642787182,-1.71814314140744,4.80476138039139e-05,0.00153606765342816,0.000825689418196144,1719,"tags=36%, list=18%, signal=30%",9806/64101/349667/53942/26052/9369/257194/89910/55327/4884/119/84687/5728/80823/9844/10718/2823/50863/10154/27445/26999/51201/2556/8927/51517/4045/9901/84623/2066/57463/2185/347731/1141/64218/2562/55203/1946/22865/9378/200933/25945/26050/9746/57524/7087/404037/23229/80059/57142/9743/140689/9495/27067/23077,0.557332238758646
GO:0010001,glial cell differentiation,94,0.48356965829959,1.71791020502387,0.000547214846226344,0.00862183437504091,0.00463453376745689,972,"tags=23%, list=10%, signal=21%",7846/1031/55553/10397/54587/6662/54209/7132/79006/4192/6774/116448/8892/1605/2896/9444/928/388585/11221/26022/2064/10215,0.477270815362862
GO:0051963,regulation of synapse assembly,90,-0.575622852545386,-1.71767661450074,0.000207891616329412,0.00436468965626925,0.00234617144293655,1281,"tags=29%, list=13%, signal=25%",84687/80823/9844/50863/26999/51517/4045/9901/57463/2185/347731/1141/64218/1946/22865/9378/25945/26050/9746/57524/7087/80059/57142/9743/27067/23077,0.518848077743792
GO:0072012,glomerulus vasculature development,12,0.753896746580931,1.71730812766549,0.00807842685810443,0.0557041851980403,0.0299429235194239,585,"tags=42%, list=6%, signal=39%",3690/8837/655/4854/358,0.380730400722792
GO:0000070,mitotic sister chromatid segregation,123,0.471737385446292,1.71719788997629,7.05865138528378e-05,0.00206857700318733,0.00111193158611458,1889,"tags=41%, list=19%, signal=33%",29128/9055/9212/9319/54892/11044/3021/332/83903/23397/11130/81620/3835/90417/91272/10403/7517/5347/7756/9700/8243/891/256364/10274/4926/51203/10051/9031/26065/147841/56992/7175/8899/11004/9918/26271/2491/23212/3304/55755/10615/9735/5119/9787/4085/983/84861/3833/79643/8881,0.538434096309916
GO:0033260,nuclear DNA replication,25,0.631756714055396,1.71705784608778,0.00788245477579812,0.0545310805801116,0.0293123392692452,1072,"tags=32%, list=11%, signal=29%",7083/641/10926/81620/4171/2237/3978/4172,0.380730400722792
GO:0051952,regulation of amine transport,23,-0.716909785205888,-1.7169288746408,0.00213027788200898,0.0215066331628657,0.011560558145973,1299,"tags=48%, list=13%, signal=42%",477/6812/10550/84062/2917/22930/8564/6804/1141/124935/3737,0.431707695803346
GO:0002285,lymphocyte activation involved in immune response,86,0.505432323231835,1.71572566117136,0.000324612881901674,0.0058496666853522,0.00314439788592016,1329,"tags=24%, list=14%, signal=21%",3955/3956/301/5914/54209/4192/6774/2150/64332/5130/84695/3958/26022/4242/121260/975/6046/7494/9021/6688/80031,0.49849310876659
GO:0042776,proton motive force-driven mitochondrial ATP synthesis,44,-0.637303378432667,-1.71379331993241,0.00115471405203639,0.0141304646855386,0.00759561282278461,2485,"tags=57%, list=26%, signal=42%",4702/4707/4508/4694/4705/4729/4722/4723/134145/521/93974/513/6391/509/4715/498/10632/55967/4711/4725/4698/374291/4706/4714/4719,0.45505986738723
GO:0030195,negative regulation of blood coagulation,15,0.717840558289337,1.71339496785624,0.0124298609173278,0.0725505021730614,0.0389984007510481,1178,"tags=53%, list=12%, signal=47%",114897/81542/348/5154/928/7057/5328/5329,0.380730400722792
GO:1900047,negative regulation of hemostasis,15,0.717840558289337,1.71339496785624,0.0124298609173278,0.0725505021730614,0.0389984007510481,1178,"tags=53%, list=12%, signal=47%",114897/81542/348/5154/928/7057/5328/5329,0.380730400722792
GO:0070509,calcium ion import,28,-0.677270338249561,-1.71284591089,0.00277806109764918,0.0258225062380607,0.0138804889904987,1569,"tags=43%, list=16%, signal=36%",777/162514/123041/781/7226/5532/9456/728215/10367/5530/5534/9495,0.431707695803346
GO:0032370,positive regulation of lipid transport,30,0.616680938102417,1.71116882308081,0.00368257256018502,0.0312817997148652,0.0168150477936637,942,"tags=33%, list=10%, signal=30%",4828/9388/1622/114897/54209/348/2587/302/5360/19,0.431707695803346
GO:0002790,peptide secretion,96,-0.567634846335177,-1.71087652704952,0.000224650447948238,0.00455781197279598,0.00244998135835125,1208,"tags=28%, list=12%, signal=25%",222183/9066/4760/2781/79751/2029/9024/781/226/65985/25924/11069/8655/5532/6804/7260/9572/2775/5864/1946/3767/2044/9699/6833/133308/5567/22841,0.518848077743792
GO:0030641,regulation of cellular pH,56,-0.598195321109427,-1.71070661527379,0.00179226999436948,0.0191477958892132,0.010292601639139,1263,"tags=34%, list=13%, signal=30%",6508/9497/65082/57282/54997/84286/6553/79641/537/84679/9498/527/10159/23335/11261/23312/535/10479/51382,0.45505986738723
GO:0030857,negative regulation of epithelial cell differentiation,16,0.691799606953929,1.7101730555633,0.00899910496847999,0.0598760209727448,0.0321854293400093,1558,"tags=31%, list=16%, signal=26%",7422/182/10252/10253/6935,0.380730400722792
GO:2000515,"negative regulation of CD4-positive, alpha-beta T cell activation",15,0.716482638322309,1.71015378398694,0.0124298609173278,0.0725505021730614,0.0389984007510481,1622,"tags=47%, list=17%, signal=39%",3956/301/57045/865/84695/864/3965,0.380730400722792
GO:0036465,synaptic vesicle recycling,56,-0.597997216112938,-1.71014007869944,0.00179226999436948,0.0191477958892132,0.010292601639139,1722,"tags=45%, list=18%, signal=37%",5071/9829/2580/28964/1609/57030/26052/6453/10947/160/1212/6620/808/9066/4983/6623/5532/6804/5864/8867/1176/56850/1759/112755/284697,0.45505986738723
GO:0050850,positive regulation of calcium-mediated signaling,25,-0.690453406397122,-1.71010327796665,0.00590478179821762,0.0444967485508542,0.0239185392261718,682,"tags=24%, list=7%, signal=22%",3094/5121/5532/5530/5534/9495,0.407017918923954
GO:0044788,host-mediated perturbation of viral process,46,0.55367378174936,1.70983313938997,0.00277190663847376,0.0258221766321397,0.0138803118159318,1181,"tags=26%, list=12%, signal=23%",6667/5479/4057/8812/348/8091/3065/3482/53349/22938/6598/23076,0.431707695803346
GO:0002697,regulation of immune effector process,144,0.457193212512745,1.70908225073647,9.94379090143256e-05,0.00252787937373767,0.00135882247420108,1100,"tags=22%, list=11%, signal=20%",6223/196/720/9846/3133/5648/3956/301/5914/54209/653361/117854/2896/3106/54440/2150/718/64332/84695/3592/3958/11314/3105/7855/3107/8772/1398/30817/121260/7009/975/6046,0.538434096309916
GO:0061013,regulation of mRNA catabolic process,143,0.463595094064298,1.708753081677,0.000118579394806649,0.00296097660404768,0.001591627194305,1573,"tags=27%, list=16%, signal=23%",7431/678/9567/9261/56829/23351/2521/677/11044/328/55544/10758/1660/9444/9775/23589/27161/6093/3182/85463/22938/10644/8531/9238/9939/25804/51690/54502/192669/23034/5436/3183/9704/90806/85456/25819/143684/23019,0.538434096309916
GO:0035025,positive regulation of Rho protein signal transduction,18,0.68958039215633,1.70873560273698,0.00753241961955498,0.05297801799087,0.0284775144860586,1047,"tags=39%, list=11%, signal=35%",2149/9289/10979/2150/6091/2064/5364,0.407017918923954
GO:0044794,host-mediated activation of viral process,25,0.628552722370443,1.70834968527358,0.00901660259534182,0.0598760209727448,0.0321854293400093,1181,"tags=32%, list=12%, signal=28%",6667/5479/348/3482/53349/22938/6598/23076,0.380730400722792
GO:2000036,regulation of stem cell population maintenance,48,0.552644433228601,1.70736130368827,0.00206367532175386,0.0211224058969729,0.0113540227196706,2131,"tags=48%, list=22%, signal=38%",86/4609/9274/8091/4017/3065/8451/6599/6605/6760/6598/65980/58516/6602/25942/51742/23019/5928/60/8819/25855/3621/8289,0.431707695803346
GO:0003203,endocardial cushion morphogenesis,17,0.697273364314395,1.70693470271456,0.00915685580356537,0.0604725062457682,0.0325060607763566,1728,"tags=53%, list=18%, signal=44%",6909/23493/6662/655/6091/4087/8642/6591/4089,0.380730400722792
GO:2000463,positive regulation of excitatory postsynaptic potential,18,-0.744035162475904,-1.70541941735174,0.00323596836723907,0.0288096761809048,0.0154861960091026,1580,"tags=56%, list=16%, signal=47%",2905/22999/5590/5728/50944/6804/2185/9378/112755/9699,0.431707695803346
GO:1905207,regulation of cardiocyte differentiation,11,0.777488514137614,1.70481283195328,0.0064885649480156,0.0478195125247674,0.0257046396276095,139,"tags=27%, list=1%, signal=27%",55553/23493/8324,0.407017918923954
GO:0046637,regulation of alpha-beta T cell differentiation,31,0.604244627322269,1.70452776069847,0.00337966931092585,0.0296083711777081,0.0159155221561345,1311,"tags=26%, list=14%, signal=22%",3956/301/5914/865/64332/84695/6046/864,0.431707695803346
GO:0001704,formation of primary germ layer,33,0.598299072108209,1.70428964133515,0.00407696798652061,0.0338011884147681,0.018169306237418,2005,"tags=55%, list=21%, signal=43%",4323/4313/1846/3690/8324/8091/9555/8019/4087/1289/1847/2335/3675/286204/54623/79971/1295/6657,0.407017918923954
GO:0046633,alpha-beta T cell proliferation,14,0.723835562612624,1.70266470040934,0.0149035870527086,0.0807357347399617,0.0433982459667719,1095,"tags=43%, list=11%, signal=38%",4609/3133/57045/3592/3105/975,0.380730400722792
GO:0008088,axo-dendritic transport,56,-0.595212626892719,-1.70217676800183,0.00207775738965706,0.0211224058969729,0.0113540227196706,2002,"tags=41%, list=21%, signal=33%",5048/26258/118426/547/3800/80128/4747/57576/3798/10947/55605/5813/84062/55054/4133/55638/90990/1176/55207/4130/11127/22920/27067,0.431707695803346
GO:0001914,regulation of T cell mediated cytotoxicity,16,0.688344996929104,1.70163303772787,0.00996905734961344,0.0630725967246908,0.0339036992137051,860,"tags=38%, list=9%, signal=34%",3133/3106/3592/3105/3107/8772,0.380730400722792
GO:0003151,outflow tract morphogenesis,28,0.606878650572492,1.70082213200228,0.00563123133458349,0.0430503554926491,0.0231410530001927,760,"tags=25%, list=8%, signal=23%",7422/6909/182/23493/8828/655/6091,0.407017918923954
GO:0050808,synapse organization,346,-0.491582033546115,-1.70072746928126,4.07725693843648e-07,4.41180109748768e-05,2.37149546978081e-05,1822,"tags=38%, list=19%, signal=32%",4088/23613/9040/5300/8499/547/5063/288/7804/79012/9806/64101/349667/53942/28964/4744/5100/2043/26052/9369/6453/3897/26037/8496/8482/257194/152330/89910/55327/4884/22999/4747/26060/8224/9463/22924/119/6620/2894/23390/84687/5728/80823/9844/577/3706/55799/10718/26059/5217/58512/2823/5604/50863/1821/998/9890/1496/84062/10154/27445/6376/26999/91752/51201/27006/57026/4983/50944/2556/8927/9783/91851/25791/9912/51517/10810/10486/4045/729956/57496/6623/9901/84623/8497/2066/55906/57463/6505/2185/55638/347731/9456/5800/1141/5064/6710/64218/2562/55203/1946/22865/9378/6529/816/56341/200933/26470/25945/9215/26050/9746/57524/80863/7087/404037/23229/1006/9699/80059/57142/9743/9148/8506/140689/7534/8541/9495/27067/23077/6416,0.674962860011025
GO:2000629,negative regulation of miRNA metabolic process,17,0.694680733684977,1.70058790758489,0.00936615311225374,0.0611844676992427,0.032888764648146,873,"tags=35%, list=9%, signal=32%",7422/5914/6662/9444/9612/5970,0.380730400722792
GO:0000387,spliceosomal snRNP assembly,54,0.5399520373097,1.70040609292875,0.00233095573925045,0.0229961761474505,0.0123612389477431,2016,"tags=43%, list=21%, signal=34%",26835/23450/6626/338657/6631/9343/6628/25980/25804/51690/10291/51639/83443/10992/8899/10262/9129/8175/84844/10772/50628/6632/10713,0.431707695803346
GO:2001026,regulation of endothelial cell chemotaxis,13,0.730540079679555,1.7003027978061,0.0132999118094004,0.0758454430211754,0.0407695452613815,1924,"tags=62%, list=20%, signal=49%",7422/9037/7057/2246/7114/3315/2247/25865,0.380730400722792
GO:0051590,positive regulation of neurotransmitter transport,15,-0.775164415581531,-1.69750240204825,0.00166299484373923,0.0182403297265683,0.00980480723360305,1174,"tags=60%, list=12%, signal=53%",6812/84062/9498/22930/8564/6804/286097/112755/5530,0.45505986738723
GO:0048667,cell morphogenesis involved in neuron differentiation,298,-0.492862205241908,-1.69685137034825,1.27885901381269e-06,9.99404636720285e-05,5.37214510828639e-05,1794,"tags=38%, list=19%, signal=32%",10371/334/8499/547/9211/5063/288/7804/53942/10381/4744/22903/3800/23242/2043/9369/3897/1952/23072/26037/8482/80128/152330/4884/3798/22924/55605/5306/23390/7070/5728/80823/577/9706/6812/26230/284656/5747/137970/998/9890/1496/84062/4135/4858/10154/6049/9024/333/26999/56920/4983/90249/2932/50944/9344/79955/6586/92211/25791/9912/10505/4133/10439/23542/8543/5532/26128/57463/9331/23032/90990/1951/5800/1141/5864/64218/1272/9693/53335/1946/22865/9378/816/59277/133418/322/8997/170961/84446/659/2051/51466/26050/51062/2044/10479/5797/4130/9353/8941/6324/10501/57142/9743/8506/7533/285220/57731/27020/27067/5058/23077,0.643551836150722
GO:0048646,anatomical structure formation involved in morphogenesis,481,0.406668170049854,1.69606921346311,1.41510119218648e-09,3.51278060648644e-07,1.88824090445971e-07,2015,"tags=37%, list=21%, signal=31%",4323/7422/10630/133/3955/9037/2201/6667/4313/51330/6909/8038/182/1846/3690/6159/9289/2771/23493/8324/7837/8837/4327/57674/23554/84957/6132/8828/55558/301/6170/6157/4814/6156/22846/5376/6662/54209/8877/8091/6608/4192/25873/4017/6774/3065/5154/10938/9555/302/284361/5898/1605/2896/655/9444/4854/358/221496/91010/84172/84465/928/22905/5315/2969/718/388585/6161/8862/2047/27161/2895/7453/6091/3592/6093/6147/6134/25902/7855/1009/5970/2050/7057/8019/2064/9948/56999/3339/2034/682/2246/3162/83700/10451/4087/975/57556/8642/8751/5469/4804/23513/4522/6142/144455/10516/1289/7494/6678/56975/6491/4691/1847/71/2335/85377/8829/3315/10267/11082/3696/3576/6137/3675/10253/7045/285/4627/23019/7423/1942/7052/5591/6591/51421/6130/2297/4059/290/1500/5990/6299/7040/286204/4089/6303/441478/11252/694/5371/672/30846/7171/54623/80155/2302/2247/5727/57216/4211/23654/2314/6173/79971/25865/89857/51129/2494/6464/6664/10395/5777/1295/26011/7311/6657/11214,0.788186810800237
GO:0042551,neuron maturation,20,-0.727418386200332,-1.695980575809,0.0038845839224847,0.0326552672368236,0.0175533340251238,1621,"tags=55%, list=17%, signal=46%",163175/9463/577/6376/30819/26047/9331/53335/27289/65009/57731,0.431707695803346
GO:0034368,protein-lipid complex remodeling,15,0.710365245782553,1.69555233875933,0.0141591919483723,0.0785174638924193,0.0422058487690176,1242,"tags=47%, list=13%, signal=41%",5125/9388/3931/348/5360/341/949,0.380730400722792
GO:0034369,plasma lipoprotein particle remodeling,15,0.710365245782553,1.69555233875933,0.0141591919483723,0.0785174638924193,0.0422058487690176,1242,"tags=47%, list=13%, signal=41%",5125/9388/3931/348/5360/341/949,0.380730400722792
GO:0072538,T-helper 17 type immune response,31,0.600789301793289,1.69478055233272,0.00386681650305719,0.0326050872551547,0.0175263605518026,1269,"tags=26%, list=13%, signal=23%",3956/84818/6774/10758/64332/84695/6046/9021,0.431707695803346
GO:0006337,nucleosome disassembly,10,0.776661762721754,1.69381449938422,0.0110398386570302,0.0676629938845898,0.0363711962355891,2074,"tags=90%, list=21%, signal=71%",6599/6605/6418/6603/6602/29028/83743/54454/6604,0.380730400722792
GO:0072078,nephron tubule morphogenesis,19,0.670844894022746,1.69291543802945,0.00664529356994835,0.0483502394227276,0.0259899236661216,1853,"tags=63%, list=19%, signal=51%",7422/9955/4609/6662/6608/255743/388585/2246/2297/6299/7040/2247,0.407017918923954
GO:0032607,interferon-alpha production,16,0.684813140366562,1.69290206149044,0.0101846024585342,0.0637670955118908,0.0342770162992263,519,"tags=19%, list=5%, signal=18%",4828/56829/1660,0.380730400722792
GO:0032647,regulation of interferon-alpha production,16,0.684813140366562,1.69290206149044,0.0101846024585342,0.0637670955118908,0.0342770162992263,519,"tags=19%, list=5%, signal=18%",4828/56829/1660,0.380730400722792
GO:1902107,positive regulation of leukocyte differentiation,85,0.492554646298671,1.69224273770661,0.00057542123846141,0.00882350707060787,0.00474293980692859,1755,"tags=33%, list=18%, signal=27%",4323/86/677/301/5914/54209/4192/865/11221/64332/10221/8772/6599/6605/6598/29117/6046/7494/6688/6603/6602/864/1435/22985/5591/3965/7040/60,0.477270815362862
GO:1903708,positive regulation of hemopoiesis,85,0.492554646298671,1.69224273770661,0.00057542123846141,0.00882350707060787,0.00474293980692859,1755,"tags=33%, list=18%, signal=27%",4323/86/677/301/5914/54209/4192/865/11221/64332/10221/8772/6599/6605/6598/29117/6046/7494/6688/6603/6602/864/1435/22985/5591/3965/7040/60,0.477270815362862
GO:0048048,embryonic eye morphogenesis,13,0.726461107635116,1.69080915362114,0.0148645724269161,0.0806278864287739,0.0433402737745189,837,"tags=31%, list=9%, signal=28%",2201/6909/2202/7855,0.380730400722792
GO:0001916,positive regulation of T cell mediated cytotoxicity,13,0.726328889498353,1.69050142119945,0.0148645724269161,0.0806278864287739,0.0433402737745189,860,"tags=46%, list=9%, signal=42%",3133/3106/3592/3105/3107/8772,0.380730400722792
GO:1903530,regulation of secretion by cell,251,-0.495522245384718,-1.69009037121642,3.01073004696e-05,0.00111449831562905,0.000599081338480497,1323,"tags=27%, list=14%, signal=24%",376267/57102/808/23086/222183/9066/10307/6812/9545/4760/84062/2781/79751/2029/9024/2917/781/10497/1408/226/9783/65985/25924/55691/11069/10059/26297/9498/22930/8564/10079/8655/22895/5532/6804/7260/286097/1141/785/8448/9572/2775/5864/50855/80223/1946/84961/93664/6447/200933/322/192683/79772/3767/2044/9256/112755/9699/6833/23400/3737/5530/6861/133308/326624/5567/9899/4345/5413,0.575610261071129
GO:0006360,transcription by RNA polymerase I,54,0.53620922619753,1.68861930747365,0.00267627660733409,0.0250418786761638,0.0134608747137629,1327,"tags=28%, list=14%, signal=24%",1663/284119/9555/23133/84172/5441/30834/2064/6598/5437/9533/9031/5435/4691/64425,0.431707695803346
GO:0019226,transmission of nerve impulse,32,-0.652279737434315,-1.68668468134241,0.00408920222662512,0.0338361439144275,0.0181880960258183,1364,"tags=34%, list=14%, signal=30%",6326/59283/57578/6330/26047/728215/6324/3737/8506/2257/57731,0.407017918923954
GO:0097396,response to interleukin-17,10,0.773311398286327,1.68650772038295,0.0126029633809012,0.0733579385757285,0.0394324257056525,1269,"tags=60%, list=13%, signal=52%",84818/54756/6774/10758/64332/9021,0.380730400722792
GO:0097398,cellular response to interleukin-17,10,0.773311398286327,1.68650772038295,0.0126029633809012,0.0733579385757285,0.0394324257056525,1269,"tags=60%, list=13%, signal=52%",84818/54756/6774/10758/64332/9021,0.380730400722792
GO:0002460,adaptive immune response based on somatic recombination of immune receptors built from immunoglobulin superfamily domains,122,0.470835270215105,1.68610475145873,0.000133181025449009,0.00317439258948399,0.00170634565768478,1100,"tags=21%, list=11%, signal=19%",182/196/11118/720/3133/3956/301/84818/54209/6774/10758/3106/714/718/64332/5130/84695/3592/3105/7855/3107/8772/26022/121260/975/6046,0.518848077743792
GO:0060055,angiogenesis involved in wound healing,12,0.739541918449464,1.68460913654607,0.0118650372185187,0.0703584039060467,0.0378200722193062,530,"tags=25%, list=5%, signal=24%",7422/3690/1605,0.380730400722792
GO:0045580,regulation of T cell differentiation,80,0.499311798837703,1.68431978507084,0.00092814123487263,0.0121638385439829,0.00653848334609362,1311,"tags=24%, list=14%, signal=21%",86/3956/301/5914/4192/865/11221/64332/84695/6599/6605/2175/6598/29117/6046/7494/6603/6602/864,0.477270815362862
GO:0044703,multi-organism reproductive process,64,0.520834976648107,1.68396602256798,0.00134619281101673,0.0157165467652601,0.00844818672256943,1697,"tags=41%, list=18%, signal=34%",7422/2201/4313/5125/3690/6159/8614/3488/5914/811/780/27161/6781/790/682/4087/10959/2353/3485/1307/113/285/3965/51673/25879/7040,0.45505986738723
GO:0051650,establishment of vesicle localization,129,-0.530751826481633,-1.68366697919769,0.000339060656930301,0.00599232001840879,0.00322107897956363,2232,"tags=39%, list=23%, signal=30%",6386/55770/1020/27095/8938/585/5048/26258/59349/23122/80006/118426/8499/547/5071/10987/3800/26052/1780/80128/55327/3798/10947/55614/23233/6812/5604/149371/84062/122553/23025/10497/4133/10079/90990/5864/8867/1176/8766/65018/93664/55088/5871/1759/54536/11127/23400/22920/284697/5413,0.49849310876659
GO:0043270,positive regulation of monoatomic ion transport,73,-0.576069144047609,-1.68320735057108,0.00108330748745021,0.0136872981947302,0.00735739552737904,1051,"tags=27%, list=11%, signal=25%",65268/54997/6376/6330/6327/844/9465/2273/30819/5532/57463/11261/7220/6324/6833/5530/490/784/5534/9495,0.45505986738723
GO:0019646,aerobic electron transport chain,56,-0.588413385639933,-1.6827324383999,0.0030928284890109,0.027828861884064,0.0149589744480538,2573,"tags=54%, list=27%, signal=40%",1350/4702/4707/4519/4694/4705/4729/4722/4723/9167/54205/7388/4513/6391/23479/7381/4514/4715/4711/1346/4725/4698/374291/4706/9377/7385/65018/1345/4714/4719,0.431707695803346
GO:1902459,positive regulation of stem cell population maintenance,34,0.56995719030673,1.68271206842414,0.00763517997447049,0.0534038697002427,0.0287064244884046,2131,"tags=53%, list=22%, signal=41%",86/9274/3065/6599/6605/6760/6598/65980/58516/6602/25942/51742/5928/60/8819/25855/3621/8289,0.407017918923954
GO:0032091,negative regulation of protein binding,15,0.704800935865444,1.68227103206597,0.0161046942686501,0.0850551093143552,0.0457200589880556,771,"tags=33%, list=8%, signal=31%",1663/10399/581/10763/6093,0.352487857583619
GO:0050796,regulation of insulin secretion,75,-0.572343284973023,-1.68009315266738,0.000792327719466572,0.0109269197557153,0.00587359677527025,1208,"tags=32%, list=12%, signal=28%",222183/9066/4760/2781/79751/2029/9024/781/226/65985/25924/11069/8655/5532/6804/7260/9572/2775/1946/3767/2044/6833/133308/5567,0.477270815362862
GO:1900271,regulation of long-term synaptic potentiation,24,-0.705735209460692,-1.67972237168229,0.00265784247876655,0.0250374720160016,0.0134585059817234,982,"tags=29%, list=10%, signal=26%",51201/2932/729956/27065/10858/107/9495,0.431707695803346
GO:0002028,regulation of sodium ion transport,31,-0.661435091070809,-1.67860890362944,0.00476508912536666,0.0378138889712771,0.0203262713818274,1051,"tags=32%, list=11%, signal=29%",65268/54997/6330/6327/11261/6324/5581/2257/7533/57731,0.407017918923954
GO:0003015,heart process,98,-0.5449860539793,-1.67834426198792,0.000869250431028112,0.0115353359086121,0.00620064147163194,1443,"tags=32%, list=15%, signal=27%",6323/55328/6326/477/6508/808/3760/998/781/6330/388591/6327/10059/488/30819/6505/153/6714/2281/56704/491/801/7220/5144/7341/6324/805/2257/490/57731/6334,0.477270815362862
GO:0072028,nephron morphogenesis,20,0.662632506223784,1.67816211467406,0.0111423198595725,0.0679488292014394,0.036524842590906,1000,"tags=40%, list=10%, signal=36%",7422/9955/4609/6662/6608/255743/388585/2246,0.380730400722792
GO:0072088,nephron epithelium morphogenesis,20,0.662632506223784,1.67816211467406,0.0111423198595725,0.0679488292014394,0.036524842590906,1000,"tags=40%, list=10%, signal=36%",7422/9955/4609/6662/6608/255743/388585/2246,0.380730400722792
GO:0036444,calcium import into the mitochondrion,11,-0.805336519433638,-1.67716087480367,0.00483473334023564,0.0381356536369989,0.0204992310031324,834,"tags=45%, list=9%, signal=42%",7416/286097/10367/79085/3708,0.407017918923954
GO:1903311,regulation of mRNA metabolic process,224,0.431326394065798,1.67679475044266,8.35666306438641e-06,0.000419822834901317,0.000225669274085354,1673,"tags=29%, list=17%, signal=24%",7431/678/9567/9261/56829/23351/5725/2521/677/11044/328/6428/3006/55544/10758/1660/3007/9444/9775/27316/4857/23589/6434/27161/9343/29115/6093/6628/3182/85463/22938/10644/8531/25980/891/9238/9939/10179/22916/25804/6427/51690/54502/192669/6433/29890/57018/64783/23034/5436/3183/9704/6651/90806/85456/25819/51585/143684/23019/728642/22985/10772/10643/4928,0.593325476396405
GO:0090280,positive regulation of calcium ion import,12,-0.790114345084781,-1.67606034866824,0.00600286864503395,0.0449948591155298,0.0241862908590028,581,"tags=33%, list=6%, signal=31%",5532/5530/5534/9495,0.407017918923954
GO:0048812,neuron projection morphogenesis,335,-0.483486489282034,-1.67579025192126,1.93974656213749e-06,0.000136428841537003,7.33352144630204e-05,1794,"tags=37%, list=19%, signal=31%",10371/334/8499/547/9211/5063/288/7804/5071/53942/10381/4744/22903/3800/23242/2043/9369/3897/1952/23072/26037/8482/80128/152330/4884/22999/3798/22924/55605/5306/23390/7070/5728/80823/577/9706/6812/26230/284656/2823/5747/5604/137970/144402/998/9890/1496/84062/4135/4858/10154/6049/9024/333/26999/56920/4983/90249/2932/50944/9344/23025/6586/25791/9912/10505/4133/10439/4659/23542/10079/8543/5532/26128/57463/26047/9331/23032/90990/1951/5800/1141/8522/5864/64218/1272/9693/53335/23136/1946/22865/9378/816/59277/133418/322/8997/84446/659/2051/51466/26050/51062/2044/9746/10479/5797/4649/4130/9353/8941/6324/9699/10501/57142/9743/8506/7533/285220/57731/27020/27067/5058/23077,0.627256739718528
GO:0000075,cell cycle checkpoint signaling,125,0.468616126498324,1.67576913540922,6.81835319780355e-05,0.00206441978930439,0.00110969694006585,1852,"tags=38%, list=19%, signal=31%",7157/5982/3014/9212/9319/641/595/1017/332/83903/55159/4582/11130/10926/163859/81620/63967/1407/10403/7517/5347/7756/84444/9675/891/79968/80279/147841/1263/7175/8899/51499/5984/51343/84126/5983/5591/55755/2177/151636/9735/146956/4085/672/580/983/84861,0.538434096309916
GO:0050877,nervous system process,353,-0.48190299553501,-1.67537546163598,1.84941040712242e-06,0.000136144010138618,7.31821077485527e-05,1747,"tags=29%, list=18%, signal=25%",151556/288/55182/5071/342667/285331/338811/28964/23262/130507/143187/57030/9369/2905/408/2334/22999/6323/2821/57191/6326/5590/477/5306/84687/5594/10636/5728/80823/55188/50840/59283/123041/57578/10347/57282/23175/2911/84866/4715/1496/84062/3899/2917/6096/5923/2932/6330/50944/79955/10497/11343/6785/2925/844/729956/814/23542/22930/8508/57210/5532/5595/6804/6505/2185/26047/793/1141/152789/728215/2562/8867/112476/9378/6529/2743/491/10769/55450/170961/84446/3767/7991/441027/4649/4130/112755/6324/9699/6310/6833/65009/9177/3737/8506/2257/4942/23236/8001/57731/23077/2774/23639,0.643551836150722
GO:0098815,modulation of excitatory postsynaptic potential,29,-0.65271171984044,-1.67454769658583,0.00670425053721961,0.0486342569402282,0.0261425928915032,2127,"tags=59%, list=22%, signal=46%",8898/10458/23613/5071/2905/22999/5590/5728/84866/50944/6785/23542/6804/2185/9378/112755/9699,0.407017918923954
GO:0048857,neural nucleus development,32,-0.647223996251642,-1.6736113928187,0.00490026672364304,0.0384370363824788,0.0206612346383332,1259,"tags=34%, list=13%, signal=30%",808/1386/998/57447/8655/7707/1141/801/805/10409/7533,0.407017918923954
GO:0031638,zymogen activation,21,0.641166280828358,1.67327133463987,0.0150880956511866,0.081421692644511,0.0437669720328734,1178,"tags=33%, list=12%, signal=29%",4323/5648/6281/302/7057/5328/5329,0.380730400722792
GO:0061333,renal tubule morphogenesis,20,0.660449104025633,1.672632499366,0.0114816769836844,0.0687272012356711,0.0369432444436177,1000,"tags=40%, list=10%, signal=36%",7422/9955/4609/6662/6608/255743/388585/2246,0.380730400722792
GO:0009129,pyrimidine nucleoside monophosphate metabolic process,16,0.676471450603086,1.6722808686942,0.0128506268337466,0.0741354112813271,0.0398503441381619,1215,"tags=44%, list=13%, signal=38%",30833/51251/7083/1723/790/6470/7298,0.380730400722792
GO:0007409,axonogenesis,227,-0.496923421342464,-1.67211417351235,2.29873441693784e-05,0.000922878194232613,0.000496078904832869,1794,"tags=40%, list=19%, signal=33%",10371/334/9211/5063/288/53942/10381/4744/3800/23242/2043/9369/3897/1952/26037/8482/80128/152330/4884/3798/55605/5306/23390/7070/5728/9706/6812/26230/284656/5747/137970/9890/1496/4135/4858/10154/6049/9024/333/26999/56920/4983/90249/2932/9344/6586/10505/4133/10439/8543/5532/26128/57463/9331/23032/90990/1951/5800/1141/5864/64218/1272/53335/1946/22865/9378/59277/133418/322/8997/84446/659/2051/51466/26050/51062/2044/10479/5797/4130/9353/8941/6324/10501/57142/8506/285220/57731/27020/5058/23077,0.575610261071129
GO:0009615,response to virus,196,0.429703397988369,1.67123189528879,2.97331680399737e-05,0.00111449831562905,0.000599081338480497,1914,"tags=31%, list=20%, signal=25%",6210/4828/51251/56829/84166/7706/1937/8091/581/2635/81844/10758/1660/117854/58487/811/2150/64332/10410/29115/3592/81622/8772/5970/4940/54476/85363/81576/22900/9020/3551/834/665/1021/11100/23076/10581/25942/1687/201292/388419/3315/10010/3609/340061/5094/3965/55210/7728/10964/151636/7040/6773/3428/3665/5371/6502/4690/29800/60489/79132,0.575610261071129
GO:0071402,cellular response to lipoprotein particle stimulus,16,0.676036547464527,1.67120576020632,0.0130630290927223,0.0748994331131631,0.0402610322614421,1697,"tags=44%, list=18%, signal=36%",54209/348/928/19/975/949/7040,0.380730400722792
GO:0051304,chromosome separation,56,0.526533527915237,1.67118963456377,0.00416183852995459,0.0342357867376381,0.0184029178466194,1889,"tags=48%, list=19%, signal=39%",9212/9319/54892/332/83903/23397/11130/338657/10403/7517/5347/7756/9700/891/4926/10051/147841/7175/7156/8899/26271/55755/9735/9787/4085/84861/8881,0.407017918923954
GO:0003351,epithelial cilium movement involved in extracellular fluid movement,12,-0.787790635458728,-1.6711310905295,0.00674855755423742,0.0486887754780541,0.0261718984886088,848,"tags=25%, list=9%, signal=23%",152110/123872/23639,0.407017918923954
GO:0048514,blood vessel morphogenesis,292,0.412018802790294,1.67082357238612,3.40047525774686e-06,0.000214179187875996,0.000115128711051479,1788,"tags=33%, list=18%, signal=28%",4323/7422/133/9037/6667/4313/51330/6909/8038/182/3690/9289/2771/4015/23493/7837/4327/57674/23554/8828/301/4814/22846/8877/8091/4192/4017/6774/5154/302/284361/1605/3037/2896/9444/4854/358/91010/22905/5315/2969/718/8862/2047/27161/7453/6091/3592/6093/5970/2050/7057/2064/56999/3339/2034/682/2246/3162/83700/10451/57556/8751/5469/4804/144455/10516/7494/6678/4691/71/2335/85377/8829/3315/10267/11082/3696/3576/10253/7045/285/4627/7423/1942/7052/51421/4059/290/1500/7040/6303/441478/11252/694/5371/672,0.627256739718528
GO:0006361,transcription initiation at RNA polymerase I promoter,21,0.64020406773014,1.67076021756587,0.0157586656770964,0.0840784522616977,0.0451950720893431,1327,"tags=43%, list=14%, signal=37%",284119/84172/5441/30834/6598/5437/9533/5435/64425,0.352487857583619
GO:1902894,negative regulation of miRNA transcription,16,0.675548781371993,1.66999997110138,0.0130630290927223,0.0748994331131631,0.0402610322614421,873,"tags=31%, list=9%, signal=28%",7422/5914/6662/9612/5970,0.380730400722792
GO:0032964,collagen biosynthetic process,22,0.631038734779284,1.66992750393358,0.010348661730781,0.0643171612723064,0.0345726956442561,536,"tags=27%, list=6%, signal=26%",7431/2149/5352/4261/4921/51430,0.380730400722792
GO:0032878,regulation of establishment or maintenance of cell polarity,14,0.709613101737171,1.66920947475258,0.0231891423854301,0.109583629189827,0.0589049856154673,771,"tags=21%, list=8%, signal=20%",10399/162282/6093,0.352487857583619
GO:2000114,regulation of establishment of cell polarity,14,0.709613101737171,1.66920947475258,0.0231891423854301,0.109583629189827,0.0589049856154673,771,"tags=21%, list=8%, signal=20%",10399/162282/6093,0.352487857583619
GO:0099638,endosome to plasma membrane protein transport,14,-0.766501667296591,-1.66870704904504,0.0123061935520217,0.0722282848254957,0.0388251977976166,982,"tags=57%, list=10%, signal=51%",51201/9912/537/6653/8766/27065/56850/9495,0.380730400722792
GO:0035909,aorta morphogenesis,11,0.760828554621416,1.66828224372389,0.00904307274285425,0.0598760209727448,0.0321854293400093,137,"tags=27%, list=1%, signal=27%",6909/182/23493,0.380730400722792
GO:1900151,"regulation of nuclear-transcribed mRNA catabolic process, deadenylation-dependent decay",15,0.6986533336017,1.6675974800335,0.0176178652760958,0.090227416826607,0.048500352923021,708,"tags=33%, list=7%, signal=31%",678/677/11044/1660/27161,0.352487857583619
GO:0010712,regulation of collagen metabolic process,19,0.660414653048132,1.66659412869906,0.00905220716852959,0.0598760209727448,0.0321854293400093,536,"tags=26%, list=6%, signal=25%",7431/2149/4261/4921/51430,0.380730400722792
GO:0006874,intracellular calcium ion homeostasis,80,-0.566203638717437,-1.66649192069908,0.000772104272720906,0.0108248506009376,0.00581873107919489,604,"tags=19%, list=6%, signal=18%",488/286097/793/785/10367/491/79085/2039/3708/7220/9256/23400/490/9899/27020,0.477270815362862
GO:0006885,regulation of pH,58,-0.584456060659096,-1.66568734596312,0.00432610790989245,0.0351756751054839,0.0189081403072863,1428,"tags=34%, list=15%, signal=30%",5164/6508/9497/65082/57282/54997/84286/6553/79641/537/84679/9498/527/10159/23335/11261/23312/535/10479/51382,0.407017918923954
GO:0009303,rRNA transcription,37,0.564733011075391,1.66567826628716,0.00897897549179391,0.0598598366119594,0.032176729687093,2319,"tags=51%, list=24%, signal=39%",1663/284119/9555/84172/5441/30834/6598/5437/9533/5435/4691/64425/84365/1387/221830/25926/2976/9014/29997,0.380730400722792
GO:0002250,adaptive immune response,173,0.435603569072223,1.66538938661124,7.12633991709437e-05,0.00207401065173367,0.00111485235988187,1968,"tags=31%, list=20%, signal=25%",11119/182/196/11118/720/3133/3956/301/84818/54209/28988/6774/10758/54210/3106/54440/714/718/64332/5130/84695/3592/3105/81622/3113/7855/3107/8772/55824/26022/121260/64421/975/6046/9021/113/56957/3965/7040/89790/7942/3665/10384/567/2302/84861/219790/51279/6494/25865/89857/100507436/3140,0.538434096309916
GO:0035987,endodermal cell differentiation,16,0.673662647468886,1.66533732696592,0.0132754314277946,0.0758082823075689,0.0407495700943183,2005,"tags=62%, list=21%, signal=50%",4323/4313/8091/9555/8019/1289/2335/54623/1295/6657,0.380730400722792
GO:0060306,regulation of membrane repolarization,16,-0.76160008129034,-1.66371714885205,0.00451304536560296,0.0364847728790124,0.0196118255756886,978,"tags=44%, list=10%, signal=39%",781/6330/388591/9465/30819/6324/784,0.407017918923954
GO:0141162,negative regulation of cAMP/PKA signal transduction,20,-0.713120147242776,-1.66264414109643,0.00584432988259928,0.0441990539508404,0.0237585180965445,1095,"tags=40%, list=11%, signal=36%",10846/5143/5141/5153/5573/27115/5144/5138,0.407017918923954
GO:0015837,amine transport,30,-0.646753731990471,-1.66166241453941,0.00873440823890908,0.0586535347793925,0.0315283007874426,1299,"tags=37%, list=13%, signal=32%",477/6812/10550/84062/2917/22930/8564/6804/1141/124935/3737,0.380730400722792
GO:0097300,programmed necrotic cell death,25,0.611170061519249,1.66110517874696,0.0141940031461215,0.0786072090244524,0.0422540898772064,1678,"tags=40%, list=17%, signal=33%",7157/8837/4814/26471/8772/835/8531/706/4595/9181,0.380730400722792
GO:0097699,vascular endothelial cell response to fluid shear stress,16,-0.760356127957659,-1.66099972990371,0.00487408157847883,0.0383028384751968,0.0205890986280868,1524,"tags=44%, list=16%, signal=37%",115/108/5747/5515/5573/107/5567,0.407017918923954
GO:0140238,presynaptic endocytosis,52,-0.596057221855789,-1.66082756109575,0.00279331652370273,0.0258528682482687,0.0138968096196636,1722,"tags=46%, list=18%, signal=38%",5071/9829/2580/1609/57030/26052/6453/10947/160/1212/6620/808/9066/4983/6623/5532/6804/25977/8867/1176/801/1759/805/284697,0.431707695803346
GO:0097700,vascular endothelial cell response to laminar fluid shear stress,14,-0.762782653970387,-1.66061059731152,0.0138186717410144,0.0775462696104795,0.0416837982982453,355,"tags=21%, list=4%, signal=21%",5573/107/5567,0.380730400722792
GO:0000076,DNA replication checkpoint signaling,14,0.705580376367346,1.65972337115626,0.0245141972602314,0.112365463389059,0.060400317579757,1587,"tags=43%, list=16%, signal=36%",5982/10926/81620/63967/5984/5983,0.352487857583619
GO:0043372,"positive regulation of CD4-positive, alpha-beta T cell differentiation",15,0.695207701670619,1.65937319074861,0.0186987027388092,0.0946145390380994,0.0508585826391915,1100,"tags=27%, list=11%, signal=24%",301/5914/64332/6046,0.352487857583619
GO:0043921,host-mediated perturbation of viral transcription,17,0.677807223664873,1.65928132499625,0.0159843294208549,0.084674722500485,0.0455155879373613,1181,"tags=35%, list=12%, signal=31%",6667/8091/3065/22938/6598/23076,0.352487857583619
GO:1903241,U2-type prespliceosome assembly,19,0.657505032556564,1.65925153506397,0.00999404531814139,0.0631360347942465,0.0339377993671886,2118,"tags=63%, list=22%, signal=49%",23450/6628/10291/51639/83443/10992/10262/8175/84844/84811/6632/11325,0.380730400722792
GO:1901836,regulation of transcription of nucleolar large rRNA by RNA polymerase I,14,0.70530059816274,1.65906525417841,0.0245141972602314,0.112365463389059,0.060400317579757,2319,"tags=50%, list=24%, signal=38%",1663/9555/6598/4691/1387/25926/29997,0.352487857583619
GO:0003272,endocardial cushion formation,12,0.728183449511957,1.65873557877748,0.0161241913392143,0.0850551093143552,0.0457200589880556,1728,"tags=58%, list=18%, signal=48%",6909/23493/655/6091/8642/6591/4089,0.352487857583619
GO:1900026,positive regulation of substrate adhesion-dependent cell spreading,23,0.627549962197234,1.65847311304695,0.0135343755032844,0.076664516273638,0.041209825424678,1016,"tags=35%, list=10%, signal=31%",6239/6281/10979/4192/3037/811/1398/11078,0.380730400722792
GO:0022406,membrane docking,61,-0.569087171404433,-1.65791298940907,0.00476705898879607,0.0378138889712771,0.0203262713818274,1182,"tags=25%, list=12%, signal=22%",23233/6812/149371/23025/10497/9783/488/6804/11261/801/54536/112755/9699/65009/8541,0.407017918923954
GO:0051046,regulation of secretion,267,-0.488692956093948,-1.6576106930241,8.52451462053878e-06,0.000423217078807925,0.000227493797419472,1323,"tags=27%, list=14%, signal=24%",376267/57102/808/23086/222183/9066/10307/6812/9545/4760/84062/2781/79751/2029/9024/2917/781/10497/1408/226/9783/65985/25924/55691/11069/10059/26297/9498/22930/8564/10079/8655/22895/5532/6804/7260/286097/1141/785/8448/9572/2775/5864/50855/80223/1946/84961/93664/6447/130026/200933/322/192683/79772/3767/2044/9256/112755/9699/6833/23400/3737/5530/3382/6861/133308/326624/5567/9899/4345/5413,0.593325476396405
GO:0060976,coronary vasculature development,12,0.726952914364179,1.65593253178166,0.0167326435134127,0.0876185831541253,0.0470980147171519,698,"tags=25%, list=7%, signal=23%",7422/23493/8862,0.352487857583619
GO:0050803,regulation of synapse structure or activity,189,-0.502204368042889,-1.65587089380442,7.65265441386331e-05,0.00218691678982839,0.00117554330879037,1822,"tags=38%, list=19%, signal=31%",4088/23613/9040/8499/547/5063/7804/79012/349667/5100/2043/57030/6453/26037/8482/257194/89910/55327/4747/22924/2894/23390/84687/80823/9844/577/55799/2823/50863/998/9890/1496/84062/10154/26999/91752/27006/57026/25791/9912/51517/4045/57496/9901/57463/2185/347731/9456/5800/1141/64218/1946/22865/9378/816/56341/25945/26050/9746/57524/7087/112755/1006/80059/57142/9743/9148/8506/7534/27067/23077,0.538434096309916
GO:0035672,oligopeptide transmembrane transport,13,0.711378423049836,1.65570480888754,0.0188879979761551,0.0950603568061146,0.0510982250876685,1570,"tags=38%, list=16%, signal=32%",51296/1497/4363/121260/51629,0.352487857583619
GO:0140014,mitotic nuclear division,158,0.447912880259193,1.65552604929001,7.42453270517166e-05,0.00214599506957701,0.00115354647075362,2201,"tags=44%, list=23%, signal=34%",29128/9055/9212/9319/54892/11044/3021/332/83903/23397/11130/81620/655/3835/90417/91272/10403/7517/5347/7756/23141/9700/80346/4751/8243/891/256364/10274/4926/51203/10051/9031/26065/147841/56992/7175/8899/11004/9918/26271/2491/27338/23212/3304/4288/55755/10615/54820/7040/9735/5119/9787/4085/983/84861/3833/79643/8881/91782/9088/54908/79080/5501/10201/29127/27183/10600/57082/1111,0.538434096309916
GO:0019722,calcium-mediated signaling,97,-0.540848827206465,-1.6552403763962,0.00101880744760203,0.013147912626546,0.00706745715455838,1435,"tags=30%, list=15%, signal=26%",3208/10725/1131/477/84687/808/576/123041/2892/7226/2932/151651/844/3094/3632/488/5121/5532/83988/2281/11261/56704/801/3708/79772/805/5530/5534/9495,0.45505986738723
GO:0031570,DNA integrity checkpoint signaling,81,0.491459944474555,1.65483106667029,0.00108088104884878,0.0136872981947302,0.00735739552737904,1829,"tags=37%, list=19%, signal=30%",7157/5982/3014/641/595/1017/55159/4582/10926/163859/81620/63967/1407/5347/84444/9675/79968/80279/51499/5984/51343/84126/5983/5591/2177/151636/146956/672/580/983,0.45505986738723
GO:0002252,immune effector process,233,0.425863182639529,1.65450624322331,7.37107343558153e-06,0.000393745948077899,0.000211652046744135,1100,"tags=20%, list=11%, signal=18%",3955/182/6223/196/11118/720/9846/3133/5648/3956/301/5914/54209/653361/4192/6774/10758/3430/117854/54210/2896/3106/54440/2150/714/718/64332/5130/84695/3592/3958/11314/3105/7855/22904/3107/8772/26022/1398/4242/9948/30817/121260/7009/975/6046,0.610526878385931
GO:0050918,positive chemotaxis,29,0.594701892327797,1.65449488143592,0.0070599724246286,0.0502412877435627,0.0270064274537812,1578,"tags=34%, list=16%, signal=29%",7422/9037/3148/2150/3958/23513/8829/3576/285/7423,0.407017918923954
GO:0043277,apoptotic cell clearance,24,0.620529095504156,1.65445924674079,0.00978113900562307,0.0621428043867355,0.0334039037178126,1242,"tags=38%, list=13%, signal=33%",3690/720/301/5914/54209/718/1777/7057/949,0.380730400722792
GO:0097194,execution phase of apoptosis,33,0.580785617123541,1.65440154806236,0.00674951034470655,0.0486887754780541,0.0261718984886088,1951,"tags=39%, list=20%, signal=32%",7157/581/7132/64332/27443/8772/835/1777/80279/22985/7159/1676/10395,0.407017918923954
GO:0035773,insulin secretion involved in cellular response to glucose stimulus,34,-0.646807748194747,-1.6520741955733,0.0048706706677184,0.0383028384751968,0.0205890986280868,1007,"tags=32%, list=10%, signal=29%",9024/781/226/8655/5532/9572/1946/2044/6833/133308/22841,0.407017918923954
GO:0017157,regulation of exocytosis,92,-0.542791437850353,-1.65133360549866,0.00112167950790292,0.0140023058402206,0.00752672301692799,1323,"tags=30%, list=14%, signal=27%",376267/57102/808/23086/9066/6812/9545/84062/9783/9498/22930/10079/22895/6804/785/8448/5864/84961/93664/200933/192683/9699/23400/5530/6861/326624/9899/5413,0.45505986738723
GO:0046903,secretion,423,-0.471384641031246,-1.65094892723682,5.40053038094026e-07,5.63820011313097e-05,3.03072729947457e-05,1332,"tags=25%, list=14%, signal=23%",79803/376267/51172/57102/808/23086/9515/222183/9066/23233/26059/10307/6812/9545/8648/4760/306/149371/84062/139596/27445/2781/79751/2029/9024/2917/781/63908/9522/63941/23025/10497/1408/226/9783/65985/9912/25924/55691/11069/10059/26297/4253/9498/6623/8492/22930/261729/8564/2066/10079/8655/22895/5532/6804/7260/286097/9900/1141/785/8448/9572/2775/5864/6714/50855/80223/8867/1946/112476/9378/6855/55207/8766/84961/93664/6447/130026/200933/322/192683/84446/79772/3767/2044/9746/9256/54536/112755/9699/6833/23400/3737/5530/3382/6861/8541/133308/326624/23167/5567/9899/4345/5413/5058/22841,0.659444398037935
GO:0006620,post-translational protein targeting to endoplasmic reticulum membrane,14,0.701569349844246,1.65028830934659,0.0249558826655246,0.114099485209658,0.0613324141999766,944,"tags=43%, list=10%, signal=39%",23480/6746/6748/51608/10952/29927,0.352487857583619
GO:0016188,synaptic vesicle maturation,13,-0.778097812377754,-1.65020378947247,0.00764358703766508,0.0534038697002427,0.0287064244884046,1174,"tags=62%, list=12%, signal=54%",6812/51201/537/527/10159/6855/535/51382,0.407017918923954
GO:1903317,regulation of protein maturation,26,0.620347703370879,1.6498121125297,0.0135693480498045,0.0767589926649901,0.0412606097481644,1178,"tags=27%, list=12%, signal=24%",4323/6281/302/26022/7057/5328/5329,0.380730400722792
GO:0007029,endoplasmic reticulum organization,61,-0.566182525841911,-1.64945092972875,0.00535077198497686,0.0411297955857966,0.0221086857157435,701,"tags=21%, list=7%, signal=20%",22931/22930/165679/64225/283820/25956/51308/2039/80124/6252/51062/57142/7905,0.407017918923954
GO:0086011,membrane repolarization during action potential,12,-0.777523222193405,-1.64935094647256,0.00933237384133978,0.0610583218766727,0.0328209569115445,1123,"tags=50%, list=12%, signal=44%",3760/781/388591/6327/30819/784,0.380730400722792
GO:0009214,cyclic nucleotide catabolic process,12,-0.777491596967524,-1.64928386024961,0.00933237384133978,0.0610583218766727,0.0328209569115445,1095,"tags=50%, list=11%, signal=44%",10846/5143/5141/27115/5144/5138,0.380730400722792
GO:0016064,immunoglobulin mediated immune response,39,0.564080815898209,1.64889614153302,0.0047271967190279,0.0376391889703731,0.0202323640973511,1095,"tags=26%, list=11%, signal=23%",720/3133/54209/10758/714/718/64332/5130/121260/975,0.407017918923954
GO:0019724,B cell mediated immunity,39,0.564080815898209,1.64889614153302,0.0047271967190279,0.0376391889703731,0.0202323640973511,1095,"tags=26%, list=11%, signal=23%",720/3133/54209/10758/714/718/64332/5130/121260/975,0.407017918923954
GO:0006363,termination of RNA polymerase I transcription,14,0.70035781574321,1.64743844060053,0.0258392540778902,0.11662208792374,0.0626884002873615,1327,"tags=57%, list=14%, signal=49%",284119/84172/5441/30834/5437/9533/5435/64425,0.352487857583619
GO:0006942,regulation of striated muscle contraction,43,-0.6053892048936,-1.64585382002234,0.00471199977849517,0.0376391889703731,0.0202323640973511,1687,"tags=33%, list=17%, signal=27%",54795/84502/148/477/808/388591/844/488/2281/56704/801/5144/7341/805,0.407017918923954
GO:0022409,positive regulation of cell-cell adhesion,137,0.451655328737111,1.64541375743687,0.000203550703701236,0.00433776868496725,0.00233170049103412,1311,"tags=25%, list=14%, signal=22%",86/10630/3133/9780/3654/301/5914/4192/4301/80381/960/3037/655/865/11221/64332/3592/3105/3113/8772/5970/6599/6605/6598/7412/29117/975/6046/3485/5329/7494/6603/6602/864,0.518848077743792
GO:0042745,circadian sleep/wake cycle,10,-0.817321961291912,-1.64533628513226,0.00670962531447091,0.0486342569402282,0.0261425928915032,532,"tags=40%, list=5%, signal=38%",153/1141/9572/3737,0.407017918923954
GO:1904018,positive regulation of vasculature development,90,0.477335645495683,1.64479858048256,0.0011082388246996,0.0138776493775439,0.00745971586271037,1937,"tags=38%, list=20%, signal=31%",7422/133/9037/6667/8038/3690/4814/8877/8091/4192/6774/284361/2896/358/5315/718/27161/7057/2246/3162/7494/8829/3315/3696/3576/285/7423/7052/7040/694/672/2247/25865/51129,0.45505986738723
GO:0030003,intracellular monoatomic cation homeostasis,204,-0.490456484602236,-1.64466365119689,0.000171363984522195,0.00381804721689461,0.00205233225120482,1463,"tags=24%, list=15%, signal=20%",23479/5910/122416/79734/477/6508/9497/65082/123041/26059/64116/57282/57130/1534/54997/84286/6553/79641/537/84679/9498/527/10159/488/51310/6505/286097/793/785/10367/80762/23335/11261/23312/491/79085/2039/535/3708/7220/10479/9256/51382/23400/55847/490/9899/27020,0.518848077743792
GO:2001185,"regulation of CD8-positive, alpha-beta T cell activation",10,0.753886562934012,1.64414427551269,0.0213727898310026,0.103551289422309,0.0556623946385093,1311,"tags=40%, list=14%, signal=35%",3133/865/3105/864,0.352487857583619
GO:0032495,response to muramyl dipeptide,13,0.706372372183678,1.64405342584854,0.0213467635695863,0.103544071567419,0.0556585147922072,73,"tags=15%, list=1%, signal=15%",7431/182,0.352487857583619
GO:0099170,postsynaptic modulation of chemical synaptic transmission,19,-0.702204682750796,-1.64389086656619,0.0119803451005897,0.070812678145733,0.0380642603133859,551,"tags=26%, list=6%, signal=25%",6505/2775/5530/23236/5534,0.380730400722792
GO:0061437,renal system vasculature development,14,0.698781456549888,1.64373040069165,0.0271643125541362,0.119887217059513,0.0644435199726404,1554,"tags=50%, list=16%, signal=42%",3690/8837/655/4854/358/8829/285,0.352487857583619
GO:0061440,kidney vasculature development,14,0.698781456549888,1.64373040069165,0.0271643125541362,0.119887217059513,0.0644435199726404,1554,"tags=50%, list=16%, signal=42%",3690/8837/655/4854/358/8829/285,0.352487857583619
GO:1902105,regulation of leukocyte differentiation,142,0.443702854660304,1.64329265362773,0.000412709858133056,0.00693878725626094,0.00372983781008763,1345,"tags=25%, list=14%, signal=22%",4323/86/678/7130/4609/4057/677/3956/301/5914/54209/4192/9444/3106/714/865/11221/64332/10221/84695/8772/6599/6605/2175/6598/29117/6046/1021/55365/7494/6688/6603/6602/864/1435,0.49849310876659
GO:2000278,regulation of DNA biosynthetic process,48,0.531727643460258,1.6427401561645,0.00453777067448174,0.0366145167233517,0.0196815673732637,1924,"tags=35%, list=20%, signal=29%",7422/7157/5982/64855/11232/26277/9767/100134934/5984/3183/5983/5371/63922/2247/92345/908/25865,0.407017918923954
GO:2001028,positive regulation of endothelial cell chemotaxis,11,0.748741328483536,1.64177836894262,0.011982467715073,0.070812678145733,0.0380642603133859,27,"tags=18%, list=0%, signal=18%",7422/9037,0.380730400722792
GO:0071824,protein-DNA complex organization,138,0.438164846329424,1.64169505939598,0.000232307529470323,0.00466827511602268,0.00250935911313921,1644,"tags=41%, list=17%, signal=34%",8970/8342/7157/8344/3014/8359/8365/4609/8343/8347/3021/8363/8341/6662/8350/3006/8366/3148/9555/3008/8339/81620/8349/3007/8361/8346/64332/54107/9441/8968/6599/6605/3005/6598/8888/6418/5469/375757/1106/8345/6603/8368/51586/6602/64425/3009/132660/9477/8355/11177/29028/4678/8360/8356/8354/400569,0.518848077743792
GO:0046470,phosphatidylcholine metabolic process,38,0.551418411925148,1.64164982244063,0.00829503505331924,0.056734275405198,0.0304966325842163,1959,"tags=37%, list=20%, signal=30%",1622/3931/84879/63874/5130/341/5920/949/79888/57153/10400/5322/137964/56994,0.380730400722792
GO:0032368,regulation of lipid transport,53,0.518519608882932,1.64064704478715,0.00671890326923059,0.0486342569402282,0.0261425928915032,1087,"tags=30%, list=11%, signal=27%",4828/3690/9388/1622/114897/27346/54209/348/2587/302/1407/5360/7057/19/341/706,0.407017918923954
GO:2000819,regulation of nucleotide-excision repair,24,0.615301151690778,1.64052046442397,0.011221289803959,0.0680703705674677,0.0365901752730822,2131,"tags=54%, list=22%, signal=42%",86/8110/9274/6599/6605/6598/29117/6603/6602/60/6604/1387/8289,0.380730400722792
GO:0097720,calcineurin-mediated signaling,26,-0.65734506444044,-1.64015280523055,0.00867759907963162,0.0585770862531876,0.0314872070641399,1396,"tags=46%, list=14%, signal=40%",10725/808/576/2932/151651/5532/11261/801/805/5530/5534/9495,0.380730400722792
GO:0045766,positive regulation of angiogenesis,86,0.483168623310834,1.64014996189112,0.00102988286189054,0.0132503221865186,0.00712250583018328,1592,"tags=33%, list=16%, signal=27%",7422/133/9037/6667/8038/3690/4814/8877/8091/4192/6774/284361/2896/358/5315/718/27161/7057/2246/3162/7494/8829/3315/3696/3576/285/7423/7052,0.45505986738723
GO:0014902,myotube differentiation,61,0.517362977103577,1.63947931457535,0.00208721404242599,0.0211224058969729,0.0113540227196706,830,"tags=31%, list=9%, signal=29%",4323/8038/6159/8837/6132/9780/6170/6157/23250/6156/25873/55544/10938/57190/928/338773/6161/6147/6134,0.431707695803346
GO:0008608,attachment of spindle microtubules to kinetochore,38,0.550688046786798,1.63947542315733,0.00865308807122641,0.0585770862531876,0.0314872070641399,2178,"tags=42%, list=22%, signal=33%",9212/332/81620/90417/91272/10403/7756/4751/891/147841/11004/10615/9735/983/29127/57082,0.380730400722792
GO:0098659,inorganic cation import across plasma membrane,53,-0.587154237540049,-1.63935876958837,0.00510639338618555,0.0398127104991725,0.0214007069906774,1919,"tags=49%, list=20%, signal=40%",776/287/773/54795/777/162514/23479/477/123041/64116/3760/610/781/7226/6553/3763/84679/5532/728215/6529/3767/10479/6833/5530/5534/9495,0.407017918923954
GO:0099587,inorganic ion import across plasma membrane,53,-0.587154237540049,-1.63935876958837,0.00510639338618555,0.0398127104991725,0.0214007069906774,1919,"tags=49%, list=20%, signal=40%",776/287/773/54795/777/162514/23479/477/123041/64116/3760/610/781/7226/6553/3763/84679/5532/728215/6529/3767/10479/6833/5530/5534/9495,0.407017918923954
GO:0043525,positive regulation of neuron apoptotic process,28,0.584633156151067,1.63847749487655,0.00979264571497135,0.0621428043867355,0.0334039037178126,1291,"tags=32%, list=13%, signal=28%",4313/8837/26471/581/2896/835/23621/834/837,0.380730400722792
GO:0048713,regulation of oligodendrocyte differentiation,15,0.686437801322355,1.63844054358651,0.0210765474628044,0.102506187190263,0.0551006160918367,887,"tags=40%, list=9%, signal=36%",4192/1605/9444/388585/11221/26022,0.352487857583619
GO:0062098,regulation of programmed necrotic cell death,17,0.669258999845044,1.63835515653578,0.0196967721825652,0.0984594919141233,0.052925377611477,1678,"tags=53%, list=17%, signal=44%",7157/8837/26471/8772/835/8531/706/4595/9181,0.352487857583619
GO:0072583,clathrin-dependent endocytosis,36,-0.631837666739782,-1.6380238229126,0.00459709576237387,0.0368816428083987,0.0198251568702856,2710,"tags=64%, list=28%, signal=46%",50618/84251/115548/23396/8301/9892/1173/22848/23149/5291/9829/2580/6453/160/1213/9863/10825/1212/8522/29978/22876/1759/133308,0.407017918923954
GO:0006858,extracellular transport,15,-0.747967232452198,-1.63794434860439,0.0051033715727659,0.0398127104991725,0.0214007069906774,1449,"tags=33%, list=15%, signal=28%",26256/92714/152110/123872/23639,0.407017918923954
GO:0048483,autonomic nervous system development,16,0.662568883504139,1.63791283000671,0.018160699996687,0.0924465066176348,0.0496931903311843,1947,"tags=56%, list=20%, signal=45%",8828/55558/2670/429/7412/2335/8829/6405/6664,0.352487857583619
GO:0055074,calcium ion homeostasis,86,-0.541435580468909,-1.63776704160109,0.00137849744010222,0.0159162235508813,0.00855551989150822,604,"tags=17%, list=6%, signal=17%",488/286097/793/785/10367/491/79085/2039/3708/7220/9256/23400/490/9899/27020,0.45505986738723
GO:0070527,platelet aggregation,36,0.565212436078071,1.6373160407332,0.00636679594581648,0.0471366296339396,0.0253375664875916,762,"tags=19%, list=8%, signal=18%",10630/3690/9289/114897/81542/928/83706,0.407017918923954
GO:0006937,regulation of muscle contraction,66,-0.568118842961692,-1.63689972890436,0.00123139222816084,0.0146104983109549,0.00785364747640159,1687,"tags=35%, list=17%, signal=29%",54795/84502/148/1131/477/808/55799/5604/781/84193/388591/844/488/785/2281/56704/782/801/5144/7341/805/490/784,0.45505986738723
GO:0007035,vacuolar acidification,26,-0.655661610036424,-1.6359523896306,0.00951063159928698,0.0614362478710415,0.0330241051867622,817,"tags=31%, list=8%, signal=28%",79641/537/527/10159/23335/23312/535/51382,0.380730400722792
GO:0051310,metaphase chromosome alignment,64,0.505894418201342,1.63566014083849,0.0029780153563609,0.0269682935704785,0.0144963892561993,2178,"tags=45%, list=22%, signal=35%",9212/3021/332/11130/81620/81610/3835/90417/91272/10403/7756/4751/891/256364/4926/147841/11004/23212/10615/9735/5119/983/3833/79643/91782/54908/29127/27183/57082,0.431707695803346
GO:0009163,nucleoside biosynthetic process,12,0.71740135195996,1.63417494253213,0.0205861792555773,0.10113349995173,0.0543627492896684,833,"tags=25%, list=9%, signal=23%",7083/1841/84267,0.352487857583619
GO:0034404,nucleobase-containing small molecule biosynthetic process,12,0.71740135195996,1.63417494253213,0.0205861792555773,0.10113349995173,0.0543627492896684,833,"tags=25%, list=9%, signal=23%",7083/1841/84267,0.352487857583619
GO:0002366,leukocyte activation involved in immune response,122,0.45611712242912,1.63339769979014,0.000339773468440024,0.00599232001840879,0.00322107897956363,1329,"tags=22%, list=14%, signal=19%",3955/9846/3956/301/5914/54209/4192/6774/3430/2896/2150/64332/5130/84695/3958/11314/22904/26022/4242/30817/121260/975/6046/7494/9021/6688/80031,0.49849310876659
GO:0071897,DNA biosynthetic process,89,0.479873875049957,1.63287538395776,0.000688599554938986,0.00998587670736261,0.00536775363394911,1930,"tags=39%, list=20%, signal=32%",7422/7157/5982/7083/64855/11232/7011/10714/5980/27434/5981/54107/3978/26277/57804/84875/7298/9767/5426/6240/100134934/5984/3183/9768/85456/5983/7012/5371/5425/63922/2247/92345/908/25865/54108,0.477270815362862
GO:0045624,positive regulation of T-helper cell differentiation,12,0.716793558219538,1.63279044374618,0.0205861792555773,0.10113349995173,0.0543627492896684,1100,"tags=33%, list=11%, signal=30%",301/5914/64332/6046,0.352487857583619
GO:0032727,positive regulation of interferon-alpha production,14,0.694055345581621,1.63261325926958,0.0289310593753202,0.124963224732703,0.0671720494179951,519,"tags=21%, list=5%, signal=20%",4828/56829/1660,0.352487857583619
GO:1905818,regulation of chromosome separation,52,0.518306677659913,1.63218161509306,0.00466403964132787,0.0373477178110126,0.0200756882820273,1889,"tags=48%, list=19%, signal=39%",9212/9319/54892/332/83903/23397/11130/10403/7517/5347/7756/9700/891/4926/10051/147841/7175/8899/26271/55755/9735/9787/4085/84861/8881,0.407017918923954
GO:1903131,mononuclear cell differentiation,206,0.427343531789438,1.63195581051098,3.98770717684892e-05,0.00134624994290419,0.000723655842646222,1345,"tags=23%, list=14%, signal=20%",4323/7422/86/3955/678/4609/8837/677/3956/301/5914/54209/4192/23397/6774/10758/9444/3106/2150/714/865/11221/64332/10221/84695/8772/6599/26022/6605/2175/4242/6598/7412/29117/2353/6046/10051/1021/1316/55365/7494/9021/6688/6603/6602/864/1435,0.557332238758646
GO:0007596,blood coagulation,88,0.47569782535654,1.63122775900599,0.00115856416616028,0.0141304646855386,0.00759561282278461,1626,"tags=30%, list=17%, signal=25%",10630/2149/308/3690/8761/9289/114897/1608/81542/348/196527/5154/2150/928/83706/7057/10451/5328/79001/5329/71/2335/3315/285/4627/2677,0.45505986738723
GO:0050817,coagulation,88,0.47569782535654,1.63122775900599,0.00115856416616028,0.0141304646855386,0.00759561282278461,1626,"tags=30%, list=17%, signal=25%",10630/2149/308/3690/8761/9289/114897/1608/81542/348/196527/5154/2150/928/83706/7057/10451/5328/79001/5329/71/2335/3315/285/4627/2677,0.45505986738723
GO:0032486,Rap protein signal transduction,15,-0.744849866711961,-1.63111775062627,0.00588849371658079,0.0444533872700733,0.02389523104009,776,"tags=33%, list=8%, signal=31%",11069/9693/10769/9771/51195,0.407017918923954
GO:0002377,immunoglobulin production,38,0.547873048426622,1.63109477888029,0.00948854598187487,0.0614135951587606,0.0330119285715057,1697,"tags=37%, list=18%, signal=31%",3133/23397/10758/54440/64332/5130/8888/121260/7009/10051/78996/7494/5591/7040,0.380730400722792
GO:0099625,ventricular cardiac muscle cell membrane repolarization,11,-0.783097823387835,-1.63084747659729,0.00864218108822901,0.0585770862531876,0.0314872070641399,1123,"tags=55%, list=12%, signal=48%",3760/781/6330/388591/6327/6324,0.380730400722792
GO:0006873,intracellular monoatomic ion homeostasis,207,-0.487797957571564,-1.62978216779127,7.80416428288387e-05,0.0022103069311255,0.00118811631761327,1463,"tags=23%, list=15%, signal=20%",23479/5910/122416/79734/477/6508/9497/65082/123041/26059/64116/57282/57130/1534/54997/84286/6553/79641/537/84679/9498/527/10159/488/51310/6505/286097/793/785/10367/80762/23335/11261/23312/491/79085/2039/535/3708/7220/10479/9256/51382/23400/55847/490/9899/27020,0.538434096309916
GO:0061041,regulation of wound healing,53,0.515072220020012,1.6297391673351,0.00713036045820096,0.0506567695851987,0.0272297632940522,1394,"tags=40%, list=14%, signal=34%",2149/51330/114897/6239/301/27346/81542/348/10979/196527/5154/4921/2150/928/1398/7057/5328/5329/7494/199731/71,0.407017918923954
GO:0007059,chromosome segregation,258,0.413159342972409,1.62955654048308,1.30729534187971e-05,0.000611887532649693,0.000328910682877439,1889,"tags=35%, list=19%, signal=29%",86/29128/9055/10783/9212/9319/93323/8110/54892/11044/29893/9274/3021/332/83903/23397/10460/11130/140710/81620/338657/4439/54930/81610/56852/3835/90417/91272/10403/7517/5347/7756/79023/9700/4751/6599/8243/6605/5518/891/55355/6598/64946/256364/10274/4926/29117/51203/10051/9031/55839/9985/26065/147841/56992/6491/6603/7175/7156/6602/8899/348995/11004/9918/26271/55063/2491/23212/401541/3304/4288/23137/23353/55755/91687/10615/2177/54820/25879/9735/5119/9787/60/4085/672/983/84861/3833/79643/8881,0.593325476396405
GO:0042773,ATP synthesis coupled electron transport,60,-0.55936358762233,-1.62941679162798,0.00659199571575352,0.0482118230857537,0.0259155201042148,2573,"tags=52%, list=27%, signal=38%",1350/4702/4707/4519/4694/4705/4729/4722/4723/9167/54205/7388/4513/6391/23479/7381/4514/4715/55967/4711/1346/4725/4698/374291/4706/9377/7385/65018/1345/4714/4719,0.407017918923954
GO:0042775,mitochondrial ATP synthesis coupled electron transport,60,-0.55936358762233,-1.62941679162798,0.00659199571575352,0.0482118230857537,0.0259155201042148,2573,"tags=52%, list=27%, signal=38%",1350/4702/4707/4519/4694/4705/4729/4722/4723/9167/54205/7388/4513/6391/23479/7381/4514/4715/55967/4711/1346/4725/4698/374291/4706/9377/7385/65018/1345/4714/4719,0.407017918923954
GO:2000027,regulation of animal organ morphogenesis,15,0.68258775059721,1.62925095759519,0.0232193091107986,0.109603450165067,0.0589156400742589,760,"tags=40%, list=8%, signal=37%",7422/89958/6662/6608/5154/6091,0.352487857583619
GO:1900117,regulation of execution phase of apoptosis,11,0.743008874148944,1.62920871481849,0.0137949019659469,0.0775159604477976,0.0416675060764509,1951,"tags=55%, list=20%, signal=44%",7157/7132/8772/7159/1676/10395,0.380730400722792
GO:0050807,regulation of synapse organization,186,-0.495494629565563,-1.62804001926254,0.000262205777711438,0.0051550110873298,0.00277099650916586,1822,"tags=37%, list=19%, signal=31%",4088/23613/9040/8499/547/5063/7804/79012/349667/5100/2043/6453/26037/8482/257194/89910/55327/4747/22924/2894/23390/84687/80823/9844/577/55799/2823/50863/998/9890/1496/84062/10154/26999/91752/27006/57026/25791/9912/51517/4045/57496/9901/57463/2185/347731/9456/5800/1141/64218/1946/22865/9378/816/56341/25945/26050/9746/57524/7087/1006/80059/57142/9743/9148/8506/7534/27067/23077,0.49849310876659
GO:0046628,positive regulation of insulin receptor signaling pathway,12,-0.767408023119921,-1.62789369260618,0.0112429024373282,0.0680703705674677,0.0365901752730822,1348,"tags=42%, list=14%, signal=36%",5590/114882/10580/6653/5058,0.380730400722792
GO:1900078,positive regulation of cellular response to insulin stimulus,12,-0.767408023119921,-1.62789369260618,0.0112429024373282,0.0680703705674677,0.0365901752730822,1348,"tags=42%, list=14%, signal=36%",5590/114882/10580/6653/5058,0.380730400722792
GO:0010715,regulation of extracellular matrix disassembly,18,0.656862658839947,1.62766317609251,0.0174458646246531,0.0896730191425533,0.0482023450194146,1178,"tags=39%, list=12%, signal=34%",10630/6624/6774/4921/780/5328/5329,0.352487857583619
GO:0046058,cAMP metabolic process,18,-0.709682896612365,-1.62667983058442,0.0103223161539587,0.0642480444980913,0.0345355429908805,1524,"tags=44%, list=16%, signal=38%",115/108/10846/5143/5141/27115/5144/107,0.380730400722792
GO:0061564,axon development,253,-0.478949756275537,-1.62619755148701,8.96776874021e-05,0.00237151630276984,0.00127477192290755,1794,"tags=38%, list=19%, signal=32%",10371/334/9211/5063/288/349667/53942/10381/4744/3800/23242/2043/9369/3897/1952/26037/8482/80128/152330/4884/3798/55605/5306/23390/7070/5728/9706/6812/26230/284656/4760/5747/137970/9890/1496/4135/4858/10154/6049/9024/2917/333/26999/56920/4983/90249/2932/9344/6586/10505/4133/10439/8543/5532/26128/57463/9331/23032/90990/1951/5800/1141/23271/5864/64218/1272/53335/1946/22865/9378/59277/133418/91137/322/8997/84446/659/2051/51466/22876/26050/51062/2044/10479/5797/4130/9353/8941/6324/10501/57142/8506/285220/57731/27020/5058/23077,0.538434096309916
GO:2000516,"positive regulation of CD4-positive, alpha-beta T cell activation",18,0.655974230546901,1.62546170825486,0.0185294451742847,0.0938706586260283,0.0504587212247025,1622,"tags=33%, list=17%, signal=28%",301/5914/64332/975/6046/3965,0.352487857583619
GO:2000177,regulation of neural precursor cell proliferation,26,0.610942020078305,1.6247977373037,0.0166582435861378,0.0874350596187829,0.0469993644781576,484,"tags=23%, list=5%, signal=22%",7422/2771/79801/27185/4192/10763,0.352487857583619
GO:0048172,regulation of short-term neuronal synaptic plasticity,10,-0.806814620613826,-1.62418414473146,0.00959665345454586,0.0615034226274078,0.0330602139384684,1144,"tags=60%, list=12%, signal=53%",57282/729993/22930/5864/6855/8541,0.380730400722792
GO:0050000,chromosome localization,73,0.493323532657703,1.62332002273408,0.00187113223652529,0.0198396433119013,0.0106644935246591,2178,"tags=47%, list=22%, signal=36%",9212/4000/3021/332/11130/81620/81610/3835/90417/91272/10403/7756/4751/891/256364/4926/147841/11004/23212/23353/10615/4928/54820/9735/5119/9787/983/3833/79643/91782/54908/29127/27183/57082,0.45505986738723
GO:0006302,double-strand break repair,204,0.42107772743398,1.62295191015903,8.19633594896628e-05,0.00227556169109459,0.00122319300494091,1901,"tags=30%, list=20%, signal=25%",86/29128/1663/3014/9319/2521/8110/641/11044/9274/4000/113130/8091/84515/55159/3148/2305/9112/7517/5347/6421/4171/5980/2237/27434/84296/6599/6605/55257/6598/64421/4172/80314/29117/55671/65980/9401/4174/9985/375757/23503/78996/6603/7156/84309/6602/55063/85456/8089/84126/23137/5591/2177/151636/146956/60/5371/672/6502/10635/3297/55010,0.538434096309916
GO:0090091,positive regulation of extracellular matrix disassembly,12,0.712398765513312,1.62277950621656,0.0217853375267588,0.105067570700483,0.0564774481966014,1178,"tags=50%, list=12%, signal=44%",10630/6624/6774/4921/5328/5329,0.352487857583619
GO:0038096,Fc-gamma receptor signaling pathway involved in phagocytosis,12,-0.764855013302211,-1.62247802264418,0.0115368303952955,0.0688619862350029,0.0370156960361185,1460,"tags=42%, list=15%, signal=35%",26060/5747/6714/5581/5058,0.380730400722792
GO:0055117,regulation of cardiac muscle contraction,35,-0.622164115455796,-1.62129498611279,0.00779387640245914,0.0540604275893593,0.0290593470307593,1687,"tags=37%, list=17%, signal=31%",54795/84502/148/477/808/388591/488/2281/56704/801/5144/7341/805,0.407017918923954
GO:0008286,insulin receptor signaling pathway,68,-0.549799382609095,-1.62123403310671,0.00440646734661294,0.0357601773128974,0.0192223304319833,1551,"tags=26%, list=16%, signal=22%",79837/26060/4303/5164/5590/3416/5594/2932/8396/114882/5295/10000/10580/5595/6653/1176/9847/5058,0.407017918923954
GO:0002263,cell activation involved in immune response,126,0.447505360234203,1.62109061248574,0.000496855378109641,0.00800773915206683,0.00430443637477834,1329,"tags=21%, list=14%, signal=19%",3955/9846/3956/301/5914/54209/4192/6774/3430/2896/2150/64332/5130/84695/3958/11314/22904/26022/4242/30817/121260/975/6046/7494/9021/6688/80031,0.477270815362862
GO:0022616,DNA strand elongation,25,0.596286786742097,1.62065377844835,0.0195585700942025,0.0979088562248332,0.0526293919099923,1821,"tags=40%, list=19%, signal=33%",86/10714/4798/54107/3978/4172/5426/5984/5983/5425,0.352487857583619
GO:0008016,regulation of heart contraction,80,-0.550538536531142,-1.62038524733061,0.00175072797937519,0.0189335257175582,0.0101774240211638,1705,"tags=36%, list=18%, signal=30%",3781/54795/84502/148/55328/477/6508/808/3760/781/6330/388591/6327/488/30819/6505/153/6714/2281/56704/491/801/7220/5144/7341/6324/805/490/57731,0.45505986738723
GO:0051924,regulation of calcium ion transport,96,-0.537603286624489,-1.62036007811861,0.0014340863459597,0.0163122490025605,0.0087683972501702,1299,"tags=28%, list=13%, signal=25%",477/7070/91404/808/6376/781/7416/151651/844/5532/2185/9456/2281/816/4985/56704/782/801/7220/5144/7341/805/5530/490/29979/5534/9495,0.45505986738723
GO:0010453,regulation of cell fate commitment,20,0.639808524205199,1.62035882013322,0.0208451466110848,0.101813100345808,0.0547280579743082,1100,"tags=35%, list=11%, signal=31%",8324/3956/9219/3065/9112/84695/6046,0.352487857583619
GO:0001649,osteoblast differentiation,99,0.461380544022289,1.62023357820805,0.00146152136502264,0.0165796240870848,0.00891212059301143,654,"tags=21%, list=7%, signal=20%",9902/2201/25937/7130/51374/3486/8994/4057/3371/3488/6662/6238/10979/4921/1660/255743/51430/655/6209/27316/338773,0.45505986738723
GO:1903514,release of sequestered calcium ion into cytosol by endoplasmic reticulum,20,-0.694819007387326,-1.61997491758101,0.0112424180679448,0.0680703705674677,0.0365901752730822,1299,"tags=45%, list=13%, signal=39%",477/808/844/2281/56704/801/3708/5144/805,0.380730400722792
GO:0060074,synapse maturation,26,-0.648419197980408,-1.61788172462847,0.0118708965832003,0.0703584039060467,0.0378200722193062,1544,"tags=58%, list=16%, signal=49%",8482/4747/5728/577/27006/50944/91851/55638/5064/9378/816/26470/9148/8506/7534,0.380730400722792
GO:0006271,DNA strand elongation involved in DNA replication,11,0.737664351063152,1.6174896844127,0.0154059582926596,0.0826088233736005,0.0444050958022511,1821,"tags=73%, list=19%, signal=59%",10714/54107/3978/4172/5426/5984/5983/5425,0.380730400722792
GO:0030225,macrophage differentiation,21,0.619758472513712,1.61740271980242,0.0235689663037066,0.109861338447295,0.0590542639331995,860,"tags=29%, list=9%, signal=26%",7422/8837/9444/714/10221/8772,0.352487857583619
GO:0046621,negative regulation of organ growth,12,-0.762421269057849,-1.61731534935246,0.0128595073596994,0.0741354112813271,0.0398503441381619,33,"tags=17%, list=0%, signal=17%",27086/5058,0.380730400722792
GO:0031644,regulation of nervous system process,59,-0.567262818068818,-1.61697757575757,0.00513225462359001,0.0398127104991725,0.0214007069906774,2127,"tags=47%, list=22%, signal=37%",8898/10458/85446/285175/134145/23613/55182/5071/2905/22999/5590/5728/57578/23175/2911/84866/50944/10497/11343/6785/23542/6804/2185/728215/9378/112755/9699/2257,0.407017918923954
GO:0007498,mesoderm development,27,0.589369401303721,1.61599586509122,0.0238815520637027,0.110504550119326,0.0594000124229037,388,"tags=19%, list=4%, signal=18%",7422/3690/677/8091/6608,0.352487857583619
GO:0002027,regulation of heart rate,34,-0.632664337607148,-1.61594914336979,0.00718278778461823,0.0507728047756933,0.0272921362167005,1259,"tags=44%, list=13%, signal=39%",808/3760/781/6330/6327/488/6505/153/6714/2281/801/5144/6324/805/57731,0.407017918923954
GO:0051932,"synaptic transmission, GABAergic",28,-0.6389494121935,-1.615930635276,0.00945025163053504,0.0614135951587606,0.0330119285715057,2088,"tags=54%, list=22%, signal=42%",8938/5334/2550/9568/81539/148/8224/6812/2556/64854/2560/2562/9378/23228/404037,0.380730400722792
GO:0001910,regulation of leukocyte mediated cytotoxicity,35,0.559248977094309,1.61587124477397,0.00820122968630597,0.0562751045141646,0.0302498123709113,2382,"tags=43%, list=25%, signal=32%",3133/3106/2150/3592/3105/3107/8772/1398/6688/3965/7040/100507436/3140/7305/164,0.380730400722792
GO:1901988,negative regulation of cell cycle phase transition,166,0.430042919062897,1.61565749509912,0.000210978535331212,0.00438585920737791,0.00235755080783586,2020,"tags=39%, list=21%, signal=32%",678/7157/5982/3014/9212/9319/641/677/7465/595/1017/332/83903/55159/4582/9555/11130/10926/22809/163859/81620/63967/1407/10403/7517/5347/7756/84444/9675/79027/891/79968/80279/29117/147841/144455/1263/7175/7114/8899/51499/5984/26271/10263/1030/51343/84126/5983/5591/55755/2177/151636/9735/146956/4085/5933/672/580/983/84861/65975/340152/9088/6657/54908,0.518848077743792
GO:0001912,positive regulation of leukocyte mediated cytotoxicity,24,0.605967013825648,1.61563371727028,0.0140735908897257,0.0783516537660189,0.0421167200991358,1289,"tags=33%, list=13%, signal=29%",3133/3106/2150/3592/3105/3107/8772/6688,0.380730400722792
GO:0031343,positive regulation of cell killing,24,0.605967013825648,1.61563371727028,0.0140735908897257,0.0783516537660189,0.0421167200991358,1289,"tags=33%, list=13%, signal=29%",3133/3106/2150/3592/3105/3107/8772/6688,0.380730400722792
GO:0001525,angiogenesis,271,0.413728378995798,1.61469468774188,6.22294197873317e-06,0.000336677117310948,0.000180975579097717,1788,"tags=34%, list=18%, signal=29%",4323/7422/133/9037/6667/4313/51330/8038/182/3690/9289/2771/7837/4327/57674/23554/8828/301/4814/22846/8877/8091/4192/4017/6774/5154/302/284361/1605/2896/9444/4854/358/91010/22905/5315/2969/718/8862/2047/27161/7453/6091/3592/6093/5970/2050/7057/2064/56999/3339/2034/682/2246/3162/83700/10451/57556/8751/5469/4804/144455/10516/7494/6678/4691/71/2335/85377/8829/3315/10267/11082/3696/3576/10253/7045/285/4627/7423/1942/7052/51421/4059/290/1500/7040/6303/441478/11252/694/5371/672,0.610526878385931
GO:1903055,positive regulation of extracellular matrix organization,17,0.65954814597144,1.61458285385196,0.0225601670438361,0.107594445489849,0.0578357306720057,1728,"tags=53%, list=18%, signal=44%",10630/8837/6624/6774/4921/5328/5329/7040/4089,0.352487857583619
GO:0051251,positive regulation of lymphocyte activation,132,0.44498023702485,1.61359253700964,0.000312224268296239,0.00572656660138034,0.00307822733901242,1311,"tags=23%, list=14%, signal=21%",4323/86/3133/301/5914/79155/4192/80381/4773/54440/865/11221/64332/3592/3105/3113/8772/6599/6605/6598/7412/10451/29117/975/6046/3485/7494/6688/6603/6602/864,0.49849310876659
GO:0009116,nucleoside metabolic process,22,0.609679520245718,1.61340428618769,0.0174367398988781,0.0896730191425533,0.0482023450194146,833,"tags=23%, list=9%, signal=21%",51251/7083/4833/1841/84267,0.352487857583619
GO:0007528,neuromuscular junction development,26,-0.646405658565315,-1.61285770832598,0.0121485752455046,0.0714024896044979,0.0383813043440613,568,"tags=23%, list=6%, signal=22%",55906/200933/9215/8506/23077/6416,0.380730400722792
GO:1900119,positive regulation of execution phase of apoptosis,10,0.739336111556425,1.61241132984845,0.0267639930484059,0.119132956805191,0.0640380790344306,1951,"tags=50%, list=20%, signal=40%",7157/7132/8772/7159/10395,0.352487857583619
GO:0180064,protein O-linked glycosylation via xylose,32,0.560616322886315,1.61127384605886,0.0120613786379869,0.070988867297496,0.0381589680678829,913,"tags=28%, list=9%, signal=26%",9955/347734/92126/50515/113189/79586/54480/7358/22856,0.380730400722792
GO:0031341,regulation of cell killing,36,0.556134517522561,1.61101898723851,0.00767868275375621,0.0535603987121508,0.0287905642386849,1968,"tags=36%, list=20%, signal=29%",3133/3106/2150/3592/3105/3107/8772/1398/6688/3965/7040/100507436/3140,0.407017918923954
GO:0070886,positive regulation of calcineurin-NFAT signaling cascade,10,-0.800271317748859,-1.61101193825934,0.0120146629270959,0.070812678145733,0.0380642603133859,581,"tags=40%, list=6%, signal=38%",5532/5530/5534/9495,0.380730400722792
GO:0106058,positive regulation of calcineurin-mediated signaling,10,-0.800271317748859,-1.61101193825934,0.0120146629270959,0.070812678145733,0.0380642603133859,581,"tags=40%, list=6%, signal=38%",5532/5530/5534/9495,0.380730400722792
GO:2000736,regulation of stem cell differentiation,38,0.541108574642256,1.61095599325607,0.0117562217802101,0.0700553962573874,0.0376571951425238,666,"tags=24%, list=7%, signal=22%",678/55553/182/6662/9219/3065/117854/9112/388585,0.380730400722792
GO:0086012,membrane depolarization during cardiac muscle cell action potential,13,-0.759498323889124,-1.61075766085222,0.0134278003996899,0.0764515664748654,0.0410953575527317,1919,"tags=77%, list=20%, signal=62%",776/287/288/54795/477/610/781/6330/6327/6324,0.380730400722792
GO:0061450,trophoblast cell migration,16,0.651328573969344,1.61012606298723,0.0244894422977019,0.112365463389059,0.060400317579757,1068,"tags=38%, list=11%, signal=33%",7422/2201/4313/811/27161/4087,0.352487857583619
GO:0050868,negative regulation of T cell activation,50,0.524780225730164,1.61011389683539,0.00650980805917161,0.0478595644768366,0.0257261689352072,1833,"tags=34%, list=19%, signal=28%",3133/3956/301/57045/4192/10385/865/84695/3958/11314/55824/23513/864/868/3965/5322/2302,0.407017918923954
GO:1902895,positive regulation of miRNA transcription,31,0.570774134287545,1.61011006633721,0.00966112654505464,0.0616022058005686,0.0331133133059297,2384,"tags=61%, list=25%, signal=46%",7157/4609/6774/367/4854/8862/5970/2353/4804/6688/7040/4089/2247/4086/6720/57591/3569/7042/7003,0.380730400722792
GO:0038094,Fc-gamma receptor signaling pathway,16,-0.736878641080662,-1.6097131052187,0.00917915832908972,0.0605250752324354,0.0325343184223786,1460,"tags=31%, list=15%, signal=27%",26060/5747/6714/5581/5058,0.380730400722792
GO:0017145,stem cell division,14,0.684140693352457,1.60929121039635,0.0390898856492791,0.155640500701109,0.0836621448181978,98,"tags=14%, list=1%, signal=14%",678/25937,0.321775918075361
GO:0048489,synaptic vesicle transport,34,-0.630013871012069,-1.60917933042278,0.00771980355714542,0.0537583680052041,0.0288969795713931,1996,"tags=53%, list=21%, signal=42%",26258/118426/5071/3800/26052/80128/55327/3798/10947/84062/4133/90990/5864/8867/1176/65018/1759/284697,0.407017918923954
GO:0007292,female gamete generation,46,0.520827156493894,1.60839751027011,0.00715642097624413,0.050756464739076,0.0272833528826476,657,"tags=24%, list=7%, signal=22%",4313/80336/7130/9319/4327/3625/10766/84515/4192/23397/10403,0.407017918923954
GO:0045671,negative regulation of osteoclast differentiation,14,0.683574222561231,1.60795871187065,0.0395315745993776,0.156936260403926,0.0843586604129068,203,"tags=14%, list=2%, signal=14%",7130/4057,0.321775918075361
GO:0032965,regulation of collagen biosynthetic process,15,0.673664393297706,1.60795202802539,0.0274796225476868,0.120670142717209,0.0648643695552427,536,"tags=33%, list=6%, signal=32%",7431/2149/4261/4921/51430,0.352487857583619
GO:0032757,positive regulation of interleukin-8 production,23,0.608170268820469,1.6072569512422,0.0194761855174294,0.0976122362037435,0.0524699484036517,2376,"tags=52%, list=25%, signal=39%",2149/6774/2150/8772/5970/3304/3965/25865/10392/11315/3569/965,0.352487857583619
GO:0051987,positive regulation of attachment of spindle microtubules to kinetochore,10,0.736942316634186,1.60719072450587,0.0271490798773738,0.119887217059513,0.0644435199726404,933,"tags=30%, list=10%, signal=27%",9212/332/891,0.352487857583619
GO:0001935,endothelial cell proliferation,77,0.475699832975348,1.60627377462526,0.00203330339452922,0.0209281471339349,0.0112496019250042,1266,"tags=29%, list=13%, signal=25%",4323/7422/9037/6667/3690/8828/22846/348/1535/4893/4192/4017/6774/3148/284361/8862/3592/7057/3162/4804/7494/6678,0.431707695803346
GO:1901838,positive regulation of transcription of nucleolar large rRNA by RNA polymerase I,11,0.732478037785238,1.60611756345407,0.0170170170445548,0.088438192029583,0.0475385827963082,1283,"tags=27%, list=13%, signal=24%",1663/6598/4691,0.352487857583619
GO:0009611,response to wounding,233,0.413405563780014,1.60610758135493,2.66369232946333e-05,0.00103312005927779,0.000555337714955497,1420,"tags=27%, list=15%, signal=24%",7422/10630/678/2149/4313/51330/308/3690/8761/9289/8324/114897/6239/1608/677/3371/301/27346/81542/3625/6281/22846/389/1809/54209/348/10979/4192/6774/196527/5154/4921/302/977/1605/960/79026/2896/1495/2150/780/928/64332/83706/10413/1398/7057/2064/2246/3162/10451/5328/706/26509/79001/5329/949/1289/7494/94121/199731/71/2335/8829,0.575610261071129
GO:0001568,blood vessel development,308,0.401851385948973,1.60577130085047,8.80238204140025e-06,0.000431930839705919,0.00023217774486808,1788,"tags=33%, list=18%, signal=28%",4323/7422/133/9037/6667/4313/51330/6909/8038/182/3690/9289/2771/4015/196/23493/7837/8837/4327/57674/23554/8828/301/4814/22846/8877/8091/4192/4017/6774/5154/302/284361/1605/3037/2896/655/9444/4854/358/91010/22905/5315/2969/718/8862/2047/27161/7453/6091/3592/6093/5970/2050/7057/2064/56999/3339/2034/682/2246/3162/83700/10451/10959/57556/8751/5469/4804/144455/10516/7494/6678/4691/71/2335/85377/8829/3315/10267/11082/3696/3576/10253/7045/285/4627/7423/1942/7052/51421/4059/290/1500/7040/6303/441478/11252/694/5371/672,0.593325476396405
GO:2000351,regulation of endothelial cell apoptotic process,20,0.633955111516697,1.60553465240354,0.0226286722365485,0.107779906137962,0.0579354221760204,1265,"tags=35%, list=13%, signal=30%",9037/3690/79155/5598/7057/4804/7494,0.352487857583619
GO:0007599,hemostasis,90,0.465940292062975,1.60553258112324,0.00181835448677814,0.0193286043682714,0.0103897924416048,1626,"tags=29%, list=17%, signal=24%",10630/2149/308/3690/8761/9289/114897/1608/81542/348/196527/5154/2150/928/83706/7057/10451/5328/79001/5329/71/2335/3315/285/4627/2677,0.45505986738723
GO:0021954,central nervous system neuron development,33,-0.623132641264607,-1.60539602527332,0.00905234629872303,0.0598760209727448,0.0321854293400093,740,"tags=33%, list=8%, signal=31%",4133/1620/2560/26128/9331/1141/9693/9353/6324/57731/23077,0.380730400722792
GO:0002791,regulation of peptide secretion,87,-0.523619349404119,-1.60523014538602,0.00430807070431598,0.0351046980085177,0.018869987666178,1208,"tags=28%, list=12%, signal=24%",222183/9066/4760/2781/79751/2029/9024/781/226/65985/25924/11069/8655/5532/6804/7260/9572/2775/1946/3767/2044/6833/133308/5567,0.407017918923954
GO:0000289,nuclear-transcribed mRNA poly(A) tail shortening,25,0.590544455131715,1.60504663834666,0.0224643852124867,0.107360934990593,0.0577102107134002,1573,"tags=32%, list=16%, signal=27%",678/677/11044/27161/23034/5436/85456/23019,0.352487857583619
GO:0032411,positive regulation of transporter activity,18,-0.700190621862405,-1.60492237812808,0.0127097572710092,0.0737611474064758,0.0396491643786715,1863,"tags=56%, list=19%, signal=45%",7225/134145/342667/6786/65268/54997/844/11261/6324/784,0.380730400722792
GO:0042100,B cell proliferation,27,0.585300543909472,1.60483943805207,0.0261134106198307,0.117083182752167,0.0629362546834666,1095,"tags=33%, list=11%, signal=30%",196/4773/54440/64332/5130/3592/11314/10451/975,0.352487857583619
GO:0021762,substantia nigra development,29,-0.625172427897003,-1.60389497734133,0.013478664800308,0.0764515664748654,0.0410953575527317,1259,"tags=31%, list=13%, signal=27%",808/998/57447/8655/7707/801/805/10409/7533,0.380730400722792
GO:0034612,response to tumor necrosis factor,113,0.453968440123557,1.60369723324692,0.000624025128783627,0.00917556112706239,0.00493218102192246,1575,"tags=35%, list=16%, signal=29%",7846/8970/678/7157/9261/84817/677/55504/8877/1535/7132/2635/58191/10758/255743/3037/2150/3987/10795/5970/8531/7057/84888/22900/3551/7412/834/2353/11173/837/7114/81/1687/55022/3304/3576/10010/54469/51667,0.477270815362862
GO:0042219,modified amino acid catabolic process,14,-0.73663083234703,-1.60367695848177,0.0285736713736955,0.124182176309984,0.0667522089140314,1978,"tags=57%, list=20%, signal=46%",78991/26090/1734/29958/145447/51449/60496/2806,0.352487857583619
GO:0008089,anterograde axonal transport,29,-0.62496858203726,-1.60337200586017,0.013478664800308,0.0764515664748654,0.0410953575527317,1996,"tags=52%, list=21%, signal=41%",26258/118426/547/3800/80128/4747/3798/10947/55605/84062/4133/1176/55207/4130/11127,0.380730400722792
GO:0001913,T cell mediated cytotoxicity,17,0.654962289047889,1.60335661357791,0.0262184804500876,0.117329785259141,0.0630688120484074,860,"tags=35%, list=9%, signal=32%",3133/3106/3592/3105/3107/8772,0.352487857583619
GO:0046651,lymphocyte proliferation,88,0.467515547733456,1.60316969844904,0.00177371770705034,0.0190946140912052,0.0102640145858553,1187,"tags=26%, list=12%, signal=23%",11119/196/4609/3133/301/57045/80381/10385/4773/54440/64332/5130/3592/3958/11314/3105/3113/8772/7412/10451/975/3485/23513,0.45505986738723
GO:0099563,modification of synaptic structure,32,-0.619897281667971,-1.60294914741309,0.0128546801275128,0.0741354112813271,0.0398503441381619,2060,"tags=50%, list=21%, signal=40%",10458/27145/79012/2043/6453/23390/3706/5217/58512/1496/57026/9912/10810/57496/6710/56341,0.380730400722792
GO:0048813,dendrite morphogenesis,85,-0.52680570331474,-1.60247349040223,0.00295580474038062,0.0268825344922548,0.014450290789608,2256,"tags=48%, list=23%, signal=37%",8301/1020/23327/26012/10458/5048/26258/8322/50488/4088/10371/8499/547/5063/7804/22903/2043/1952/23072/26037/22924/5728/80823/577/998/1496/84062/4135/2932/50944/9344/25791/9912/4133/23542/1141/9693/816/9743/7533/27067,0.431707695803346
GO:0043487,regulation of RNA stability,138,0.427651087847395,1.60230261269419,0.000382977075968009,0.00654317109548582,0.00351718045942317,2557,"tags=40%, list=26%, signal=30%",7431/678/9261/23351/2521/677/11044/328/55544/10758/1660/9444/4234/23589/27161/6093/85463/22938/10644/8531/9238/25804/51690/54502/192669/23034/5436/3183/90806/85456/25819/143684/23019/10643/10658/92345/10492/340152/55051/23318/26135/56339/55095/8148/26058/1153/6426/5073/4076/7538/3192/4848/79066/8570/155435,0.49849310876659
GO:1904035,regulation of epithelial cell apoptotic process,15,0.671089539962708,1.60180617753504,0.0283316870571214,0.123384643324099,0.0663235073880028,800,"tags=33%, list=8%, signal=31%",8837/677/26471/4192/10413,0.352487857583619
GO:0099622,cardiac muscle cell membrane repolarization,16,-0.733123748716827,-1.60151053411705,0.00989070725084663,0.0626708477456048,0.0336877452613762,1919,"tags=62%, list=20%, signal=50%",776/287/3781/3760/781/6330/388591/6327/30819/6324,0.380730400722792
GO:1903313,positive regulation of mRNA metabolic process,93,0.457293679017982,1.60146309244821,0.0010527131104278,0.0134212970574179,0.00721441072861922,2543,"tags=41%, list=26%, signal=30%",678/9567/56829/23351/677/11044/1660/9444/27316/6434/27161/6093/85463/22938/891/22916/25804/51690/192669/23034/5436/85456/23019/4928/10658/10492/340152/23318/56339/55095/26058/5073/4076/7538/3192/4848/79066/8570,0.45505986738723
GO:0001944,vasculature development,322,0.403137880391077,1.60067065416566,2.4110179362621e-06,0.000163742080653515,8.80170238643402e-05,1788,"tags=32%, list=18%, signal=27%",4323/7422/10630/133/9037/6667/4313/51330/6909/8038/182/3690/9289/2771/4015/196/23493/7837/8837/4327/57674/23554/8828/301/4814/22846/8877/8091/4192/4017/6774/5154/302/284361/1605/3037/2896/655/9444/4773/4854/358/91010/22905/5315/2969/718/8862/2047/27161/7453/6091/3592/6093/5970/2050/7057/2064/56999/3339/2034/682/2246/3162/83700/10451/10959/57556/8751/5469/4804/144455/10516/7494/6678/4691/71/2335/85377/8829/3315/10267/11082/3696/3576/10253/7045/285/4627/7423/1942/7052/51421/4059/290/1500/7040/6303/441478/11252/694/5371/672,0.627256739718528
GO:0046640,regulation of alpha-beta T cell proliferation,13,0.687710281477057,1.60061815662239,0.0301769163865688,0.128973454402784,0.069327686375607,1622,"tags=46%, list=17%, signal=38%",3133/57045/3592/3105/975/3965,0.352487857583619
GO:0022904,respiratory electron transport chain,69,-0.544308105287638,-1.60013389377542,0.00681873951561489,0.0490205805040798,0.0263502551503628,2485,"tags=46%, list=26%, signal=35%",4702/4707/4519/4694/4705/4729/4722/4723/9167/54205/7388/4513/6391/54902/23479/7381/4514/4715/55967/205327/4711/1346/4725/4698/374291/4706/9377/7385/65018/1345/4714/4719,0.407017918923954
GO:0070296,sarcoplasmic reticulum calcium ion transport,20,-0.686279593092381,-1.60006521905295,0.0134494931305456,0.0764515664748654,0.0410953575527317,1299,"tags=45%, list=13%, signal=39%",477/808/844/488/2281/56704/801/5144/805,0.380730400722792
GO:0035176,social behavior,18,-0.698012019110235,-1.59992875467636,0.0136928227759996,0.077044949486291,0.0414143214163206,1316,"tags=56%, list=14%, signal=48%",2894/5728/50944/2925/23542/26047/1141/9378/6310/5413,0.380730400722792
GO:0090257,regulation of muscle system process,105,-0.517489835845829,-1.59984756126631,0.00223379783058337,0.0224443496310996,0.012064613135583,1369,"tags=24%, list=14%, signal=21%",1131/477/808/55799/5604/781/84193/388591/844/488/785/2281/816/56704/782/801/5144/7341/805/6833/5530/490/27086/784/5058,0.431707695803346
GO:0006509,membrane protein ectodomain proteolysis,25,0.588606588551661,1.59977969152691,0.0235689663037066,0.109861338447295,0.0590542639331995,1904,"tags=40%, list=20%, signal=32%",348/1605/27316/51107/6093/84888/23621/4627/23385/257364,0.352487857583619
GO:0034644,cellular response to UV,44,0.52554042114704,1.59973644048634,0.00619766800970035,0.0460460545791118,0.024751344728081,761,"tags=20%, list=8%, signal=19%",4313/7157/9212/4609/10714/163859/358/8451/1643,0.407017918923954
GO:0120039,plasma membrane bounded cell projection morphogenesis,346,-0.462219686684688,-1.59914249167425,1.38403401968664e-05,0.000634850387291047,0.000341254010364758,1794,"tags=36%, list=19%, signal=31%",10371/334/8499/547/9211/5063/288/7804/5071/53942/10381/4744/22903/3800/23242/2043/9369/3897/1952/23072/26037/8482/80128/152330/4884/22999/3798/22924/55605/5306/23390/7070/5728/80823/577/9706/6812/26230/284656/2823/5747/5604/137970/144402/998/9890/1496/84062/4135/4858/10154/6049/9024/333/26999/56920/4983/90249/2932/50944/9344/23025/6586/25791/9912/10505/4133/10439/4659/23542/10079/8543/5532/26128/57463/26047/9331/23032/90990/1951/5800/1141/8522/5864/6714/64218/1272/9693/53335/23136/1946/22865/9378/816/59277/133418/322/8997/84446/659/2051/51466/26050/51062/2044/9746/10479/5797/4649/4130/9353/8941/6324/9699/10501/57142/9743/8506/7533/285220/57731/27020/27067/5058/23077,0.593325476396405
GO:0035791,platelet-derived growth factor receptor-beta signaling pathway,10,0.733111081664115,1.59883521937567,0.0279192538062726,0.121966098408355,0.0655609905004475,773,"tags=40%, list=8%, signal=37%",4015/5782/5154/3092,0.352487857583619
GO:0042063,gliogenesis,135,0.436696694021891,1.59832760597758,0.000454617898232081,0.00746493202544507,0.00401265879611975,1148,"tags=22%, list=12%, signal=20%",7846/4323/1031/55553/10397/9289/54587/2670/6662/54209/27185/7132/79006/4192/6774/116448/8892/1605/2896/9444/928/388585/11221/26022/2064/10215/1462/706/23380/1021,0.49849310876659
GO:0043903,regulation of biological process involved in symbiotic interaction,17,0.652824783162189,1.5981239700262,0.027031440549669,0.119824242772692,0.0644096691183956,1622,"tags=47%, list=17%, signal=39%",4057/7706/3956/2150/85363/682/3576/3965,0.352487857583619
GO:1904019,epithelial cell apoptotic process,20,0.630833369310978,1.59762862688833,0.0230680502580911,0.109256085397468,0.058728919513989,800,"tags=30%, list=8%, signal=28%",8837/677/26471/4192/64332/10413,0.352487857583619
GO:0032731,positive regulation of interleukin-1 beta production,31,0.566309272779117,1.59751503438381,0.0108612519086203,0.0670094781496752,0.0360199089561913,2252,"tags=45%, list=23%, signal=35%",6774/2150/647087/7855/5970/22900/834/3315/79792/3965/3428/10392/7305/3569,0.380730400722792
GO:0017158,regulation of calcium ion-dependent exocytosis,18,-0.696934362192778,-1.59745863347112,0.0142545747805889,0.0788391947235718,0.042378790203073,1205,"tags=56%, list=12%, signal=49%",9066/6812/22930/22895/6804/8448/5864/192683/5530/6861,0.380730400722792
GO:0032414,positive regulation of ion transmembrane transporter activity,17,-0.705787963347185,-1.59722903009748,0.0216081006738758,0.104451529030648,0.0561463045215068,1863,"tags=59%, list=19%, signal=48%",7225/134145/342667/6786/65268/54997/844/11261/6324/784,0.352487857583619
GO:0009953,dorsal/ventral pattern formation,15,0.669005467000303,1.59683175795788,0.0287577194957379,0.124597100895291,0.0669752452097784,1068,"tags=33%, list=11%, signal=30%",649/6608/4188/429/4087,0.352487857583619
GO:0050708,regulation of protein secretion,125,-0.504551079123035,-1.59611119814095,0.000691206221251015,0.00998935018383316,0.00536962074752297,1255,"tags=28%, list=13%, signal=25%",23086/222183/9066/10307/4760/2781/79751/2029/9024/781/10497/226/65985/25924/55691/11069/10059/26297/8655/5532/6804/7260/9572/2775/50855/80223/1946/322/3767/2044/6833/23400/133308/5567/4345,0.477270815362862
GO:0046112,nucleobase biosynthetic process,14,0.678455481320931,1.59591799368746,0.0417400200874039,0.163095263674856,0.0876693373977992,1215,"tags=36%, list=13%, signal=31%",1723/790/84267/6470/7298,0.321775918075361
GO:0070884,regulation of calcineurin-NFAT signaling cascade,18,-0.696237404489989,-1.59586112133815,0.014531354027712,0.0793527518746478,0.0426548449096064,923,"tags=39%, list=10%, signal=35%",2932/151651/5532/11261/5530/5534/9495,0.380730400722792
GO:0106056,regulation of calcineurin-mediated signaling,18,-0.696237404489989,-1.59586112133815,0.014531354027712,0.0793527518746478,0.0426548449096064,923,"tags=39%, list=10%, signal=35%",2932/151651/5532/11261/5530/5534/9495,0.380730400722792
GO:0033619,membrane protein proteolysis,32,0.555103973069541,1.59543073780905,0.0140735908897257,0.0783516537660189,0.0421167200991358,1904,"tags=34%, list=20%, signal=28%",348/1605/27316/51107/6093/84888/23621/4627/7040/23385/257364,0.380730400722792
GO:1904889,regulation of excitatory synapse assembly,12,-0.751865451091323,-1.59492341576523,0.0172341448617302,0.0893465495288718,0.0480268563260763,544,"tags=33%, list=6%, signal=32%",2185/64218/9746/57524,0.352487857583619
GO:0022900,electron transport chain,75,-0.543324745166363,-1.59491027150215,0.00298663837851678,0.0269884667180745,0.0145072330197957,2485,"tags=44%, list=26%, signal=33%",4702/4707/4519/4694/4705/4729/4722/4723/9167/54205/7388/4513/6391/54902/23479/7381/4514/4715/1534/55967/205327/4711/1346/4725/4698/374291/4706/9377/7385/65018/1345/4714/4719,0.431707695803346
GO:0048858,cell projection morphogenesis,350,-0.459849929105955,-1.59463787818499,1.59680869276032e-05,0.000716865179090272,0.000385339793678434,1794,"tags=36%, list=19%, signal=30%",10371/334/8499/547/9211/5063/288/7804/5071/53942/10381/4744/22903/3800/23242/2043/9369/3897/1952/23072/26037/8482/80128/152330/4884/22999/3798/22924/55605/5306/23390/7070/5728/80823/577/9706/6812/26230/284656/2823/5747/5604/137970/144402/998/9890/1496/84062/4135/4858/10154/6049/9024/333/26999/56920/4983/90249/2932/50944/9344/23025/6586/25791/9912/65059/10505/4133/10439/4659/23542/10079/8543/5532/26128/57463/26047/9331/23032/90990/1951/5800/1141/8522/5864/6714/64218/1272/9693/53335/23136/1946/22865/9378/816/59277/133418/322/8997/84446/659/2051/51466/26050/51062/2044/9746/10479/5797/4649/4130/9353/8941/6324/9699/10501/57142/9743/8506/7533/285220/57731/27020/27067/5058/23077,0.575610261071129
GO:0051384,response to glucocorticoid,61,0.503194559645835,1.59458080352943,0.00338961315937116,0.0296083711777081,0.0159155221561345,1159,"tags=26%, list=12%, signal=23%",678/6909/8837/10018/3931/677/301/595/4192/358/11335/6781/790/2353/590/3485,0.431707695803346
GO:0031204,"post-translational protein targeting to membrane, translocation",10,0.731141210121137,1.5945391446343,0.0290745153232013,0.125107983871559,0.0672498624549884,944,"tags=50%, list=10%, signal=45%",23480/6746/6748/10952/29927,0.352487857583619
GO:0032330,regulation of chondrocyte differentiation,21,0.61072634239727,1.59383129244187,0.0288553236177932,0.124763796790048,0.0670648500107455,634,"tags=24%, list=7%, signal=22%",55553/6662/4192/4017/2202,0.352487857583619
GO:0031960,response to corticosteroid,66,0.494147197105722,1.59354872288489,0.0018959271963589,0.0200020319215864,0.0107517830111301,1159,"tags=26%, list=12%, signal=23%",678/6909/8837/10018/3931/677/301/595/1535/4192/358/11335/6781/790/2353/590/3485,0.45505986738723
GO:0007064,mitotic sister chromatid cohesion,21,0.610361519523203,1.59287920298294,0.0288553236177932,0.124763796790048,0.0670648500107455,1033,"tags=33%, list=11%, signal=30%",157570/113130/83903/9555/91272/8243/10274,0.352487857583619
GO:0051250,negative regulation of lymphocyte activation,58,0.498212536722427,1.59258814167578,0.0102996724864018,0.0642017989551193,0.0345106844142511,1964,"tags=33%, list=20%, signal=26%",3133/3956/301/57045/4192/10385/865/84695/3958/11314/55824/23513/864/868/3965/5322/2302/6664/100507436,0.380730400722792
GO:0002699,positive regulation of immune effector process,97,0.451736122093148,1.59236818748012,0.002438632594423,0.0236032787808831,0.012687577582025,1289,"tags=24%, list=13%, signal=21%",6223/720/9846/3133/5648/301/5914/54209/117854/3106/54440/2150/718/64332/3592/3105/7855/3107/8772/975/6046/7494/6688,0.431707695803346
GO:0055080,monoatomic cation homeostasis,223,-0.47521453824373,-1.59176961010349,0.000146906259469063,0.00340628799428266,0.00183099744723536,1463,"tags=22%, list=15%, signal=19%",23479/5910/5164/122416/79734/477/6508/9497/65082/123041/26059/64116/57282/57130/1534/54997/84286/6553/79641/537/84679/9498/527/10159/488/51310/6505/286097/793/785/10367/80762/23335/11261/23312/491/79085/2039/535/3708/7220/10479/9256/51382/23400/133308/55847/490/9899/27020,0.518848077743792
GO:0006956,complement activation,17,0.65010815963772,1.59147363859889,0.0286573620927834,0.124379505235228,0.0668582800269243,648,"tags=29%, list=7%, signal=27%",720/5648/54209/714/718,0.352487857583619
GO:0035924,cellular response to vascular endothelial growth factor stimulus,45,0.53816522042034,1.5908237988181,0.00424292023587735,0.0347672298939852,0.0186885868987534,1578,"tags=42%, list=16%, signal=36%",7422/9261/3690/9289/8828/301/8877/6091/3592/5970/967/7412/57556/7494/199731/8829/3315/10253/7423,0.407017918923954
GO:0090087,regulation of peptide transport,89,-0.522316596565747,-1.58941045147113,0.0020647859289255,0.0211224058969729,0.0113540227196706,1208,"tags=27%, list=12%, signal=24%",222183/9066/4760/2781/79751/2029/9024/781/226/65985/25924/11069/8655/5532/6804/7260/9572/2775/1946/3767/2044/6833/133308/5567,0.431707695803346
GO:0070286,axonemal dynein complex assembly,14,-0.72958091887046,-1.58832899406703,0.0349825496719723,0.144589970240669,0.0777221030197285,1499,"tags=36%, list=15%, signal=30%",25981/115948/56171/123872/23639,0.321775918075361
GO:0090276,regulation of peptide hormone secretion,84,-0.531177857960422,-1.58815688695981,0.00240292951888485,0.0234188512002172,0.0125884413874443,1208,"tags=29%, list=12%, signal=25%",222183/9066/4760/2781/79751/2029/9024/781/226/65985/25924/11069/8655/5532/6804/7260/9572/2775/1946/3767/2044/6833/133308/5567,0.431707695803346
GO:0036314,response to sterol,12,0.697132886128832,1.58800522331665,0.0269817083154785,0.119729557404121,0.0643587724624362,1874,"tags=58%, list=19%, signal=47%",3625/6608/1605/19/4087/7040/5727,0.352487857583619
GO:0009620,response to fungus,20,0.626931596396754,1.58774712028668,0.0252649438974842,0.114519939041228,0.0615584226565657,2336,"tags=55%, list=24%, signal=42%",23406/4057/84818/1398/6688/2597/7040/5322/10578/5336/55223,0.352487857583619
GO:0098739,import across plasma membrane,118,-0.505591247259251,-1.58763409133757,0.00165096159843604,0.018190751815666,0.00977815739411392,1569,"tags=31%, list=16%, signal=27%",777/9481/81539/162514/23479/26060/477/123041/10550/64116/3760/610/23428/781/7226/6553/206358/114882/3763/23507/5295/84679/10580/23596/5532/6505/728215/10776/6529/124935/8036/3767/10479/6833/5530/5534/9495,0.45505986738723
GO:0086091,regulation of heart rate by cardiac conduction,16,-0.725871467077695,-1.58566790800955,0.0111714974327778,0.068028454785458,0.0365676440925163,1919,"tags=56%, list=20%, signal=45%",776/287/54795/3760/781/6330/6327/6714/6324,0.380730400722792
GO:0071456,cellular response to hypoxia,88,0.462358921482045,1.58548697753725,0.00208129563990313,0.0211224058969729,0.0113540227196706,1130,"tags=28%, list=12%, signal=25%",7422/7157/10397/8614/4609/8837/677/3654/4000/595/26608/54209/56901/6774/4921/655/358/6781/4841/891/6839/2034/7009/2353/665,0.431707695803346
GO:0002431,Fc receptor mediated stimulatory signaling pathway,19,-0.677131545929488,-1.58519359263852,0.0259010432515505,0.116776071070025,0.0627711715469374,447,"tags=16%, list=5%, signal=15%",6714/5581/5058,0.352487857583619
GO:0050801,monoatomic ion homeostasis,228,-0.471004582756856,-1.58513716212855,0.00024435422799333,0.00484119644193359,0.00260231029837277,1463,"tags=22%, list=15%, signal=19%",23479/5910/5164/122416/79734/477/6508/9497/65082/123041/26059/64116/57282/57130/65268/1534/54997/84286/6553/79641/537/84679/9498/527/10159/488/51310/6505/286097/793/785/10367/80762/23335/11261/23312/491/79085/2039/535/3708/7220/10479/9256/51382/23400/133308/55847/490/9899/27020,0.49849310876659
GO:0007093,mitotic cell cycle checkpoint signaling,96,0.457393388144757,1.58507706685176,0.0033629175255428,0.0295656499120638,0.0158925580002942,1852,"tags=38%, list=19%, signal=31%",7157/9212/9319/641/595/1017/332/83903/55159/4582/11130/10926/163859/63967/10403/7517/5347/7756/891/80279/147841/1263/7175/8899/51499/51343/5591/55755/2177/9735/146956/4085/672/580/983/84861,0.431707695803346
GO:0015833,peptide transport,112,-0.506327907177449,-1.58371360967366,0.0025765864383063,0.0245518564941586,0.0131974708659831,1208,"tags=24%, list=12%, signal=21%",222183/9066/4760/2781/79751/2029/9024/781/226/65985/25924/11069/8655/5532/6804/7260/9572/2775/5864/1946/3767/2044/9699/6833/133308/5567/22841,0.431707695803346
GO:0055082,intracellular chemical homeostasis,297,-0.461525265822791,-1.58350725024321,6.98173487706687e-05,0.00206441978930439,0.00110969694006585,1566,"tags=24%, list=16%, signal=20%",408/9481/3607/5467/4884/23479/5910/122416/79734/477/6508/9497/65082/123041/26059/64116/57282/57130/1534/54997/9024/84286/781/6553/10497/226/84649/79641/537/5295/84679/9498/527/23530/10159/488/8655/5532/51310/6505/286097/793/785/9572/10367/80762/1946/23335/11261/23312/2744/491/79085/2039/535/3708/7220/2044/10479/9256/6833/57142/51382/23400/133308/55847/490/9899/27020/22841,0.538434096309916
GO:0060099,"regulation of phagocytosis, engulfment",11,0.721928928766696,1.58298634531584,0.0220280876324249,0.105634692964583,0.0567822960014791,993,"tags=55%, list=10%, signal=49%",54209/196527/2150/718/11314/11031,0.352487857583619
GO:1905153,regulation of membrane invagination,11,0.721928928766696,1.58298634531584,0.0220280876324249,0.105634692964583,0.0567822960014791,993,"tags=55%, list=10%, signal=49%",54209/196527/2150/718/11314/11031,0.352487857583619
GO:0007159,leukocyte cell-cell adhesion,177,0.420535008942067,1.58293560117843,0.000188279326697436,0.00403319166834101,0.00216797982476478,1967,"tags=31%, list=20%, signal=25%",86/3133/3956/3654/301/5914/57045/4192/80381/960/3037/10385/655/865/11221/64332/84695/83706/3592/6093/3958/11314/3105/3113/8772/5970/6599/55824/6605/6598/7430/7412/29117/975/6046/3485/23513/7494/6603/6602/864/6404/868/5880/3965/7040/5322/60/567/2302/4690/84861/2494/10318/5777,0.518848077743792
GO:0032943,mononuclear cell proliferation,90,0.459254798191161,1.58249577058133,0.00252345249593401,0.0242573337877939,0.0130391547387467,1187,"tags=26%, list=12%, signal=23%",11119/196/4609/3133/301/57045/80381/10385/4773/54440/64332/5130/3592/3958/11314/3105/3113/8772/7412/10451/975/3485/23513,0.431707695803346
GO:1903038,negative regulation of leukocyte cell-cell adhesion,57,0.4933418903906,1.58243676498093,0.0117964214058236,0.0701139413134866,0.0376886651322738,1833,"tags=30%, list=19%, signal=24%",3133/3956/301/57045/4192/10385/865/84695/3958/11314/55824/23513/864/868/3965/5322/2302,0.380730400722792
GO:0030168,platelet activation,58,0.49494592091749,1.58214606482927,0.0109641585459035,0.0675456190711135,0.0363081032193187,762,"tags=19%, list=8%, signal=18%",10630/2149/3690/9289/114897/1608/81542/348/5154/928/83706,0.380730400722792
GO:0002715,regulation of natural killer cell mediated immunity,26,0.594748510402602,1.58173116631106,0.0250038075264508,0.114194878529894,0.0613836914044085,1964,"tags=38%, list=20%, signal=31%",3133/3106/3592/3105/3107/1398/3965/7040/567/100507436,0.352487857583619
GO:0097091,synaptic vesicle clustering,13,-0.745799783502812,-1.58170555082681,0.0175071788811875,0.0898787042318873,0.0483129078591208,1438,"tags=62%, list=15%, signal=52%",8224/5728/27445/9024/8927/5864/9378/84446,0.352487857583619
GO:0070723,response to cholesterol,11,0.720905817023517,1.58074295008032,0.0220280876324249,0.105634692964583,0.0567822960014791,1874,"tags=64%, list=19%, signal=51%",3625/6608/1605/19/4087/7040/5727,0.352487857583619
GO:0014015,positive regulation of gliogenesis,24,0.592582112281703,1.57994679414849,0.0206963262492669,0.101401246219863,0.0545066721565196,2252,"tags=42%, list=23%, signal=32%",2670/4192/1605/9444/706/7040/1181/26011/5501/3569,0.352487857583619
GO:0043488,regulation of mRNA stability,129,0.435219763908931,1.57950882082413,0.000829706021115008,0.0112223057984145,0.00603237697560533,2557,"tags=41%, list=26%, signal=31%",7431/678/9261/23351/2521/677/11044/328/55544/10758/1660/9444/23589/27161/6093/85463/22938/10644/8531/9238/25804/51690/54502/192669/23034/5436/3183/90806/85456/25819/143684/23019/10643/10658/10492/340152/55051/23318/26135/56339/55095/8148/26058/1153/6426/5073/4076/7538/3192/4848/79066/8570/155435,0.477270815362862
GO:0006412,translation,433,0.386349352730947,1.57929068513689,7.02909603498288e-07,6.74154210627903e-05,3.62381172929158e-05,1680,"tags=23%, list=17%, signal=20%",1978/6210/678/1936/5935/85451/6187/6203/6472/10399/9567/80336/6223/8761/6159/8994/6132/677/1937/1973/8662/6202/6170/6157/3488/5914/54676/6156/124540/6238/6222/7965/25873/8892/1611/2197/1660/9444/9775/6205/811/6209/5315/79590/6161/6230/27161/55168/1615/7453/51409/54859/6147/6134/6470/7866/7353/116496/10644/8531/7057/2064/9939/23191/80279/115416/22916/192669/26065/56931/23513/7298/6142/1981/84164/3692/4691/23034/7175/6227/6897/8664/6194/5436/9801/2597/84305/3315/122704/6137/3609/6195/84271/23019/5591/6130/10643/8637/5018/57409,0.659444398037935
GO:0160307,protein biosynthetic process,433,0.386349352730947,1.57929068513689,7.02909603498288e-07,6.74154210627903e-05,3.62381172929158e-05,1680,"tags=23%, list=17%, signal=20%",1978/6210/678/1936/5935/85451/6187/6203/6472/10399/9567/80336/6223/8761/6159/8994/6132/677/1937/1973/8662/6202/6170/6157/3488/5914/54676/6156/124540/6238/6222/7965/25873/8892/1611/2197/1660/9444/9775/6205/811/6209/5315/79590/6161/6230/27161/55168/1615/7453/51409/54859/6147/6134/6470/7866/7353/116496/10644/8531/7057/2064/9939/23191/80279/115416/22916/192669/26065/56931/23513/7298/6142/1981/84164/3692/4691/23034/7175/6227/6897/8664/6194/5436/9801/2597/84305/3315/122704/6137/3609/6195/84271/23019/5591/6130/10643/8637/5018/57409,0.659444398037935
GO:1904862,inhibitory synapse assembly,14,-0.7249157812503,-1.57817278911188,0.0376529232842427,0.152052953358377,0.0817337142106262,917,"tags=50%, list=9%, signal=45%",2556/64218/2562/55203/9746/404037/140689,0.321775918075361
GO:1902969,mitotic DNA replication,10,0.723481190202482,1.57783347760323,0.0352359198178043,0.145352474712741,0.0781319755097274,2410,"tags=90%, list=25%, signal=68%",7083/81620/4171/3978/4172/51053/9400/9837/604,0.321775918075361
GO:0019725,cellular homeostasis,344,-0.455414341524131,-1.57770485618516,6.9955457315291e-05,0.00206441978930439,0.00110969694006585,1480,"tags=23%, list=15%, signal=20%",5467/4884/23479/5910/122416/79734/51022/112398/3416/477/6508/9497/65082/123041/26059/64116/3093/57282/57130/1534/54997/6376/9024/84286/781/7295/6553/10497/226/7001/84649/79641/537/5295/84679/9498/527/23530/10159/488/8655/5532/51310/6505/286097/793/785/9572/10367/80762/5213/1946/23335/11261/65018/23312/2744/491/79085/2039/535/3708/9215/7220/2044/10479/4130/9256/6833/57142/51382/23400/133308/55847/490/9899/27020/22841,0.538434096309916
GO:1903034,regulation of response to wounding,67,0.477044040467523,1.57705801752234,0.0036605064111955,0.0312817997148652,0.0168150477936637,1394,"tags=36%, list=14%, signal=31%",2149/51330/114897/6239/301/27346/81542/348/10979/4192/6774/196527/5154/4921/2896/2150/928/1398/7057/5328/5329/7494/199731/71,0.431707695803346
GO:0002562,somatic diversification of immune receptors via germline recombination within a single locus,23,0.596728611481221,1.57701922961219,0.0236382141720759,0.109861338447295,0.0590542639331995,1697,"tags=39%, list=18%, signal=32%",23397/3148/64332/5130/121260/10051/78996/5591/7040,0.352487857583619
GO:0016444,somatic cell DNA recombination,23,0.596728611481221,1.57701922961219,0.0236382141720759,0.109861338447295,0.0590542639331995,1697,"tags=39%, list=18%, signal=32%",23397/3148/64332/5130/121260/10051/78996/5591/7040,0.352487857583619
GO:0010828,positive regulation of D-glucose transmembrane transport,23,-0.658272979322914,-1.57649945490806,0.015759728848105,0.0840784522616977,0.0451950720893431,811,"tags=30%, list=8%, signal=28%",114882/5295/10580/23596/10776/9847/5797,0.352487857583619
GO:0099010,modification of postsynaptic structure,28,-0.623237046648519,-1.57619338479536,0.0136056223965433,0.0767589926649901,0.0412606097481644,2060,"tags=50%, list=21%, signal=39%",10458/27145/79012/6453/3706/5217/58512/1496/57026/9912/10810/57496/6710/56341,0.380730400722792
GO:0032481,positive regulation of type I interferon production,46,0.510153179224739,1.57543456229335,0.00818795100582921,0.0562751045141646,0.0302498123709113,2661,"tags=50%, list=27%, signal=36%",4828/3838/56829/3654/81844/3148/1660/4940/2597/201292/10010/340061/3665/79132/5336/8780/3663/10155/4939/56919/84932/929/331,0.380730400722792
GO:0140115,export across plasma membrane,39,-0.59104488792687,-1.57541711834357,0.0113072920050509,0.06826433799902,0.0366944394670128,1299,"tags=23%, list=13%, signal=20%",477/808/123041/127700/30819/801/805/3737/490,0.380730400722792
GO:0001503,ossification,151,0.428911574797693,1.57529590508491,0.000472130185830712,0.00766303609309848,0.00411914657483052,1640,"tags=32%, list=17%, signal=27%",4323/9902/2201/25937/7130/51374/3486/8994/4057/649/3371/10312/3488/3636/6662/6238/10979/4192/196527/4921/1660/255743/51430/655/6209/27316/338773/6781/10413/22904/1009/22856/5364/1462/4087/1021/3485/11173/9260/864/26271/3183/23601/25819/656/23353/6591/25805/54499,0.49849310876659
GO:0032728,positive regulation of interferon-beta production,23,0.59583491325961,1.57465738663394,0.0236382141720759,0.109861338447295,0.0590542639331995,1737,"tags=35%, list=18%, signal=29%",56829/81844/3148/1660/4940/201292/340061/3665,0.352487857583619
GO:0007158,neuron cell-cell adhesion,11,-0.755912247586432,-1.57423190907629,0.017905887687069,0.0913698259243424,0.0491144372708984,1789,"tags=55%, list=18%, signal=45%",4685/9369/152330/460/9378/7087,0.352487857583619
GO:0042407,cristae formation,11,-0.75590176456148,-1.57421007755757,0.017905887687069,0.0913698259243424,0.0491144372708984,452,"tags=27%, list=5%, signal=26%",10367/65018/91137,0.352487857583619
GO:0050871,positive regulation of B cell activation,30,0.567313728665668,1.5741844857173,0.0145224211434321,0.0793527518746478,0.0426548449096064,1289,"tags=27%, list=13%, signal=23%",4323/79155/4773/54440/10451/975/7494/6688,0.380730400722792
GO:0002756,MyD88-independent toll-like receptor signaling pathway,10,-0.781914467169618,-1.57405808926324,0.0180200364464263,0.091841248555458,0.0493678432176623,161,"tags=20%, list=2%, signal=20%",5581/22841,0.352487857583619
GO:0014808,release of sequestered calcium ion into cytosol by sarcoplasmic reticulum,19,-0.672357590104401,-1.57401756010694,0.029613250760805,0.126999916880688,0.0682668417931625,1615,"tags=47%, list=17%, signal=40%",84502/477/808/844/2281/56704/801/5144/805,0.352487857583619
GO:0031342,negative regulation of cell killing,16,0.636574269552619,1.57365247495187,0.0311872638496426,0.13157607193042,0.0707266831889212,1964,"tags=44%, list=20%, signal=35%",3133/3106/3105/1398/3965/7040/100507436,0.352487857583619
GO:0030155,regulation of cell adhesion,367,0.394191248063055,1.57341141977036,2.45738941566086e-06,0.000163742080653515,8.80170238643402e-05,1635,"tags=27%, list=17%, signal=23%",4323/7422/86/10630/9037/4313/182/3690/9289/8324/151887/114897/6239/3133/3956/3371/9780/3654/301/81542/6281/5914/57045/27185/3915/10979/4192/4301/4582/80381/255743/1605/960/3037/10385/655/395/811/928/80709/865/11221/64332/84695/83706/5598/3592/6093/3958/11314/3105/3113/8772/5970/6599/55824/967/1398/6605/7057/2064/6598/11078/7412/83700/5364/5328/29117/463/975/6046/57556/8751/1021/3485/5329/23513/7494/59339/6688/6603/6602/81/864/1435/1307/71/2335/8829/3910/3576/868/7045/5880/1942/7052/6591/3965/79872,0.627256739718528
GO:0061178,regulation of insulin secretion involved in cellular response to glucose stimulus,30,-0.61180970243917,-1.57188298591632,0.019968435210051,0.0993451910426836,0.0534014714843775,1007,"tags=33%, list=10%, signal=30%",9024/781/226/8655/5532/9572/1946/2044/6833/133308,0.352487857583619
GO:0099111,microtubule-based transport,147,-0.488353096919922,-1.57169707574653,0.00153337116595225,0.0172051407257342,0.00924835739110155,2002,"tags=33%, list=21%, signal=27%",5048/26258/26160/89941/167691/119032/51626/118426/25893/547/5195/57728/4744/3800/10128/1780/408/80128/4747/26256/57576/3798/10947/11158/55605/55614/5813/5604/998/84062/117178/152110/55054/4133/123872/7275/8655/26128/55638/90990/57700/1176/55207/6990/4130/11127/22920/27067/23639,0.45505986738723
GO:0042269,regulation of natural killer cell mediated cytotoxicity,24,0.589379631643883,1.57140831667477,0.022352014996116,0.106945015060782,0.0574866393856036,1964,"tags=38%, list=20%, signal=30%",3133/3106/3592/3105/3107/1398/3965/7040/100507436,0.352487857583619
GO:0000028,ribosomal small subunit assembly,15,0.658346900628638,1.57139110296161,0.035574251393552,0.146319045692777,0.0786515407960415,1920,"tags=40%, list=20%, signal=32%",6223/2197/6209/6194/5591/27341,0.321775918075361
GO:0032456,endocytic recycling,70,-0.532167534431834,-1.57072108567221,0.00888947340170951,0.0593569268278704,0.0319063983080663,982,"tags=20%, list=10%, signal=18%",51201/404636/9912/537/10079/7260/163486/6653/8766/27065/56850/22876/65009/9495,0.380730400722792
GO:0008630,intrinsic apoptotic signaling pathway in response to DNA damage,52,0.498406084865336,1.56951334727252,0.00932068537049017,0.0610583218766727,0.0328209569115445,1788,"tags=33%, list=18%, signal=27%",7157/10018/64782/581/7132/4582/960/22938/835/138151/23612/51499/5591/6591/3428/5371/672,0.380730400722792
GO:0032479,regulation of type I interferon production,78,0.455536773347803,1.56937298887278,0.00512936293922545,0.0398127104991725,0.0214007069906774,2661,"tags=42%, list=27%, signal=31%",4828/3838/56829/54739/3654/81844/3148/1660/9444/7353/4940/54476/2597/201292/10010/340061/3665/63906/84861/79132/55666/5336/7305/8780/3663/9140/10155/4939/56919/84932/929/8815/331,0.407017918923954
GO:0032606,type I interferon production,78,0.455536773347803,1.56937298887278,0.00512936293922545,0.0398127104991725,0.0214007069906774,2661,"tags=42%, list=27%, signal=31%",4828/3838/56829/54739/3654/81844/3148/1660/9444/7353/4940/54476/2597/201292/10010/340061/3665/63906/84861/79132/55666/5336/7305/8780/3663/9140/10155/4939/56919/84932/929/8815/331,0.407017918923954
GO:0046677,response to antibiotic,13,0.674267204010955,1.56932993183838,0.0407496871915071,0.160710294243089,0.0863873339533958,178,"tags=15%, list=2%, signal=15%",7157/4261,0.321775918075361
GO:0071548,response to dexamethasone,22,0.592996973414765,1.56925700607118,0.0252012885946309,0.114477328169368,0.0615355178411972,588,"tags=18%, list=6%, signal=17%",6909/8837/358/11335,0.352487857583619
GO:1903307,positive regulation of regulated secretory pathway,22,-0.659794017503267,-1.56922969627703,0.0198397122180808,0.0988472084537203,0.0531337886429119,1323,"tags=50%, list=14%, signal=43%",376267/9066/6812/9545/9498/22895/6804/8448/5864/192683/5530,0.352487857583619
GO:0038084,vascular endothelial growth factor signaling pathway,28,0.559698282804475,1.56859567516424,0.0188319744167489,0.0949473501059501,0.0510374800831742,1578,"tags=46%, list=16%, signal=39%",7422/3690/9289/8828/6091/3592/5970/967/57556/199731/8829/10253/7423,0.352487857583619
GO:0002694,regulation of leukocyte activation,232,0.403273486664753,1.56852467993815,9.22640394324754e-05,0.00238867635831317,0.00128399604545591,1311,"tags=22%, list=14%, signal=19%",4323/86/678/196/3133/677/3956/301/5914/57045/54209/8877/79155/4192/80381/10385/2896/4773/54440/865/11221/64332/84695/8451/3592/3958/11314/3105/3113/8772/6599/55824/6605/23729/7057/2175/6598/7412/121260/10451/29117/975/6046/3485/23513/7494/6688/6603/6602/864,0.538434096309916
GO:0009306,protein secretion,168,-0.483423341560309,-1.56738138127996,0.000581264209864689,0.00882350707060787,0.00474293980692859,1332,"tags=27%, list=14%, signal=24%",79803/51172/23086/222183/9066/10307/4760/2781/79751/2029/9024/781/63941/10497/226/65985/25924/55691/11069/10059/26297/4253/9498/6623/8655/5532/6804/7260/9572/2775/5864/50855/80223/1946/322/3767/2044/9746/9699/6833/23400/133308/5567/4345/22841,0.477270815362862
GO:0035592,establishment of protein localization to extracellular region,168,-0.483423341560309,-1.56738138127996,0.000581264209864689,0.00882350707060787,0.00474293980692859,1332,"tags=27%, list=14%, signal=24%",79803/51172/23086/222183/9066/10307/4760/2781/79751/2029/9024/781/63941/10497/226/65985/25924/55691/11069/10059/26297/4253/9498/6623/8655/5532/6804/7260/9572/2775/5864/50855/80223/1946/322/3767/2044/9746/9699/6833/23400/133308/5567/4345/22841,0.477270815362862
GO:0071692,protein localization to extracellular region,168,-0.483423341560309,-1.56738138127996,0.000581264209864689,0.00882350707060787,0.00474293980692859,1332,"tags=27%, list=14%, signal=24%",79803/51172/23086/222183/9066/10307/4760/2781/79751/2029/9024/781/63941/10497/226/65985/25924/55691/11069/10059/26297/4253/9498/6623/8655/5532/6804/7260/9572/2775/5864/50855/80223/1946/322/3767/2044/9746/9699/6833/23400/133308/5567/4345/22841,0.477270815362862
GO:0034110,regulation of homotypic cell-cell adhesion,17,0.639742893814804,1.56609932654067,0.0359740251989742,0.147245767545753,0.0791496858002055,630,"tags=29%, list=6%, signal=28%",10630/9289/114897/81542/928,0.321775918075361
GO:0003094,glomerular filtration,11,0.714111847890748,1.56584569366195,0.0244094412337875,0.112331343518629,0.0603819769709293,871,"tags=55%, list=9%, signal=50%",2149/55243/1535/2150/55959/4643,0.352487857583619
GO:0008038,neuron recognition,26,-0.627523305061973,-1.56574402824652,0.0198385592086848,0.0988472084537203,0.0531337886429119,556,"tags=31%, list=6%, signal=29%",57463/26047/1946/133418/2044/57142/7534/27020,0.352487857583619
GO:0046390,ribose phosphate biosynthetic process,111,-0.498695284841749,-1.5657042805984,0.0028436293074007,0.0260306196903057,0.0139923571591431,2110,"tags=40%, list=22%, signal=31%",4729/4722/4723/159/29922/134145/9061/5071/521/93974/513/5636/6391/115/509/26289/5634/221264/84833/108/5604/4715/139596/498/10632/55967/4711/226/9060/4725/4698/347736/2977/374291/527/4706/2983/55312/65018/4714/516/4719/9556/107,0.431707695803346
GO:0022612,gland morphogenesis,11,0.71380503365142,1.56517293664661,0.0244094412337875,0.112331343518629,0.0603819769709293,2291,"tags=73%, list=24%, signal=56%",4313/6662/5154/23513/7040/5371/7043/7042,0.352487857583619
GO:0002200,somatic diversification of immune receptors,26,0.588318597907458,1.56463084102679,0.0284825158191137,0.123913625522329,0.0666078535901496,1697,"tags=38%, list=18%, signal=32%",23397/3148/64332/5130/8888/121260/10051/78996/5591/7040,0.352487857583619
GO:0046638,positive regulation of alpha-beta T cell differentiation,22,0.591107998177434,1.56425818186402,0.0256178294136779,0.11587056819477,0.0622844324761843,1311,"tags=27%, list=14%, signal=24%",301/5914/865/64332/6046/864,0.352487857583619
GO:1990573,potassium ion import across plasma membrane,17,-0.691193350573342,-1.5642007830658,0.0329975252108282,0.138007488988796,0.0741837919935076,1299,"tags=35%, list=13%, signal=31%",477/3760/610/3763/3767/6833,0.321775918075361
GO:0006699,bile acid biosynthetic process,16,-0.715988852641853,-1.56407931379019,0.0128792207012893,0.0741477644739985,0.0398569844058917,567,"tags=38%, list=6%, signal=35%",114876/9572/23600/6770/10858/134429,0.380730400722792
GO:0008206,bile acid metabolic process,19,-0.668013966407808,-1.56384895329182,0.0307413411212108,0.130642960253282,0.070225103433571,567,"tags=32%, list=6%, signal=30%",114876/9572/23600/6770/10858/134429,0.352487857583619
GO:0048844,artery morphogenesis,24,0.586451560426717,1.56360147162036,0.0230615962543151,0.109256085397468,0.058728919513989,445,"tags=21%, list=5%, signal=20%",7422/6909/182/23493/4192,0.352487857583619
GO:0050766,positive regulation of phagocytosis,35,0.541070537199974,1.56334720002251,0.0123734307137137,0.0725220522387108,0.0389831079286979,993,"tags=37%, list=10%, signal=33%",720/10960/5648/54209/1535/6774/196527/811/2150/718/116985/3601/11031,0.380730400722792
GO:0051954,positive regulation of amine transport,11,-0.750625819331712,-1.56322260995434,0.021108501580175,0.102506187190263,0.0551006160918367,1174,"tags=55%, list=12%, signal=48%",6812/84062/22930/8564/6804/1141,0.352487857583619
GO:0000377,"RNA splicing, via transesterification reactions with bulged adenosine as nucleophile",227,0.404241363320198,1.56321882152705,9.04772807454843e-05,0.00237151630276984,0.00127477192290755,1611,"tags=29%, list=17%, signal=25%",94104/5935/79665/5725/3185/6428/26835/23450/3006/6626/1660/163859/7307/3007/9444/338657/9775/79706/27316/4857/6434/6631/9343/6421/3187/7536/29115/9169/6628/22938/25980/9939/55596/81576/10179/22916/25804/6427/51690/54502/11100/4670/10291/6433/51639/83443/29890/57018/10992/64783/22913/10236/4691/8899/54883/3183/6651/10262/9129/8175/7919/3609/84844/728642/22985/10772,0.538434096309916
GO:0000398,"mRNA splicing, via spliceosome",227,0.404241363320198,1.56321882152705,9.04772807454843e-05,0.00237151630276984,0.00127477192290755,1611,"tags=29%, list=17%, signal=25%",94104/5935/79665/5725/3185/6428/26835/23450/3006/6626/1660/163859/7307/3007/9444/338657/9775/79706/27316/4857/6434/6631/9343/6421/3187/7536/29115/9169/6628/22938/25980/9939/55596/81576/10179/22916/25804/6427/51690/54502/11100/4670/10291/6433/51639/83443/29890/57018/10992/64783/22913/10236/4691/8899/54883/3183/6651/10262/9129/8175/7919/3609/84844/728642/22985/10772,0.538434096309916
GO:0042692,muscle cell differentiation,161,0.41569630918716,1.56265632551463,0.000314019784932237,0.00572656660138034,0.00307822733901242,830,"tags=21%, list=9%, signal=20%",4323/7422/133/55553/6909/8038/6159/10611/23493/8324/5725/8837/6132/9780/6170/6157/23250/4814/6156/3915/25873/55544/10938/57190/255743/9444/4773/811/928/338773/6161/10467/6147/6134,0.49849310876659
GO:0061448,connective tissue development,92,0.450526971298968,1.56210329805629,0.00266393955810065,0.0250374720160016,0.0134585059817234,1697,"tags=35%, list=18%, signal=29%",55553/3690/8837/285590/649/6662/8091/4192/4017/2121/1605/960/655/4773/2202/388585/6781/55959/8451/51496/4774/11173/7494/6688/864/116236/3696/656/7045/6591/2297/7040,0.431707695803346
GO:1903358,regulation of Golgi organization,11,-0.749884643970684,-1.56167906848207,0.02139964874185,0.103562520287394,0.0556684316163968,1275,"tags=45%, list=13%, signal=40%",5594/5604/9659/5595/23271,0.352487857583619
GO:0001936,regulation of endothelial cell proliferation,66,0.484249391899442,1.56162982313555,0.00265838043372991,0.0250374720160016,0.0134585059817234,1117,"tags=27%, list=12%, signal=24%",7422/9037/6667/3690/8828/22846/348/1535/4893/4192/6774/3148/284361/8862/3592/7057/3162/4804,0.431707695803346
GO:0002822,regulation of adaptive immune response based on somatic recombination of immune receptors built from immunoglobulin superfamily domains,74,0.464695448946119,1.56152098331882,0.00575742919747505,0.0437772093934139,0.0235317620767732,1100,"tags=22%, list=11%, signal=19%",196/3133/3956/301/54209/3106/64332/84695/3592/3105/7855/3107/8772/121260/975/6046,0.407017918923954
GO:0006754,ATP biosynthetic process,63,-0.53836428368581,-1.56100451094989,0.00952116258475382,0.0614362478710415,0.0330241051867622,2485,"tags=52%, list=26%, signal=39%",4702/4707/4508/4694/4705/4729/4722/4723/134145/5071/521/93974/513/6391/509/84833/5604/4715/498/10632/55967/4711/226/4725/4698/374291/527/4706/65018/4714/516/4719/9556,0.380730400722792
GO:0001775,cell activation,446,0.375197217329319,1.56080403754684,7.63616951506024e-07,7.05671627337971e-05,3.79322872995755e-05,1565,"tags=23%, list=16%, signal=20%",4323/86/10630/3955/678/2149/11119/57580/3690/9289/196/4609/114897/9846/7551/3133/1608/25800/677/3956/301/81542/5914/57045/54209/348/8877/7132/79155/4192/23397/6774/80381/5154/10758/3430/4921/960/10385/2896/4773/113277/54440/2150/928/718/865/11221/2047/64332/5130/84695/9976/8451/83706/3592/3958/11314/3105/3113/22904/8772/6599/55824/26022/6605/23729/7057/2175/4242/6598/30817/7412/121260/10451/29117/975/6046/10051/1316/3485/23513/1650/7494/9021/6688/6603/6602/864/80031/1435/71/2335/8291/3315/3576/6404/868/143684/6195/5880/4627,0.659444398037935
GO:0035418,protein localization to synapse,50,-0.569611681147658,-1.56054525540764,0.00955158293711232,0.0615034226274078,0.0330602139384684,1761,"tags=46%, list=18%, signal=38%",9211/1741/28964/3800/9369/4884/3798/5604/81831/27445/51201/50944/8927/9912/10439/2066/23136/9378/8766/27065/56850/4130/27067,0.380730400722792
GO:0045581,negative regulation of T cell differentiation,23,0.59028760716158,1.55999710686719,0.0279753889338564,0.122084944468329,0.0656248743625261,733,"tags=22%, list=8%, signal=20%",3956/301/4192/865/84695,0.352487857583619
GO:0002819,regulation of adaptive immune response,82,0.458960482389366,1.5599899955063,0.00240001984955817,0.0234188512002172,0.0125884413874443,1852,"tags=29%, list=19%, signal=24%",196/3133/3956/301/54209/3106/54440/64332/84695/3592/3105/7855/3107/8772/121260/975/6046/113/3965/7040/3665/567/2302/84861,0.431707695803346
GO:0033044,regulation of chromosome organization,170,0.416708585524941,1.55995468013679,0.000271541414282375,0.00523244186425398,0.0028126182261562,1917,"tags=32%, list=20%, signal=26%",86/1663/7157/10783/9212/9319/4609/8110/9274/4000/1017/332/83903/23397/10460/9555/11130/4798/10403/7517/5347/7756/9700/2237/4751/6599/6605/891/26277/6598/4926/29117/10051/9031/147841/6603/7175/100134934/6602/8899/9918/26271/3183/23137/55755/9735/9787/60/4085/5371/983/84861/92345/8881/908,0.49849310876659
GO:0007340,acrosome reaction,12,-0.735374478032374,-1.55994130687554,0.025054525841304,0.114302809784111,0.0614417081814045,1476,"tags=50%, list=15%, signal=42%",22999/6812/10497/5864/55521/23236,0.352487857583619
GO:0010882,regulation of cardiac muscle contraction by calcium ion signaling,14,-0.716510137342974,-1.55987334132413,0.0461981375594696,0.171881214467055,0.0923920894079212,2526,"tags=86%, list=26%, signal=63%",1193/444/9446/287/84502/477/808/488/2281/56704/801/805,0.321775918075361
GO:0098935,dendritic transport,11,-0.748920562465215,-1.55967131179641,0.0225642379759519,0.107594445489849,0.0578357306720057,1647,"tags=64%, list=17%, signal=53%",3800/57576/3798/5813/90990/22920/27067,0.352487857583619
GO:0051955,regulation of amino acid transport,15,-0.711961455237657,-1.55909669760193,0.0167731805473326,0.0877110556502398,0.0471477218777353,1299,"tags=53%, list=13%, signal=46%",477/6812/10550/84062/2917/22930/8564/124935,0.352487857583619
GO:0046649,lymphocyte activation,303,0.39034061077681,1.55902251348307,1.66614135212606e-05,0.000732002475405143,0.000393476613277098,1329,"tags=21%, list=14%, signal=19%",4323/86/3955/678/11119/196/4609/3133/25800/677/3956/301/5914/57045/54209/79155/4192/23397/6774/80381/10758/960/10385/4773/54440/2150/718/865/11221/64332/5130/84695/9976/8451/3592/3958/11314/3105/3113/8772/6599/55824/26022/6605/2175/4242/6598/7412/121260/10451/29117/975/6046/10051/1316/3485/23513/1650/7494/9021/6688/6603/6602/864/80031,0.575610261071129
GO:0032332,positive regulation of chondrocyte differentiation,10,0.714470151296271,1.55818138568053,0.0421225798769335,0.163379859449136,0.087822317456172,457,"tags=30%, list=5%, signal=29%",55553/6662/4017,0.321775918075361
GO:0007610,behavior,188,-0.473995924449169,-1.55802972797468,0.00095586487226546,0.0124115377260315,0.00667163021176514,1409,"tags=29%, list=15%, signal=25%",2821/10499/22924/6326/9293/2894/477/84687/5594/10636/5728/10888/80823/222236/123041/4862/8648/10347/2911/51185/84062/5923/50944/4185/2925/729956/814/23542/23596/11245/5532/6505/153/26047/793/1141/9572/1272/8867/9378/6529/4985/10769/26470/55450/114781/84446/22876/4130/6310/6833/65009/3737/23236/5413,0.477270815362862
GO:0141005,transposable element silencing by heterochromatin formation,10,0.714324614708582,1.55786398627418,0.0421225798769335,0.163379859449136,0.087822317456172,8,"tags=10%, list=0%, signal=10%",90853,0.321775918075361
GO:0032252,secretory granule localization,14,-0.715443011832531,-1.55755016325751,0.0467322141605444,0.172603365934053,0.0927802707639335,2088,"tags=79%, list=22%, signal=62%",8938/8499/547/80128/3798/6812/23025/10497/4133/5864/93664,0.321775918075361
GO:0032253,dense core granule localization,14,-0.715443011832531,-1.55755016325751,0.0467322141605444,0.172603365934053,0.0927802707639335,2088,"tags=79%, list=22%, signal=62%",8938/8499/547/80128/3798/6812/23025/10497/4133/5864/93664,0.321775918075361
GO:0071364,cellular response to epidermal growth factor stimulus,33,0.546631439505961,1.5571113902875,0.0153292343832824,0.0823019963071902,0.044240165656508,1116,"tags=30%, list=12%, signal=27%",678/8837/677/6662/5782/90417/790/2064/2353/5469,0.380730400722792
GO:0045620,negative regulation of lymphocyte differentiation,25,0.572528364408456,1.55608052648119,0.0350227644621244,0.144614546017774,0.077735313348749,733,"tags=20%, list=8%, signal=19%",3956/301/4192/865/84695,0.321775918075361
GO:0071479,cellular response to ionizing radiation,42,0.523745153369875,1.55598764988457,0.0110549078695317,0.0676629938845898,0.0363711962355891,1884,"tags=36%, list=19%, signal=29%",1936/7157/641/1535/10413/1410/375757/85456/10010/7040/3428/672/580/10635/3297,0.380730400722792
GO:0071391,cellular response to estrogen stimulus,10,0.713422744836386,1.55589710655974,0.0421225798769335,0.163379859449136,0.087822317456172,549,"tags=30%, list=6%, signal=28%",6667/5914/367,0.321775918075361
GO:0090313,regulation of protein targeting to membrane,16,-0.712145401535011,-1.55568328590848,0.0144446357776634,0.0793527518746478,0.0426548449096064,1739,"tags=50%, list=18%, signal=41%",288/9270/3208/23255/11261/9847/2039/5058,0.380730400722792
GO:1903533,regulation of protein targeting,16,-0.712145401535011,-1.55568328590848,0.0144446357776634,0.0793527518746478,0.0426548449096064,1739,"tags=50%, list=18%, signal=41%",288/9270/3208/23255/11261/9847/2039/5058,0.380730400722792
GO:0030098,lymphocyte differentiation,167,0.412732852082155,1.55473098392019,0.000555230015545576,0.00864601721624477,0.00464753287985886,1311,"tags=20%, list=14%, signal=18%",4323/86/3955/678/677/3956/301/5914/4192/23397/6774/10758/865/11221/64332/84695/8772/6599/26022/6605/2175/4242/6598/7412/29117/6046/10051/1316/7494/9021/6688/6603/6602/864,0.477270815362862
GO:0072673,lamellipodium morphogenesis,11,0.708889273356812,1.55439406200517,0.0267908000019256,0.119132956805191,0.0640380790344306,532,"tags=36%, list=5%, signal=34%",10630/4650/6239/960,0.352487857583619
GO:0099518,vesicle cytoskeletal trafficking,39,-0.583101317524687,-1.55424370656386,0.0144515973162374,0.0793527518746478,0.0426548449096064,2002,"tags=44%, list=21%, signal=35%",5048/26258/118426/8499/547/1780/80128/3798/10947/55614/5604/84062/4133/1176/55088/11127/22920,0.380730400722792
GO:1901655,cellular response to ketone,58,0.486163207619251,1.55407120918125,0.0147988021261417,0.080478021871544,0.0432597163988127,588,"tags=21%, list=6%, signal=20%",4323/6667/6909/196/8837/347862/3625/1535/653361/367/358/11335,0.380730400722792
GO:1900016,negative regulation of cytokine production involved in inflammatory response,18,0.626748326246331,1.5530418080248,0.0322476223254796,0.135138993260699,0.0726418764642376,3298,"tags=83%, list=34%, signal=55%",54209/6774/5970/3551/3162/215/113/2146/4792/7538/2048/11006/29108/55198/5465,0.321775918075361
GO:0007000,nucleolus organization,10,0.712051636187652,1.5529068683107,0.0421225798769335,0.163379859449136,0.087822317456172,949,"tags=40%, list=10%, signal=36%",1663/6223/23133/6839,0.321775918075361
GO:0045596,negative regulation of cell differentiation,298,0.386921159735681,1.55279606478636,3.39965158383144e-05,0.00120742124442046,0.000649030622185302,1329,"tags=24%, list=14%, signal=22%",7422/86/9037/678/55553/182/3690/25937/7130/8359/23493/8324/10541/5725/8365/4609/8994/4057/283659/677/3956/301/9274/5914/8363/28951/6662/54209/8366/54756/10979/4192/56896/117854/655/9444/4773/8361/811/714/2202/338773/388585/865/11221/2047/10221/10252/84695/10413/6599/26022/27031/6760/19/429/4087/706/463/65980/5469/57609/1021/55365/1289/11173/7494/58516/7114/8368/6602/864/80031,0.557332238758646
GO:0009152,purine ribonucleotide biosynthetic process,97,-0.507343944178793,-1.55270038295611,0.00618166851287847,0.0460081854044923,0.0247309887387538,2110,"tags=40%, list=22%, signal=32%",4729/4722/4723/159/29922/134145/9061/5071/521/93974/513/6391/115/509/26289/84833/108/5604/4715/498/10632/55967/4711/226/9060/4725/4698/347736/2977/374291/527/4706/2983/65018/4714/516/4719/9556/107,0.407017918923954
GO:0070316,regulation of G0 to G1 transition,27,0.566224372178071,1.55253435643175,0.0408437585155981,0.160762985521471,0.0864156573354387,2201,"tags=56%, list=23%, signal=43%",86/8110/9274/6599/6605/6598/29117/6240/6603/6602/1030/60/6604/8289/1111,0.321775918075361
GO:1905332,positive regulation of morphogenesis of an epithelium,11,0.707977116632195,1.55239395980352,0.0271876935369559,0.119887217059513,0.0644435199726404,445,"tags=36%, list=5%, signal=35%",7422/6662/6608/4192,0.352487857583619
GO:0036294,cellular response to decreased oxygen levels,94,0.436614750295823,1.55110007901374,0.0058031880703617,0.0440039914944452,0.0236536652889397,1130,"tags=27%, list=12%, signal=24%",7422/7157/10397/8614/4609/8837/677/3654/4000/595/26608/54209/56901/6774/4921/655/358/6781/4841/891/6839/2034/7009/2353/665,0.407017918923954
GO:0044057,regulation of system process,235,-0.46334265779747,-1.55094318611654,0.000422916980185503,0.00704281828094703,0.00378575807900007,1369,"tags=26%, list=14%, signal=23%",1131/5590/477/5728/6508/808/55799/57578/4760/23175/2911/3760/84866/5604/781/6330/50944/10497/1408/11343/84193/388591/79068/6785/6327/3680/844/23542/488/30819/6804/6505/2185/153/5800/785/728215/6714/2281/9378/816/56704/491/782/801/659/7220/5144/112755/7341/6324/805/9699/6833/2257/5530/490/27086/57731/784/5058,0.49849310876659
GO:0022404,molting cycle process,16,0.626910170323595,1.54976220103203,0.0366292611010441,0.148916649177655,0.0800478423881924,1041,"tags=25%, list=11%, signal=22%",6662/3065/5154/4926,0.321775918075361
GO:0022405,hair cycle process,16,0.626910170323595,1.54976220103203,0.0366292611010441,0.148916649177655,0.0800478423881924,1041,"tags=25%, list=11%, signal=22%",6662/3065/5154/4926,0.321775918075361
GO:1901991,negative regulation of mitotic cell cycle phase transition,120,0.430731395521268,1.54963308142273,0.00117441179650689,0.0142414304059169,0.00765526073015013,1852,"tags=37%, list=19%, signal=30%",678/7157/9212/9319/641/677/7465/595/1017/332/83903/55159/4582/11130/10926/163859/63967/10403/7517/5347/7756/79027/891/80279/29117/147841/144455/1263/7175/8899/51499/26271/10263/1030/51343/5591/55755/9735/4085/5933/672/580/983/84861,0.45505986738723
GO:0007266,Rho protein signal transduction,82,0.455787462992431,1.54920501792175,0.00260721237543896,0.0247802617665595,0.0133202465888236,1184,"tags=30%, list=12%, signal=27%",10630/2149/9423/9289/4650/257106/348/10979/64787/395/2150/85440/6091/6093/391/9138/19/2064/392/56882/5364/23677/6242/4804/57572,0.431707695803346
GO:0051093,negative regulation of developmental process,431,0.376734716528183,1.54892653058382,8.53651147025473e-07,7.50501633426561e-05,4.03420549658894e-05,1329,"tags=24%, list=14%, signal=22%",7422/86/9037/678/55553/6909/182/3690/25937/6159/7130/8359/23493/8324/10541/5725/8365/4609/8837/8994/4057/283659/6132/677/3956/301/6170/6157/3488/9274/5914/8363/28951/6156/22846/6662/54209/348/8366/54756/10979/4192/25873/4017/3065/56896/117854/655/9444/4773/8361/811/714/22905/2202/2969/338773/388585/865/6161/11221/2047/10221/10252/84695/8451/6093/10413/6147/6134/5970/6599/26022/7057/27031/6760/19/56999/3339/429/10493/4087/706/463/65980/57556/5469/57609/1021/55365/6142/10516/1289/11173/7494/6678/58516/55841/6688/7114/8368/6602/864/80031,0.659444398037935
GO:0000902,cell morphogenesis,465,-0.440391576459421,-1.54831558159855,7.77086263053896e-06,0.000409576732765477,0.000220161640295632,1292,"tags=25%, list=13%, signal=23%",5306/23390/7070/5728/80823/577/65082/9706/6812/26230/284656/2823/5747/5604/137970/144402/998/9890/1496/84062/4135/4858/10154/6049/9024/333/26999/56920/4983/90249/2932/50944/9344/79955/23025/226/6586/2620/92211/25791/9912/65059/10505/10486/4133/5921/10439/4659/23542/10079/8543/5532/26128/57463/2185/1016/55785/26047/9331/23032/90990/1951/5800/1141/5064/8522/6710/5864/6714/64218/1272/9693/53335/23136/1946/22865/9378/816/10653/59277/133418/8314/322/8997/170961/84446/659/2051/2039/51466/3708/26050/51062/2044/9746/54014/10479/5797/4649/4130/9353/8941/6324/1006/9699/10501/57142/9743/8506/56990/7533/285220/57731/27020/27067/5058/23077,0.593325476396405
GO:0019058,viral life cycle,154,0.412813906719339,1.54822271309919,0.000714686049562017,0.0101891051660531,0.00547699594983444,1960,"tags=32%, list=20%, signal=26%",3838/5125/3690/56829/4057/79720/7706/3956/8812/348/8091/9235/950/117854/1605/4684/6510/10410/4940/79581/6598/85363/682/4774/975/10581/949/8829/388419/23601/9189/3304/3576/6404/3609/5094/4627/23137/3965/290/5119/3428/90861/983/79643/60489/2494/10318/91782/5034,0.477270815362862
GO:0034390,smooth muscle cell apoptotic process,11,-0.743361463406539,-1.54809415961793,0.0237288280461203,0.109918391168636,0.0590849317414733,3,"tags=9%, list=0%, signal=9%",6416,0.352487857583619
GO:0061909,autophagosome-lysosome fusion,18,-0.674835927560051,-1.54680632371962,0.0233883432268531,0.109861338447295,0.0590542639331995,1237,"tags=33%, list=13%, signal=29%",65082/84937/5862/8396/55207/23400,0.352487857583619
GO:0010948,negative regulation of cell cycle process,189,0.407791373265984,1.54612439377365,0.000340795451283912,0.00599232001840879,0.00322107897956363,1852,"tags=35%, list=19%, signal=29%",678/7157/5982/3014/9212/9319/641/677/7465/595/1017/332/83903/55159/4582/9555/11130/10926/22809/163859/81620/655/338657/63967/1407/10403/7517/5347/7756/84444/9700/9675/4751/79027/891/79968/80279/29117/9031/147841/144455/1263/7175/7114/8899/51499/5984/26271/10263/1030/51343/84126/5983/5591/55755/2177/151636/9735/146956/51053/4085/5933/672/580/983/84861,0.49849310876659
GO:0001942,hair follicle development,15,0.647526682767702,1.54556460622783,0.040260626970382,0.159530371657288,0.0857530848099992,1041,"tags=27%, list=11%, signal=24%",6662/3065/5154/4926,0.321775918075361
GO:0009914,hormone transport,123,-0.486579994080544,-1.54524780229242,0.00263004258847863,0.024885156330448,0.0133766310398833,1208,"tags=26%, list=12%, signal=23%",222183/9066/117247/4760/23428/2781/79751/2029/9024/781/1408/226/65985/25924/11069/8655/5532/6804/7260/9572/2775/5864/80223/1946/6447/3767/2044/9699/6833/133308/5567/22841,0.431707695803346
GO:0034728,nucleosome organization,76,0.473400675999335,1.54488082046256,0.00325325717144901,0.0289026216073996,0.0155361573861,1630,"tags=58%, list=17%, signal=49%",8970/8342/8344/3014/8359/8365/8343/8347/3021/8363/8341/6662/8350/3006/8366/3148/9555/3008/8339/8349/3007/8361/8346/54107/8968/6599/6605/3005/8888/6418/1106/8345/6603/8368/6602/3009/132660/8355/11177/29028/4678/8360/8356/8354,0.431707695803346
GO:0141156,cAMP/PKA signal transduction,33,-0.599544473252738,-1.54462509359354,0.017587766860381,0.0901827170726707,0.0484763252613885,1095,"tags=27%, list=11%, signal=24%",10846/5143/5141/5153/9378/5573/27115/5144/5138,0.352487857583619
GO:0035640,exploration behavior,10,0.707990258634036,1.54404944733547,0.044399416073151,0.167890265079478,0.0902468162680793,589,"tags=30%, list=6%, signal=28%",7846/348/9775,0.321775918075361
GO:0002456,T cell mediated immunity,46,0.499901665675724,1.54377624981262,0.0101220765097082,0.0635642304627511,0.0341679693285263,1095,"tags=26%, list=11%, signal=23%",182/196/11118/3133/3106/64332/3592/3105/7855/3107/8772/975,0.380730400722792
GO:0030174,regulation of DNA-templated DNA replication initiation,10,0.707857938413194,1.5437608713821,0.044399416073151,0.167890265079478,0.0902468162680793,1747,"tags=60%, list=18%, signal=49%",81620/4171/8451/4172/4174/51053,0.321775918075361
GO:0032609,type II interferon production,46,0.499882333307116,1.5437165483682,0.0101220765097082,0.0635642304627511,0.0341679693285263,860,"tags=22%, list=9%, signal=20%",11119/11118/5914/80381/2150/3592/3105/3113/7855/8772,0.380730400722792
GO:0032649,regulation of type II interferon production,46,0.499882333307116,1.5437165483682,0.0101220765097082,0.0635642304627511,0.0341679693285263,860,"tags=22%, list=9%, signal=20%",11119/11118/5914/80381/2150/3592/3105/3113/7855/8772,0.380730400722792
GO:0010880,regulation of release of sequestered calcium ion into cytosol by sarcoplasmic reticulum,17,-0.681918065177076,-1.54321040654097,0.0408941951404465,0.160762985521471,0.0864156573354387,1615,"tags=53%, list=17%, signal=44%",84502/477/808/844/2281/56704/801/5144/805,0.321775918075361
GO:1903039,positive regulation of leukocyte cell-cell adhesion,114,0.438266262949387,1.54304533210047,0.00119960588337617,0.0144226120451494,0.0077526521190983,1311,"tags=25%, list=14%, signal=22%",86/3133/3654/301/5914/4192/80381/960/3037/865/11221/64332/3592/3105/3113/8772/5970/6599/6605/6598/7412/29117/975/6046/3485/7494/6603/6602/864,0.45505986738723
GO:1903037,regulation of leukocyte cell-cell adhesion,156,0.421823326374655,1.54301476758174,0.000403228462652977,0.00681972774642283,0.00366583921133481,1311,"tags=24%, list=14%, signal=21%",86/3133/3956/3654/301/5914/57045/4192/80381/960/3037/10385/865/11221/64332/84695/3592/3958/11314/3105/3113/8772/5970/6599/55824/6605/6598/7412/29117/975/6046/3485/23513/7494/6603/6602/864,0.49849310876659
GO:0048762,mesenchymal cell differentiation,129,0.425011623477731,1.54246122052566,0.0015656438476696,0.0173868869399097,0.00934605225858152,822,"tags=22%, list=8%, signal=20%",7422/10630/9037/182/25937/23493/7041/8828/25800/2670/6662/8091/54756/10979/4192/4017/2305/3037/655/9444/81610/84172/80709/4684/10252/84695/6093/3182,0.45505986738723
GO:0010965,regulation of mitotic sister chromatid separation,43,0.502193285586603,1.54224207089873,0.0168350896970771,0.0879258397545364,0.0472631757522562,1889,"tags=49%, list=19%, signal=39%",9212/9319/332/83903/11130/10403/7517/5347/7756/9700/891/147841/7175/8899/26271/55755/9735/9787/4085/84861/8881,0.352487857583619
GO:0042060,wound healing,180,0.403042018135694,1.54170244922849,0.000914907690858748,0.0120277584281119,0.00646533558372075,1398,"tags=27%, list=14%, signal=24%",7422/10630/2149/51330/308/3690/8761/9289/8324/114897/6239/1608/301/27346/81542/6281/389/348/10979/196527/5154/4921/302/977/1605/960/79026/2150/780/928/83706/10413/1398/7057/2064/2246/3162/10451/5328/26509/79001/5329/949/1289/7494/94121/199731/71/2335,0.477270815362862
GO:0047496,vesicle transport along microtubule,33,-0.598302287971917,-1.54142481297843,0.0183469382155506,0.0931697704808946,0.050081969638609,2002,"tags=45%, list=21%, signal=36%",5048/26258/118426/547/1780/80128/3798/10947/55614/5604/84062/4133/1176/11127/22920,0.352487857583619
GO:0006730,one-carbon metabolic process,17,0.629541275947089,1.54112562690802,0.0460649409099345,0.171574625454478,0.0922272872243355,2083,"tags=65%, list=21%, signal=51%",6472/2356/10797/25902/6470/191/4522/7298/441024/160428/4144,0.321775918075361
GO:0055078,sodium ion homeostasis,10,-0.765490253313746,-1.54099479683791,0.0251683410299587,0.114477328169368,0.0615355178411972,1299,"tags=40%, list=13%, signal=35%",477/54997/11261/133308,0.352487857583619
GO:0022618,protein-RNA complex assembly,149,0.415981759417413,1.54095250901384,0.000784998253546433,0.0109201662905898,0.0058699665545063,2612,"tags=42%, list=27%, signal=31%",6223/8662/26835/23450/2197/6626/1660/338657/6209/6631/27161/9343/7536/9169/6628/25980/115416/25804/51690/29960/192669/10291/6433/51639/83443/10992/3692/8899/8664/6194/2597/23212/10262/9129/8175/7919/84844/5591/10772/84811/50628/10658/92345/10492/27341/6632/10713/11325/6936/11066/22889/29997/9733/6426/55954/8575/10078/387338/6633/81554/23521/196074,0.477270815362862
GO:0060326,cell chemotaxis,123,0.423216797477594,1.54057535835007,0.00126781388592272,0.0149864834694507,0.00805575248530265,1622,"tags=32%, list=17%, signal=27%",7422/9037/4313/6223/5479/7130/301/4814/84818/58191/4192/196527/3148/54210/811/4363/2150/718/2047/79890/3592/3958/391/7057/30817/682/2246/7412/83700/1652/6688/7114/1435/8829/3315/3576/5880/7423/3965,0.45505986738723
GO:0071499,cellular response to laminar fluid shear stress,19,-0.657746805660821,-1.53981309566777,0.0397660975501951,0.157718920734796,0.0847793673731759,355,"tags=16%, list=4%, signal=15%",5573/107/5567,0.321775918075361
GO:2000630,positive regulation of miRNA metabolic process,35,0.532555350620019,1.53874376630695,0.013934003744056,0.0779860687001542,0.0419202054992343,2384,"tags=54%, list=25%, signal=41%",7157/4609/6774/367/4854/8862/5970/2353/4804/6688/7040/4089/2247/4086/6720/57591/3569/7042/7003,0.380730400722792
GO:0051899,membrane depolarization,43,-0.565612715798795,-1.53771464939529,0.0141262387047247,0.0785174638924193,0.0422058487690176,1919,"tags=42%, list=20%, signal=34%",776/287/288/54795/93974/6323/477/10962/610/781/6330/6327/2273/1141/6714/6324/7533/6334,0.380730400722792
GO:0036303,lymph vessel morphogenesis,12,0.6748743785718,1.53730237029234,0.0437234380195248,0.166593157674067,0.0895495762366773,338,"tags=25%, list=3%, signal=24%",7422/10630/22846,0.321775918075361
GO:0044458,motile cilium assembly,39,-0.576542553352843,-1.5367614652611,0.0168826414675938,0.0879564777694394,0.0472796447434777,900,"tags=13%, list=9%, signal=12%",84071/123872/8655/7419/23639,0.352487857583619
GO:0006164,purine nucleotide biosynthetic process,118,-0.489383308323029,-1.53673867622713,0.00430906008730146,0.0351046980085177,0.018869987666178,2110,"tags=39%, list=22%, signal=31%",4729/4722/4723/159/29922/23057/134145/9061/5071/521/93974/513/5636/6391/115/509/26289/5634/9497/84833/108/5604/4715/498/10632/55967/54981/4711/226/133686/9060/4725/4698/347736/2977/374291/8564/527/4706/2983/65018/4714/516/4719/9556/107,0.407017918923954
GO:0048854,brain morphogenesis,12,0.674437419696884,1.53630701777125,0.0445112265910804,0.168162377989578,0.0903930863558084,388,"tags=17%, list=4%, signal=16%",7846/6608,0.321775918075361
GO:0046488,phosphatidylinositol metabolic process,103,-0.493293991665045,-1.53628485486097,0.00948084434889553,0.0614135951587606,0.0330119285715057,1838,"tags=30%, list=19%, signal=25%",66036/5291/160851/8821/253558/79837/8776/54965/5728/3706/9651/7405/22979/3631/59338/54545/285172/8396/5295/8395/3632/5332/27124/55529/8867/9600/23228/22876/23236/23167/83394,0.380730400722792
GO:0061025,membrane fusion,111,-0.489291531819525,-1.53618024696881,0.00421055089792921,0.0345691143759946,0.0185820929650909,1237,"tags=25%, list=13%, signal=22%",65082/9066/57132/26059/6812/7405/5877/84286/84937/5862/8396/64225/22895/6804/310/57531/8448/5864/8774/112476/11261/55207/9847/80124/51062/112755/23400/6861,0.407017918923954
GO:0032373,positive regulation of sterol transport,18,0.619545402332903,1.53519342852521,0.0382272333054895,0.153455116234644,0.08248742518614,942,"tags=33%, list=10%, signal=30%",9388/54209/348/302/5360/19,0.321775918075361
GO:0032376,positive regulation of cholesterol transport,18,0.619545402332903,1.53519342852521,0.0382272333054895,0.153455116234644,0.08248742518614,942,"tags=33%, list=10%, signal=30%",9388/54209/348/302/5360/19,0.321775918075361
GO:0001911,negative regulation of leukocyte mediated cytotoxicity,15,0.643140674190351,1.53509575637165,0.0415387303694041,0.162760856229234,0.087489581845627,1964,"tags=47%, list=20%, signal=37%",3133/3106/3105/1398/3965/7040/100507436,0.321775918075361
GO:0050886,endocrine process,31,0.543864180788703,1.53419915094992,0.0183310592250247,0.0931697704808946,0.050081969638609,1139,"tags=39%, list=12%, signal=34%",2149/5125/64855/114897/3625/1535/2587/2150/1407/51762/706/1889,0.352487857583619
GO:1903706,regulation of hemopoiesis,195,0.399897811763298,1.53407042342663,0.00082370234747755,0.0112129803430815,0.00602736422127047,1884,"tags=32%, list=19%, signal=26%",4323/86/678/7130/8359/8365/4609/4057/677/3956/301/5914/8363/54209/8366/4192/6774/3148/9444/8361/3106/714/865/11221/64332/10221/84695/8772/6599/6605/2175/6598/29117/6046/23186/5469/1021/55365/64783/7494/3692/6688/6603/8368/6602/864/1435/3304/8360/22985/28959/5591/3965/7040/3665/3313/60/54623/2302/10272/4211/3297,0.477270815362862
GO:0051054,positive regulation of DNA metabolic process,173,0.401019815786283,1.53316958916042,0.00075463503945927,0.0106151995550604,0.00570603640086595,1985,"tags=30%, list=20%, signal=24%",7422/86/1663/5982/3014/9212/4609/11232/2521/8110/7465/9274/1017/581/10926/2305/1660/81620/4798/4751/6599/6605/55257/26277/6598/80314/29117/144455/78996/6603/6602/57332/5984/55063/8089/11177/5983/5591/7040/60/5371/672/63922/983/6502/2247/92345/10635/908/25865/79915/993,0.477270815362862
GO:0043691,reverse cholesterol transport,11,0.698621989786719,1.53188080751804,0.0327442121298769,0.137083903956429,0.0736873331387641,1242,"tags=45%, list=13%, signal=40%",9388/3931/348/19/949,0.321775918075361
GO:0048872,homeostasis of number of cells,109,0.428880745681533,1.53172733169035,0.00847788956543279,0.057891090560075,0.0311184606853805,1622,"tags=28%, list=17%, signal=23%",7846/7422/2149/6223/677/301/23306/6662/6774/10758/3148/6510/64332/10467/8772/5518/2034/3162/121260/80279/23186/5469/1021/4522/6688/9898/3304/22985/5591/3965,0.380730400722792
GO:0035082,axoneme assembly,42,-0.573550513598846,-1.53151495797856,0.0163717208240366,0.0862487712610408,0.0463616935124739,2114,"tags=31%, list=22%, signal=24%",91978/401024/80217/84217/145788/25981/115948/56171/84071/123872/85452/23116/23639,0.352487857583619
GO:0009260,ribonucleotide biosynthetic process,108,-0.493203537619874,-1.5309462976284,0.00365501085809795,0.0312817997148652,0.0168150477936637,2110,"tags=39%, list=22%, signal=31%",4729/4722/4723/159/29922/134145/9061/5071/521/93974/513/6391/115/509/26289/221264/84833/108/5604/4715/139596/498/10632/55967/4711/226/9060/4725/4698/347736/2977/374291/527/4706/2983/55312/65018/4714/516/4719/9556/107,0.431707695803346
GO:0032613,interleukin-10 production,25,0.563103075708117,1.5304634407352,0.0416307530191123,0.162819071122015,0.0875208743611896,2872,"tags=64%, list=30%, signal=45%",28951/54209/6774/2150/7057/54502/3965/5336/7305/3569/28514/3572/3718/5885/55765/11006,0.321775918075361
GO:0032653,regulation of interleukin-10 production,25,0.563103075708117,1.5304634407352,0.0416307530191123,0.162819071122015,0.0875208743611896,2872,"tags=64%, list=30%, signal=45%",28951/54209/6774/2150/7057/54502/3965/5336/7305/3569/28514/3572/3718/5885/55765/11006,0.321775918075361
GO:0090314,positive regulation of protein targeting to membrane,13,-0.721545853515845,-1.53026738130955,0.0435483870967742,0.166305877240644,0.0893951530812893,1739,"tags=54%, list=18%, signal=44%",288/9270/3208/23255/11261/9847/5058,0.276500599254472
GO:0030217,T cell differentiation,125,0.427848514220672,1.52998433946182,0.000786666007663341,0.0109201662905898,0.0058699665545063,1311,"tags=22%, list=14%, signal=20%",86/3955/678/677/3956/301/5914/4192/6774/10758/865/11221/64332/84695/8772/6599/26022/6605/2175/6598/29117/6046/7494/9021/6688/6603/6602/864,0.477270815362862
GO:0044773,mitotic DNA damage checkpoint signaling,48,0.495058425173751,1.52945284053351,0.0139701927554043,0.0780850508977562,0.0419734118492069,1938,"tags=40%, list=20%, signal=32%",7157/641/595/1017/55159/4582/10926/163859/63967/5347/80279/51499/51343/5591/2177/146956/672/983/65975,0.380730400722792
GO:0060382,regulation of DNA strand elongation,12,0.671375393237758,1.52933200037102,0.0468745944163372,0.172609763033982,0.0927837094260958,631,"tags=17%, list=7%, signal=16%",86/4798,0.321775918075361
GO:0045023,G0 to G1 transition,29,0.549670144778419,1.52921396879088,0.020335937043644,0.100593747315198,0.0540726136049324,2201,"tags=55%, list=23%, signal=43%",86/8110/9274/6599/6605/6598/29117/6240/6603/6602/1030/60/6604/8289/1018/1111,0.352487857583619
GO:0050832,defense response to fungus,17,0.624507047560626,1.5288017671795,0.0492693804037135,0.17807330810369,0.0957205536072932,2336,"tags=59%, list=24%, signal=45%",23406/4057/84818/6688/2597/7040/5322/10578/5336/55223,0.321775918075361
GO:0000077,DNA damage checkpoint signaling,73,0.464503150195402,1.52848427942003,0.00562104122232497,0.0430503554926491,0.0231410530001927,1829,"tags=36%, list=19%, signal=29%",7157/3014/641/595/1017/55159/4582/10926/163859/63967/1407/5347/84444/9675/79968/80279/51499/51343/84126/5591/2177/151636/146956/672/580/983,0.407017918923954
GO:0060999,positive regulation of dendritic spine development,29,-0.595716901505656,-1.52832611229565,0.0497667185069984,0.179347183688756,0.0964053057328522,2060,"tags=38%, list=21%, signal=30%",10458/5048/23613/7804/6453/22924/80823/50944/816/9148/27067,0.252961123069611
GO:0090174,organelle membrane fusion,87,-0.498382934898845,-1.52786430057638,0.0115013592152073,0.068747501258038,0.0369541564067855,1237,"tags=26%, list=13%, signal=23%",65082/9066/57132/26059/6812/7405/84286/84937/5862/8396/64225/22895/6804/8448/5864/112476/55207/9847/80124/51062/112755/23400/6861,0.380730400722792
GO:0098773,skin epidermis development,28,0.545050366009243,1.52754380911234,0.0278940290198107,0.121966098408355,0.0655609905004475,3213,"tags=50%, list=33%, signal=34%",6662/3065/5154/64332/4926/84283/7042/147495/28514/9314/7474/2736/596/5339,0.352487857583619
GO:1901987,regulation of cell cycle phase transition,282,0.385446002347213,1.52748508294583,9.31263782238628e-05,0.00239630070795549,0.00128809439672725,2076,"tags=37%, list=21%, signal=30%",86/678/1031/6909/7157/5982/3014/10783/9212/1019/9319/8110/641/677/7465/9274/595/1017/332/83903/894/55159/4582/4921/9555/11130/10926/22809/163859/81620/81610/63967/1407/10403/7517/5347/7756/84444/9700/8451/9675/6599/5962/79027/6605/891/79968/6598/80279/29117/147841/84967/1981/144455/5721/6240/1263/6491/6603/7175/7114/6602/8899/51499/5984/26271/10263/1030/51343/84126/5983/5591/55755/2177/27085/5720/151636/7040/9735/146956/9787/60/4085/5933/5694/672/2146/580/54623/983/84861/8881/65975/5777/79915/993/340152/9088/6657/54908/56892/6604/6241,0.538434096309916
GO:0006998,nuclear envelope organization,41,0.510399242366734,1.52730210899708,0.0241358607862249,0.111436906474693,0.0599011861667138,2152,"tags=37%, list=22%, signal=29%",10783/23306/4000/221496/4001/5347/23141/80346/1674/5119/983/79643/91782/26092/27183,0.352487857583619
GO:0050863,regulation of T cell activation,148,0.408264262448518,1.52660968541342,0.00120737582883976,0.0144337846960447,0.00775865780484844,1852,"tags=30%, list=19%, signal=24%",86/3133/3956/301/5914/57045/4192/80381/10385/865/11221/64332/84695/3592/3958/11314/3105/3113/8772/6599/55824/6605/2175/6598/7412/29117/975/6046/3485/23513/7494/6603/6602/864/868/5880/3965/7040/5322/60/567/2302/4690/84861,0.45505986738723
GO:0030219,megakaryocyte differentiation,31,0.541075569630122,1.52633269269996,0.0199867457808622,0.0993451910426836,0.0534014714843775,1561,"tags=42%, list=16%, signal=35%",8359/8365/8363/8366/3148/8361/23186/5469/64783/3692/8368/1030/8360,0.352487857583619
GO:0009150,purine ribonucleotide metabolic process,198,-0.460949315805774,-1.52611160774856,0.00149759768388302,0.0168980273422095,0.0090832733400203,1728,"tags=32%, list=18%, signal=27%",9061/5071/28964/521/93974/513/55190/6391/3607/115/509/26289/168537/2821/51292/477/3312/402/84833/108/6817/5604/10846/4715/498/10632/55967/5515/5143/4711/226/230/56953/10059/84618/9060/4725/7345/4698/5141/347736/3094/2977/374291/8505/527/4706/4354/2983/6714/5213/65018/863/4714/516/260425/27115/4719/9556/5144/5138/10900/107,0.45505986738723
GO:0051315,attachment of mitotic spindle microtubules to kinetochore,20,0.602383902378043,1.52557840728531,0.0432795878355627,0.166036236969159,0.0892502121222189,657,"tags=25%, list=7%, signal=23%",9212/332/81620/91272/10403,0.321775918075361
GO:0010811,positive regulation of cell-substrate adhesion,55,0.480353315545997,1.52534164582313,0.0130877448950926,0.0749393262649808,0.0402824762084199,1420,"tags=36%, list=15%, signal=31%",7422/151887/6239/6281/27185/10979/4192/255743/1605/3037/811/6093/1398/11078/1021/59339/1435/1307/2335/8829,0.380730400722792
GO:0051938,L-glutamate import,18,-0.665431920555043,-1.52525119170962,0.030275604286546,0.129053585948711,0.0693707598492187,1608,"tags=56%, list=17%, signal=46%",57030/477/6812/10550/84062/79751/8604/22930/8564/6505,0.352487857583619
GO:0007215,glutamate receptor signaling pathway,33,-0.591877880195173,-1.52487341119567,0.0203713974498541,0.100593747315198,0.0540726136049324,1316,"tags=42%, list=14%, signal=37%",2894/23732/2911/2892/6376/2917/50944/6505/2185/9456/2891/9378/54550/23236,0.352487857583619
GO:0061351,neural precursor cell proliferation,49,0.493488591337445,1.52414830885517,0.0187533030799091,0.0947771724517561,0.0509460037162526,751,"tags=20%, list=8%, signal=19%",7422/2771/79801/27185/4192/10763/22809/80709/2047/85440,0.352487857583619
GO:1904262,negative regulation of TORC1 signaling,33,-0.591504699855608,-1.52391197506767,0.0208775126963426,0.101853298934758,0.0547496661042943,1976,"tags=30%, list=20%, signal=24%",143686/9681/81929/729438/64798/27244/5595/51701/7534/5567,0.352487857583619
GO:0048488,synaptic vesicle endocytosis,48,-0.558958311699217,-1.52387378780783,0.0150834379144161,0.081421692644511,0.0437669720328734,1722,"tags=44%, list=18%, signal=36%",5071/9829/2580/1609/57030/26052/6453/10947/160/1212/6620/808/9066/4983/6623/5532/6804/8867/1176/1759/284697,0.380730400722792
GO:0000375,"RNA splicing, via transesterification reactions",231,0.395901314481642,1.52352498107989,0.000128329089045708,0.00313033962874501,0.00168266566973555,1611,"tags=29%, list=17%, signal=24%",94104/5935/79665/5725/3185/6428/26835/23450/3006/6626/1660/163859/7307/3007/9444/338657/9775/79706/27316/4857/6434/6631/9343/6421/3187/7536/29115/9169/6628/22938/25980/9939/55596/81576/10179/22916/25804/6427/51690/54502/11100/4670/10291/6433/51639/83443/29890/57018/10992/64783/22913/10236/4691/8899/54883/3183/6651/10262/9129/8175/7919/3609/84844/728642/22985/10772,0.518848077743792
GO:0007611,learning or memory,86,-0.503577928677175,-1.52325293020262,0.00547681834530092,0.0420221334857634,0.0225883481575726,1409,"tags=36%, list=15%, signal=31%",2821/6326/84687/5594/10636/5728/80823/10347/84062/5923/50944/2925/729956/814/23542/5532/6505/26047/793/1141/8867/9378/6529/10769/55450/84446/4130/6310/6833/65009/23236,0.407017918923954
GO:0019228,neuronal action potential,21,-0.652293969667911,-1.523162509569,0.0296896248487419,0.1271981897073,0.0683734202856422,1958,"tags=43%, list=20%, signal=34%",3751/285175/288/6326/57578/6330/728215/3737/2257,0.352487857583619
GO:0060538,skeletal muscle organ development,50,-0.555946608347572,-1.52310753208004,0.0145292395086133,0.0793527518746478,0.0426548449096064,696,"tags=18%, list=7%, signal=17%",844/10472/5532/221662/9215/10409/9148/8506/5530,0.380730400722792
GO:1903312,negative regulation of mRNA metabolic process,78,0.442076925588587,1.52300237129912,0.0085890584063745,0.0585554547252026,0.0314755793707133,1648,"tags=33%, list=17%, signal=28%",9261/5725/2521/11044/55544/10758/1660/9444/27316/9343/6628/3182/22938/10644/8531/25980/54502/6433/3183/9704/90806/25819/143684/22985/10772/10643,0.380730400722792
GO:2001259,positive regulation of cation channel activity,10,-0.756201837578181,-1.52229645253188,0.0308187459245192,0.130708651056755,0.0702604145093422,1855,"tags=60%, list=19%, signal=49%",134145/342667/6786/844/6324/784,0.352487857583619
GO:0016072,rRNA metabolic process,198,0.394400337971048,1.52208369562624,0.000623928349993518,0.00917556112706239,0.00493218102192246,2530,"tags=33%, list=26%, signal=25%",1663/6223/284119/4609/705/9555/163859/9775/84172/23481/6209/6230/5441/153443/11056/117246/30834/6839/6598/5437/9533/29960/23076/5435/3692/4691/6227/64425/6194/23212/128061/5591/6130/51077/25879/10436/50628/84549/57696/55646/55035/92345/27341/55720/51602/29063/54853/55695/84365/1387/221830/25926/84916/2976/55636/8780/9014/29997/57602/23029/5393/9328/79066/387338/56342,0.477270815362862
GO:0002062,chondrocyte differentiation,38,0.510960280574476,1.52120030042299,0.0266569518257202,0.118788106340591,0.0638527099988643,1697,"tags=37%, list=18%, signal=31%",55553/6662/8091/4192/4017/1605/2202/55959/51496/11173/864/7045/6591/7040,0.352487857583619
GO:0070201,regulation of establishment of protein localization,259,-0.452238627850831,-1.5209954404202,0.000356218307524494,0.00616082482685804,0.00331165613411877,1295,"tags=22%, list=13%, signal=20%",258010/3312/23086/222183/9066/10307/4760/6248/2781/79751/2029/9024/51201/781/2932/23255/10497/226/65985/9912/25924/55691/11069/10059/26297/27248/4302/79752/3843/5295/8655/5532/6804/7260/9572/6653/25956/2775/50855/80223/1946/11261/8766/9847/322/56850/2039/3767/2044/7341/6833/23400/133308/5567/4345/9495/5058,0.49849310876659
GO:0045930,negative regulation of mitotic cell cycle,145,0.409280582059563,1.52059888538255,0.00127684684645681,0.0150510996984573,0.00809048594018367,2201,"tags=42%, list=23%, signal=33%",678/7157/9212/9319/641/677/7465/595/1017/332/83903/55159/4582/11130/10926/163859/655/63967/10403/7517/5347/7756/79027/891/10950/80279/29117/147841/23513/144455/1263/7175/8899/51499/26271/90806/10263/1030/51343/5591/55755/2177/9735/146956/51053/4085/5933/5371/672/580/983/84861/65975/340152/9088/54908/10201/27183/3275/57082/1111,0.45505986738723
GO:0021700,developmental maturation,113,-0.487354505352621,-1.51962186142839,0.00279970634821298,0.0258528682482687,0.0138968096196636,1474,"tags=33%, list=15%, signal=28%",4747/26256/9463/7704/5728/577/123041/6812/6376/51201/27006/50944/11022/91851/537/527/10159/30819/221400/55638/26047/9331/5064/53335/9378/6855/816/8314/26470/535/27289/65009/51382/9148/8506/7534/57731,0.431707695803346
GO:1905952,regulation of lipid localization,64,0.469972917058974,1.51951857946971,0.00960444443399567,0.0615034226274078,0.0330602139384684,1087,"tags=30%, list=11%, signal=27%",4828/3690/9388/1622/114897/27346/54209/348/2587/10938/302/1407/718/123/5360/7057/19/341/706,0.380730400722792
GO:0000288,"nuclear-transcribed mRNA catabolic process, deadenylation-dependent decay",45,0.513925557890182,1.51917102274652,0.00796710828956444,0.0550265089721145,0.0295786491416247,2501,"tags=40%, list=26%, signal=30%",678/677/11044/1660/27161/25804/51690/23034/5436/85456/23019/10492/55095/5073/4076/7538/3192/4848,0.380730400722792
GO:0042058,regulation of epidermal growth factor receptor signaling pathway,39,0.519435246931589,1.51839018506225,0.0154328190859142,0.0826478382519772,0.0444260676469195,2037,"tags=38%, list=21%, signal=31%",9961/5782/5898/10252/3092/64285/5328/84313/5329/868/10253/7040/84619/79643/122809,0.380730400722792
GO:0046879,hormone secretion,118,-0.483017237167704,-1.51674823602694,0.00618166851287847,0.0460081854044923,0.0247309887387538,1208,"tags=25%, list=12%, signal=23%",222183/9066/4760/2781/79751/2029/9024/781/1408/226/65985/25924/11069/8655/5532/6804/7260/9572/2775/5864/80223/1946/6447/3767/2044/9699/6833/133308/5567/22841,0.407017918923954
GO:0043123,positive regulation of canonical NF-kappaB signal transduction,128,0.414216088941847,1.51673985738541,0.0020696898644013,0.0211224058969729,0.0113540227196706,1057,"tags=21%, list=11%, signal=19%",7422/2149/347734/10783/56829/8837/4057/7706/3956/3654/389/55504/7132/79155/6774/10758/8795/2150/3987/10616/8772/5970/85363/80833/3551/3162/834,0.431707695803346
GO:0010575,positive regulation of vascular endothelial growth factor production,18,0.611953613724667,1.51638146746759,0.0450361673174236,0.168593260842357,0.0906247007715066,2596,"tags=61%, list=27%, signal=45%",6774/718/55959/5970/682/7040/672/3569/727/2324/3572,0.321775918075361
GO:0098656,monoatomic anion transmembrane transport,54,-0.532556756205396,-1.51631137737349,0.0261329159397127,0.117083182752167,0.0629362546834666,1608,"tags=35%, list=17%, signal=30%",57030/9481/57719/6508/9497/57282/9016/2556/7416/1184/23507/9498/2560/6505/2562/6529/2743/7419/8001,0.352487857583619
GO:0098930,axonal transport,44,-0.563789189404162,-1.51610391431974,0.0132207711130924,0.0755984472862464,0.0406367765228332,2002,"tags=41%, list=21%, signal=33%",5048/26258/118426/547/3800/80128/4747/3798/10947/55605/84062/55054/4133/55638/1176/55207/4130/11127,0.380730400722792
GO:0072522,purine-containing compound biosynthetic process,161,-0.46592809833212,-1.51577453228557,0.0015603556609272,0.0173738809739124,0.00933906110264286,2110,"tags=35%, list=22%, signal=28%",4729/55229/4722/4723/159/29922/23057/27010/134145/9061/5071/79993/521/31/93974/513/5636/6391/115/509/26289/5164/5634/9497/84833/108/5604/4715/498/10632/55967/54981/4711/226/133686/6785/9060/4725/11332/4698/347736/2977/374291/8564/527/4706/5095/2983/23305/65018/53354/4714/516/4719/9556/107,0.45505986738723
GO:0072001,renal system development,105,0.420949679451234,1.51565823091199,0.00717202891220971,0.0507728047756933,0.0272921362167005,1068,"tags=25%, list=11%, signal=22%",7422/5125/9955/182/3690/4609/8837/6662/6608/5154/10758/27130/255743/3037/655/4854/358/388585/55959/8772/4643/27031/23279/29927/2246/4087,0.407017918923954
GO:0007162,negative regulation of cell adhesion,142,0.408892539310716,1.51436958071165,0.00343413541955804,0.0298190359476027,0.0160287617461359,1311,"tags=23%, list=14%, signal=20%",4323/7422/9037/4313/182/8324/114897/3133/3956/301/81542/57045/4192/4582/10385/395/928/80709/865/84695/5598/3958/11314/55824/7057/83700/5364/57556/8751/23513/6688/81/864,0.431707695803346
GO:0048732,gland development,101,0.439777266322733,1.51433797868181,0.00366852584076136,0.0312817997148652,0.0168150477936637,1265,"tags=26%, list=13%, signal=23%",7422/4313/6239/3625/5914/595/6662/4192/5154/780/6209/8862/9612/6091/790/3482/83606/8772/5970/6599/27031/80279/706/23513/144455/7494,0.431707695803346
GO:0019751,polyol metabolic process,55,-0.526379317126707,-1.51422554203179,0.0236256217292042,0.109861338447295,0.0590542639331995,1697,"tags=31%, list=18%, signal=26%",8821/23262/55190/3705/340485/5092/81537/3706/3631/9677/84649/283871/3632/165679/27124/8867/23236,0.352487857583619
GO:0016071,mRNA metabolic process,499,0.360459347883062,1.51416155536555,3.46042822011997e-06,0.000214750104248621,0.000115435598320734,1579,"tags=24%, list=16%, signal=21%",94104/55119/7431/678/5935/79665/9567/7157/9261/56829/23351/5725/2521/677/11044/6281/5914/3185/328/6428/26835/23450/3006/55544/10758/302/6626/1660/163859/7307/3007/9444/338657/9775/79706/55131/27316/4857/23589/6434/64332/6631/27161/9343/6421/3187/7536/29115/6093/4841/3958/9169/6628/57187/3182/85463/22938/140890/10644/8531/5511/25980/891/9238/9939/55596/81576/10898/10179/22916/25804/6427/5469/51690/79228/54502/9984/192669/11100/4670/10291/23076/6433/56931/51639/83443/84967/29890/57018/10992/64783/22913/10236/4691/23034/8899/5436/54883/3183/9704/84305/6651/90806/85456/10262/9129/3304/25819/8175/7919/3609/79869/51585/143684/84844/5094/23019/728642/22985,0.627256739718528
GO:0019693,ribose phosphate metabolic process,213,-0.450285126841937,-1.5140910318753,0.00161480323401668,0.0178389257789277,0.00958903874759313,1728,"tags=32%, list=18%, signal=27%",9061/5071/28964/521/93974/513/55190/5636/6391/3607/115/509/26289/168537/2821/5634/51292/221264/477/3312/402/84833/108/6817/5604/10846/4715/139596/498/10632/55967/5515/5143/4711/226/230/56953/10059/84618/9060/4725/7345/4698/5141/347736/3094/2977/374291/8505/527/4706/4354/2983/6714/5213/55312/65018/863/4714/516/260425/27115/4719/9556/5144/5138/10900/107,0.45505986738723
GO:0002292,T cell differentiation involved in immune response,38,0.508509539849895,1.51390410213082,0.0280477151301126,0.122274130009375,0.0657265681251474,1269,"tags=24%, list=13%, signal=21%",3956/301/5914/6774/64332/84695/26022/6046/9021,0.352487857583619
GO:0016445,somatic diversification of immunoglobulins,25,0.556968540588144,1.51379032682046,0.0481873492309423,0.175605020513451,0.0943937637749725,1697,"tags=36%, list=18%, signal=30%",23397/64332/5130/8888/121260/10051/78996/5591/7040,0.321775918075361
GO:1903047,mitotic cell cycle process,468,0.36546370114904,1.51306938648903,1.80841711040034e-06,0.000136144010138618,7.31821077485527e-05,1865,"tags=31%, list=19%, signal=26%",1978/86/29128/678/1031/7157/9055/10783/7083/9212/1019/9319/4609/8110/641/677/7465/54892/162282/11044/9274/3021/595/1017/89958/3636/389/332/83903/894/1785/55159/23397/4582/10460/10763/4921/11130/10926/2305/23133/163859/81620/655/23194/63967/3835/90417/91272/10403/7517/5347/7756/23141/4171/9700/8451/6093/128239/116840/80346/3978/4751/6599/5962/79027/8243/6605/891/6598/64946/9833/256364/10274/4926/80279/4172/29117/51203/8897/6242/10051/9031/1021/26065/147841/84967/23503/1981/56992/144455/5721/5426/6240/1263/6491/6603/7175/6602/8899/11004/25777/9918/83541/51499/26271/2491/27338/23212/6651/10263/26586/3304/1030/112574/51343/4288/5591/55755/10788/10615/2177/27085/5720/54820/7040/9735/5119/146956/9787/51053/60/55726/4085/5933/5694/672/586/580/983/6502/84861/3833/79643,0.643551836150722
GO:0007612,learning,49,-0.543303011528396,-1.51204497555926,0.0176687678277438,0.0903784245249441,0.0485815247765554,1281,"tags=37%, list=13%, signal=32%",84687/10636/10347/50944/23542/5532/6505/26047/1141/8867/9378/6529/84446/4130/6310/6833/65009/23236,0.352487857583619
GO:0045740,positive regulation of DNA replication,24,0.566947208073787,1.51159882366107,0.0384585760195784,0.153834304078314,0.0826912517489403,2175,"tags=46%, list=22%, signal=36%",7465/1017/10926/1660/81620/144455/11177/983/79915/993/7126,0.321775918075361
GO:0002287,alpha-beta T cell activation involved in immune response,37,0.512178953922795,1.51067023755939,0.0304866250269883,0.129691086304325,0.0697134383090846,1269,"tags=24%, list=13%, signal=21%",3956/301/5914/6774/64332/84695/26022/6046/9021,0.352487857583619
GO:0006338,chromatin remodeling,441,0.360854117423458,1.51065076254518,1.46663127069097e-05,0.000665503651861924,0.000357731198809456,1487,"tags=25%, list=15%, signal=22%",90853/8970/86/26147/29128/8342/7157/8344/3014/8359/9212/8365/4609/8334/8335/8343/8110/8347/9274/4000/3021/8363/1017/328/3012/83903/8341/6662/8091/8350/3006/8366/1912/9219/3065/3148/9555/3008/8339/23133/8349/3007/317772/58487/8361/11335/9112/4798/5315/8346/124512/4001/55818/55209/64332/84444/10467/27443/6421/8451/8329/200424/54107/8968/23030/5585/6599/6605/79829/8019/6760/6839/3005/6598/8888/8969/3013/8336/3068/80314/29117/6418/65980/6046/9031/29890/64783/1106/9767/8332/8345/6688/6603/7175/8368/6602/2186/3009/132660/25942/57332/55063/8355/3183/8089/11177/29028/85235/8493/26097,0.593325476396405
GO:0001666,response to hypoxia,153,0.405435423979392,1.51042450345332,0.00116435546523538,0.0141601730930643,0.00761158211793294,1130,"tags=24%, list=12%, signal=22%",4323/7422/4313/7157/10397/5352/8614/4609/8837/8994/677/3654/57085/4000/595/26608/54209/1535/56901/4017/6774/4921/7184/655/358/6781/4841/3709/7057/891/6839/2034/7412/7009/2353/8751/665,0.45505986738723
GO:0045132,meiotic chromosome segregation,30,0.544261776826395,1.5102198342074,0.0251784035899646,0.114477328169368,0.0615355178411972,1695,"tags=40%, list=17%, signal=33%",9319/29893/23397/11130/4439/10403/9700/10051/55063/23353/2177/25879,0.352487857583619
GO:0009219,pyrimidine deoxyribonucleotide metabolic process,16,0.610615887026273,1.50948168630683,0.0441399251817535,0.167509827754235,0.0900423180657776,1215,"tags=38%, list=13%, signal=33%",30833/51251/7083/1841/6470/7298,0.321775918075361
GO:1902414,protein localization to cell junction,64,-0.515694800354824,-1.50929053232039,0.0168771500175374,0.0879564777694394,0.0472796447434777,1899,"tags=41%, list=20%, signal=33%",112936/3716/9211/1741/28964/3800/9369/4884/3798/5604/81831/27445/51201/50944/8927/9912/10439/2066/23136/9378/8766/27065/56850/4130/11127/27067,0.352487857583619
GO:0065004,protein-DNA complex assembly,127,0.414836774626108,1.50917821648636,0.00254888354320506,0.0244096714802557,0.0131210415100601,1644,"tags=38%, list=17%, signal=32%",8970/8342/7157/8344/3014/8359/8365/8343/8347/3021/8363/8341/6662/8350/3006/8366/3148/9555/3008/8339/81620/8349/3007/8361/8346/64332/54107/9441/8968/3005/6598/6418/5469/375757/8345/8368/51586/64425/3009/9477/8355/11177/29028/4678/8360/8356/8354/400569,0.431707695803346
GO:0010664,negative regulation of striated muscle cell apoptotic process,11,0.688215166551099,1.50906158193548,0.0371100567727594,0.150436541384289,0.0808648369450502,566,"tags=36%, list=6%, signal=34%",8837/26471/4192/655,0.321775918075361
GO:0043009,chordate embryonic development,103,0.434048169796189,1.50903523315564,0.00780161146964925,0.0540604275893593,0.0290593470307593,2291,"tags=43%, list=24%, signal=33%",7422/3955/6909/5125/23493/4082/342892/6662/7205/5898/655/9775/84172/388585/55959/8451/51496/25902/10959/23513/4522/144455/6491/4678/23019/7040/286204/7942/672/5727/57216/23654/2494/10733/6664/10395/85407/84314/51804/5156/7043/23462/55636/7042,0.407017918923954
GO:0009792,embryo development ending in birth or egg hatching,109,0.422383088780622,1.5085212568845,0.0106633780541032,0.0659816061412249,0.0354673922498188,2291,"tags=42%, list=24%, signal=33%",7422/3955/6909/5125/23493/4082/342892/6662/7205/5898/655/9775/84172/388585/55959/8451/51496/25902/10959/23513/4522/144455/6491/4678/23019/7040/286204/7942/672/10658/2247/5727/57216/23654/2494/10733/6664/10395/85407/84314/51804/5156/7043/23462/55636/7042,0.380730400722792
GO:0032637,interleukin-8 production,33,0.529157887820889,1.5073369638802,0.0236904781959806,0.109861338447295,0.0590542639331995,2789,"tags=55%, list=29%, signal=39%",2149/301/6774/2150/8772/5970/3304/56957/3965/25865/10392/11315/3569/965/929/3570/3303/9314,0.352487857583619
GO:0032677,regulation of interleukin-8 production,33,0.529157887820889,1.5073369638802,0.0236904781959806,0.109861338447295,0.0590542639331995,2789,"tags=55%, list=29%, signal=39%",2149/301/6774/2150/8772/5970/3304/56957/3965/25865/10392/11315/3569/965/929/3570/3303/9314,0.352487857583619
GO:0061014,positive regulation of mRNA catabolic process,80,0.446812872425505,1.50722607197037,0.00874243444934547,0.0586535347793925,0.0315283007874426,2543,"tags=40%, list=26%, signal=30%",678/9567/56829/23351/677/11044/1660/9444/27161/6093/85463/25804/51690/192669/23034/5436/85456/23019/10658/10492/340152/23318/56339/55095/26058/5073/4076/7538/3192/4848/79066/8570,0.380730400722792
GO:0050654,chondroitin sulfate proteoglycan metabolic process,22,0.569450028294952,1.50694436324595,0.0356148417986227,0.146343361626278,0.0786646114501501,913,"tags=32%, list=9%, signal=29%",347734/92126/50515/79586/54480/7358/22856,0.321775918075361
GO:0072006,nephron development,57,0.469508671201909,1.5059896539477,0.0207127664079436,0.101401246219863,0.0545066721565196,1000,"tags=32%, list=10%, signal=28%",7422/9955/182/3690/4609/8837/6662/6608/255743/655/4854/358/388585/55959/4643/23279/29927/2246,0.352487857583619
GO:1902369,negative regulation of RNA catabolic process,65,0.460579888595759,1.50578306958195,0.00974816315695766,0.0620471320095948,0.0333524765106564,2513,"tags=48%, list=26%, signal=36%",9261/2521/11044/55544/10758/1660/9444/4234/3182/22938/10644/8531/54502/3183/9704/90806/25819/143684/10643/92345/10492/55051/56339/8148/65110/1153/6426/5073/7538/3192/79066,0.380730400722792
GO:0045649,regulation of macrophage differentiation,11,0.686460966162445,1.50521511568162,0.0375069520125021,0.151752906254495,0.0815724285289161,1884,"tags=64%, list=19%, signal=51%",9444/714/10221/8772/1435/7040/3297,0.321775918075361
GO:0043616,keratinocyte proliferation,16,0.608884974528179,1.50520275945283,0.0441399251817535,0.167509827754235,0.0900423180657776,1116,"tags=38%, list=12%, signal=33%",677/4192/10758/3037/64332/5469,0.321775918075361
GO:0032608,interferon-beta production,32,0.52370875086373,1.50519736720188,0.0310000453949112,0.130951142709235,0.0703907621480068,1737,"tags=28%, list=18%, signal=23%",56829/81844/3148/1660/4940/54476/201292/340061/3665,0.352487857583619
GO:0032648,regulation of interferon-beta production,32,0.52370875086373,1.50519736720188,0.0310000453949112,0.130951142709235,0.0703907621480068,1737,"tags=28%, list=18%, signal=23%",56829/81844/3148/1660/4940/54476/201292/340061/3665,0.352487857583619
GO:1902373,negative regulation of mRNA catabolic process,55,0.473546009580858,1.50372533352042,0.0163913541590888,0.0862487712610408,0.0463616935124739,2513,"tags=49%, list=26%, signal=37%",9261/2521/11044/55544/10758/1660/9444/3182/22938/10644/8531/54502/3183/9704/90806/25819/143684/10643/10492/55051/8148/65110/1153/6426/7538/3192/79066,0.352487857583619
GO:1904427,positive regulation of calcium ion transmembrane transport,24,-0.631684025913477,-1.5034729399034,0.0216591980391073,0.104578736527498,0.0562146829447029,696,"tags=25%, list=7%, signal=23%",844/5532/7220/5530/5534/9495,0.352487857583619
GO:0034109,homotypic cell-cell adhesion,45,0.508569355764464,1.50333801554063,0.00888890257473343,0.0593569268278704,0.0319063983080663,1565,"tags=27%, list=16%, signal=22%",10630/3690/9289/114897/81542/84465/928/83706/5329/71/3315/4627,0.380730400722792
GO:0033047,regulation of mitotic sister chromatid segregation,44,0.493854213767234,1.50328414382827,0.0144973161221376,0.0793527518746478,0.0426548449096064,1852,"tags=45%, list=19%, signal=37%",9212/9319/332/83903/11130/10403/7517/5347/7756/891/4926/147841/7175/8899/26271/55755/9735/4085/983/84861,0.380730400722792
GO:0030330,"DNA damage response, signal transduction by p53 class mediator",47,0.487529567873043,1.50209945898446,0.0157425470028715,0.0840784522616977,0.0451950720893431,1365,"tags=26%, list=14%, signal=22%",7157/10397/754/4582/55544/2305/960/10467/835/144455/1263/51499,0.352487857583619
GO:0046597,host-mediated suppression of symbiont invasion,11,0.685022732811815,1.50206147594687,0.0390945333514635,0.155640500701109,0.0836621448181978,1204,"tags=45%, list=12%, signal=40%",4261/7706/10410/85363/10581,0.321775918075361
GO:0035239,tube morphogenesis,354,0.371633541804519,1.50120233745714,2.08709316762343e-05,0.000846878189170277,0.000455226277135922,1951,"tags=35%, list=20%, signal=29%",4323/7422/133/9037/6667/4313/51330/6909/8038/9955/182/3690/9289/2771/4015/23493/7837/4609/4327/57674/23554/8828/301/4814/22846/6662/8877/8091/6608/4192/4017/6774/5154/302/284361/255743/5898/1605/3037/2896/655/9444/4854/358/91010/22905/5315/2969/718/388585/8862/2047/27161/7453/6091/3592/6093/25902/5970/2050/7057/27031/2064/56999/3339/2034/682/2246/3162/83700/10451/57556/8751/5469/4804/23513/4522/144455/10516/7494/6678/6491/4691/71/2335/85377/8829/3315/10267/11082/3696/3576/10253/7045/285/4627/7423/1942/7052/51421/54903/2297/4059/290/1500/6299/7040/6303/441478/11252/694/5371/672/80155/2247/5727/57216/4211/23654/54453/25865/51129/6464/6664/10395,0.575610261071129
GO:0042770,signal transduction in response to DNA damage,123,0.412395435605119,1.50118390804874,0.00193720780516453,0.0203865759047239,0.0109584886838907,1829,"tags=30%, list=19%, signal=25%",7157/10397/3014/754/641/595/1017/55159/4582/55544/10926/2305/163859/960/63967/1407/5347/84444/10467/9675/835/79968/80279/144455/1263/51499/51343/84126/5591/6591/2177/151636/146956/5371/672/580/983,0.45505986738723
GO:0099150,regulation of postsynaptic specialization assembly,11,-0.720781848737966,-1.50107077824078,0.0449826989619377,0.168593260842357,0.0906247007715066,544,"tags=27%, list=6%, signal=26%",2185/57524/23229,0.282013350011725
GO:0006334,nucleosome assembly,67,0.45395200013142,1.50071813217902,0.00870972543107102,0.0586204805727587,0.0315105330097125,1630,"tags=55%, list=17%, signal=46%",8970/8342/8344/3014/8359/8365/8343/8347/3021/8363/8341/6662/8350/3006/8366/3148/9555/3008/8339/8349/3007/8361/8346/54107/8968/3005/6418/8345/8368/3009/8355/11177/29028/4678/8360/8356/8354,0.380730400722792
GO:1903859,regulation of dendrite extension,14,-0.689213032311663,-1.50044637132819,0.0434782608695652,0.166305877240644,0.0893951530812893,2710,"tags=79%, list=28%, signal=57%",50618/57699/59284/51760/23327/5071/22999/144402/23025/53335/9699,0.276500599254472
GO:0035295,tube development,404,0.363896926250688,1.50033977773418,1.31947311542943e-05,0.000611887532649693,0.000328910682877439,1981,"tags=35%, list=20%, signal=29%",4323/7422/10630/133/9037/6667/4313/51330/6909/8038/5125/9955/182/3690/9289/2771/4015/23493/7837/4609/4327/57674/23554/8828/4082/301/3625/3488/4814/22846/6662/8877/8091/6608/4192/4017/6774/5154/302/284361/255743/5898/1605/3037/2896/655/9444/4854/358/91010/22905/5315/2969/718/388585/8862/2047/27161/84695/7453/6091/3592/6093/10413/25902/5970/2050/7057/27031/891/2064/56999/3339/2034/682/429/2246/3162/83700/10451/4087/57556/8751/5469/4804/1889/23513/4522/144455/10516/7494/6678/6491/4691/71/2335/85377/8829/3315/10267/11082/3696/3576/3675/10253/7045/285/4627/7423/1942/7052/51421/54903/2297/4059/290/1500/6299/7040/6303/441478/11252/694/5371/672/80155/2302/2247/5727/57216/4211/23654/54453/25865/51129/6464/6664/10395/5777/1181/1295,0.593325476396405
GO:0043647,inositol phosphate metabolic process,27,-0.589523882885366,-1.50012273117574,0.0448,0.168593260842357,0.0906247007715066,1697,"tags=41%, list=18%, signal=34%",8821/23262/55190/3705/3706/3631/9677/3632/27124/8867/23236,0.271288554688953
GO:0070252,actin-mediated cell contraction,48,-0.549988708591542,-1.4994201876435,0.0188230565870207,0.0949473501059501,0.0510374800831742,1443,"tags=33%, list=15%, signal=29%",6323/6326/477/3760/22998/781/6330/388591/6327/488/54749/5144/7341/6324/2257/6334,0.352487857583619
GO:0034446,substrate adhesion-dependent cell spreading,59,0.470272008784592,1.498366176547,0.0188994406067133,0.0950603568061146,0.0510982250876685,1420,"tags=32%, list=15%, signal=28%",10630/3690/7041/6239/6281/3915/10979/4192/3037/811/84465/83706/5829/1398/11078/23380/81/2335/8829,0.352487857583619
GO:1903522,regulation of blood circulation,98,-0.486500899311372,-1.4982328205452,0.0094809250511908,0.0614135951587606,0.0330119285715057,1299,"tags=28%, list=13%, signal=24%",477/6508/808/3760/5604/781/6330/388591/6327/3680/488/30819/6505/153/6714/2281/56704/491/801/659/7220/5144/7341/6324/805/490/57731,0.380730400722792
GO:0060485,mesenchyme development,150,0.405755315755544,1.49770865042266,0.00188211510091219,0.0199060795134072,0.0107002052776187,822,"tags=21%, list=8%, signal=20%",7422/10630/9037/6909/182/25937/23493/4609/7041/8828/25800/2670/6662/8091/6608/54756/10979/4192/4017/2305/3037/655/9444/81610/84172/80709/4684/10252/84695/6091/6093/3182,0.45505986738723
GO:0034330,cell junction organization,490,-0.421962675364853,-1.49742590219642,8.67858783381966e-05,0.00231795194042525,0.00124597922807953,1822,"tags=31%, list=19%, signal=27%",4088/23613/9040/5300/8499/547/5063/288/7804/79012/9806/64101/349667/53942/28964/9270/4744/5100/2043/26052/9369/6453/3897/26037/8496/8482/257194/152330/89910/55327/4884/22999/4747/26060/23243/8224/9463/22924/222256/119/6620/2894/23390/84687/402/7070/5728/80823/9844/577/3706/55799/10718/26059/5217/58512/2823/5747/8065/5604/22998/50863/1821/998/9890/1496/84062/10154/27445/6376/26999/91752/51201/27006/57026/4983/50944/2556/9344/8927/9783/91851/25791/9912/51517/10810/10486/4045/5295/729956/57496/6623/10580/9901/84623/8497/2066/10982/55906/57463/6505/2185/1016/55638/26047/347731/9456/5800/1141/5064/6710/6714/8777/64218/2562/50855/55203/9693/23136/1946/22865/9378/6529/816/56341/200933/26470/2039/25945/9215/26050/9746/57524/80863/7087/4649/404037/23229/1006/9699/80059/6833/57142/9743/9148/8506/140689/7534/8541/9495/27067/23077/6416,0.538434096309916
GO:1900746,regulation of vascular endothelial growth factor signaling pathway,16,0.605684806603145,1.49729173882828,0.0466149910319523,0.172603365934053,0.0927802707639335,1546,"tags=56%, list=16%, signal=47%",7422/3690/9289/6091/3592/967/57556/199731/10253,0.321775918075361
GO:0045321,leukocyte activation,373,0.366829958795207,1.49727154923312,3.43903705632686e-05,0.0012090667749348,0.000649915151671994,1345,"tags=21%, list=14%, signal=18%",4323/86/3955/678/11119/57580/196/4609/9846/7551/3133/25800/677/3956/301/5914/57045/54209/8877/79155/4192/23397/6774/80381/10758/3430/960/10385/2896/4773/113277/54440/2150/718/865/11221/64332/5130/84695/9976/8451/3592/3958/11314/3105/3113/22904/8772/6599/55824/26022/6605/23729/7057/2175/4242/6598/30817/7412/121260/10451/29117/975/6046/10051/1316/3485/23513/1650/7494/9021/6688/6603/6602/864/80031/1435,0.557332238758646
GO:0051928,positive regulation of calcium ion transport,40,-0.567056825843978,-1.49711567989894,0.0303109725163162,0.129073969746573,0.0693817168446088,696,"tags=18%, list=7%, signal=16%",844/5532/7220/5530/490/5534/9495,0.352487857583619
GO:0070661,leukocyte proliferation,104,0.430038597446415,1.49697409727009,0.004583525486761,0.0368428143888217,0.0198042852536622,1187,"tags=25%, list=12%, signal=22%",11119/4828/196/4609/3133/301/57045/54209/80381/10385/4773/54440/2150/64332/5130/3592/3958/11314/3105/3113/8772/7412/10451/975/3485/23513,0.407017918923954
GO:0009259,ribonucleotide metabolic process,210,-0.446644814739585,-1.49572028353065,0.00255086851251014,0.0244096714802557,0.0131210415100601,1728,"tags=31%, list=18%, signal=26%",9061/5071/28964/521/93974/513/55190/6391/3607/115/509/26289/168537/2821/51292/221264/477/3312/402/84833/108/6817/5604/10846/4715/139596/498/10632/55967/5515/5143/4711/226/230/56953/10059/84618/9060/4725/7345/4698/5141/347736/3094/2977/374291/8505/527/4706/4354/2983/6714/5213/55312/65018/863/4714/516/260425/27115/4719/9556/5144/5138/10900/107,0.431707695803346
GO:0071356,cellular response to tumor necrosis factor,102,0.432322016798104,1.49560631447467,0.00479553322817781,0.0379683869097755,0.0204093193599985,1535,"tags=35%, list=16%, signal=30%",8970/678/7157/9261/84817/677/55504/8877/1535/7132/2635/10758/255743/3037/2150/3987/10795/5970/8531/7057/84888/22900/3551/7412/834/2353/11173/837/7114/81/1687/55022/3304/3576/10010/54469,0.407017918923954
GO:0003148,outflow tract septum morphogenesis,11,0.681993416372459,1.49541904015013,0.0426318598567734,0.16429812657131,0.0883159177505108,1728,"tags=45%, list=18%, signal=37%",6909/8828/6091/8829/4089,0.321775918075361
GO:0006120,"mitochondrial electron transport, NADH to ubiquinone",32,-0.578153506986249,-1.49500683178327,0.0364781050850464,0.148712334910743,0.0799380164128852,2485,"tags=53%, list=26%, signal=40%",4702/4707/4694/4705/4729/4722/4723/23479/4715/4711/4725/4698/374291/4706/65018/4714/4719,0.321775918075361
GO:0099068,postsynapse assembly,48,-0.548325138509927,-1.49488483896276,0.0193216734075558,0.0969529866586035,0.0521155790032168,1598,"tags=31%, list=16%, signal=26%",9369/89910/4884/84687/5728/9844/26999/51517/2185/9378/25945/57524/23229/57142/9743,0.352487857583619
GO:0045786,negative regulation of cell cycle,223,0.379124142230095,1.49439996598206,0.000704865696193721,0.0101174599929847,0.00543848419474646,1852,"tags=34%, list=19%, signal=28%",678/7157/5982/3014/9212/9319/641/677/7465/595/1017/26471/332/83903/55159/4582/9555/11130/10926/22809/163859/81620/655/338657/63967/1407/10403/7517/5347/7756/84444/9700/9675/4751/79027/891/6839/79968/10950/80279/29117/9031/1021/147841/23513/144455/1263/7175/7114/8899/864/51499/5984/26271/90806/10263/1030/51343/84126/5983/5591/55755/2177/151636/7040/9735/146956/51053/7159/4085/5933/5371/672/580/983/84861,0.477270815362862
GO:0072175,epithelial tube formation,30,0.538407577383094,1.49397557732749,0.0273303535625018,0.120254767923122,0.0646410912567266,2308,"tags=60%, list=24%, signal=46%",7422/6662/5898/655/388585/25902/23513/4522/6491/7040/2247/5727/57216/23654/10395/51804/7042/5420,0.352487857583619
GO:0033173,calcineurin-NFAT signaling cascade,22,-0.62779062259657,-1.49311400511131,0.0434782608695652,0.166305877240644,0.0893951530812893,1396,"tags=41%, list=14%, signal=35%",10725/576/2932/151651/5532/11261/5530/5534/9495,0.282013350011725
GO:0061061,muscle structure development,271,0.382493297027026,1.49279074426918,0.000109216597520973,0.00274341691391967,0.00147468134653338,1309,"tags=25%, list=14%, signal=22%",94104/4323/7422/86/133/55553/6909/8038/182/6159/10611/23493/8324/5725/3486/8837/8110/6132/677/9780/6170/6157/91653/4000/23250/4814/6156/6662/10791/3915/25873/2121/55544/10938/57190/255743/1605/9444/4773/221496/811/928/338773/6161/2047/10467/6147/6134/6599/6605/891/9948/6598/2034/1674/29117/463/975/5469/8572/6142/1106/25776/7494/9260/6603/6602/81,0.538434096309916
GO:0048255,mRNA stabilization,49,0.483273690569414,1.49259940579234,0.0235413083512854,0.109861338447295,0.0590542639331995,2513,"tags=49%, list=26%, signal=36%",9261/2521/11044/55544/10758/1660/9444/22938/10644/8531/54502/3183/90806/25819/143684/10643/10492/55051/8148/1153/6426/7538/3192/79066,0.352487857583619
GO:0042771,intrinsic apoptotic signaling pathway in response to DNA damage by p53 class mediator,26,0.561051116979849,1.49211308998476,0.04842177363009,0.17592158359962,0.0945639273676096,1972,"tags=38%, list=20%, signal=31%",7157/64782/4582/960/22938/23612/51499/3428/5371/79915,0.321775918075361
GO:0002281,macrophage activation involved in immune response,11,0.680099761645304,1.49126678989892,0.0426318598567734,0.16429812657131,0.0883159177505108,2229,"tags=64%, list=23%, signal=49%",54209/3430/2896/22904/8291/5336/7305,0.321775918075361
GO:0043489,RNA stabilization,59,0.467951868840317,1.49097381818329,0.0197152300159797,0.0984594919141233,0.052925377611477,2513,"tags=47%, list=26%, signal=35%",9261/2521/11044/55544/10758/1660/9444/4234/22938/10644/8531/54502/3183/90806/25819/143684/10643/92345/10492/55051/56339/8148/1153/6426/5073/7538/3192/79066,0.352487857583619
GO:0044770,cell cycle phase transition,340,0.372402033903758,1.48879778191359,3.15261062119969e-05,0.00114689800185023,0.000616497288882159,2178,"tags=37%, list=22%, signal=30%",1978/86/678/1031/6909/7157/5982/3014/10783/9212/1019/9319/4609/8110/641/677/7465/9274/595/1017/332/83903/894/1785/55159/4582/10460/10763/4921/9555/11130/10926/2305/22809/23133/163859/81620/23194/81610/63967/1407/10403/7517/5347/7756/84444/9700/8451/9675/4751/6599/5962/79027/6605/891/79968/6598/9833/80279/29117/1021/147841/84967/1981/144455/5721/5426/6240/1263/6491/6603/7175/7114/6602/8899/51499/5984/26271/27338/10263/1030/51343/84126/5983/5591/55755/2177/27085/5720/151636/7040/9735/146956/9787/60/4085/5933/5694/672/2146/586/580/54623/983/6502/84861/8881/65975/91782/5777/79915/993/340152/9088/6657/54908/56892/6604/6241/8289/890/27183/3275/9894/1018/57082,0.557332238758646
GO:0006402,mRNA catabolic process,185,0.395224682011439,1.48877943329045,0.00141426049525152,0.01621787850533,0.00871766984843156,1573,"tags=23%, list=16%, signal=20%",7431/678/9567/9261/56829/23351/2521/677/11044/328/55544/10758/1660/9444/9775/23589/27161/6093/6628/3182/85463/22938/10644/8531/9238/9939/22916/25804/51690/54502/192669/84967/23034/5436/3183/9704/84305/90806/85456/3304/25819/143684/23019,0.45505986738723
GO:1903900,regulation of viral life cycle,65,0.455376374903976,1.48877111788056,0.0114811406380686,0.0687272012356711,0.0369432444436177,2378,"tags=42%, list=25%, signal=32%",3838/56829/79720/7706/3956/8091/9235/117854/10410/4940/85363/682/10581/388419/3576/3609/3965/3428/60489/2494/10318/5034/27183/57169/558/55223/5359,0.380730400722792
GO:0016447,somatic recombination of immunoglobulin gene segments,22,0.562488857672272,1.48852291042268,0.0393637318151012,0.156417088756805,0.0840795877208294,1697,"tags=36%, list=18%, signal=30%",23397/64332/5130/121260/10051/78996/5591/7040,0.321775918075361
GO:1902100,negative regulation of metaphase/anaphase transition of cell cycle,38,0.49990052460816,1.48827385831354,0.0359287315429757,0.147203152535298,0.0791267787601998,1852,"tags=47%, list=19%, signal=38%",9212/9319/332/83903/11130/10403/7517/5347/7756/891/147841/7175/8899/26271/55755/9735/4085/84861,0.321775918075361
GO:1905819,negative regulation of chromosome separation,38,0.49990052460816,1.48827385831354,0.0359287315429757,0.147203152535298,0.0791267787601998,1852,"tags=47%, list=19%, signal=38%",9212/9319/332/83903/11130/10403/7517/5347/7756/891/147841/7175/8899/26271/55755/9735/4085/84861,0.321775918075361
GO:0050867,positive regulation of cell activation,154,0.39645531599859,1.48687123899448,0.0017892167383461,0.0191477958892132,0.010292601639139,1311,"tags=22%, list=14%, signal=19%",4323/86/3133/301/5914/54209/79155/4192/80381/4921/4773/54440/865/11221/64332/3592/3105/3113/8772/6599/6605/7057/6598/7412/10451/29117/975/6046/3485/7494/6688/6603/6602/864,0.45505986738723
GO:0097485,neuron projection guidance,121,-0.469257885791222,-1.4868362085933,0.00656389714217178,0.0481732972868955,0.02589481115668,1159,"tags=28%, list=12%, signal=25%",284656/5747/137970/4858/26999/56920/4983/90249/6586/10505/8543/23032/90990/1951/5800/64218/1272/1946/9378/59277/133418/8997/659/2051/51466/2044/5797/9353/8941/6324/10501/285220/27020/23077,0.407017918923954
GO:0007189,adenylate cyclase-activating G protein-coupled receptor signaling pathway,64,-0.507875564829758,-1.48640587624116,0.0200339768298237,0.0994628026139481,0.0534646917661364,532,"tags=16%, list=5%, signal=15%",153/9693/9378/5573/5144/5138/4142/107/5567/2774,0.352487857583619
GO:0010421,hydrogen peroxide-mediated programmed cell death,14,-0.682756065974655,-1.48638927830188,0.0450885668276973,0.168593260842357,0.0906247007715066,359,"tags=21%, list=4%, signal=21%",65018/27086/6416,0.271288554688953
GO:0097468,programmed cell death in response to reactive oxygen species,14,-0.682756065974655,-1.48638927830188,0.0450885668276973,0.168593260842357,0.0906247007715066,359,"tags=21%, list=4%, signal=21%",65018/27086/6416,0.271288554688953
GO:0071826,protein-RNA complex organization,153,0.398892094062616,1.48604773404459,0.00173164514772472,0.0187854563583504,0.0100978316263991,2612,"tags=41%, list=27%, signal=30%",6223/8662/26835/23450/2197/6626/1660/338657/6209/6631/27161/9343/7536/9169/6628/25980/115416/25804/51690/29960/192669/10291/6433/51639/83443/10992/3692/8899/8664/6194/2597/23212/10262/9129/8175/7919/84844/5591/10772/84811/50628/10658/92345/10492/27341/6632/10713/11325/6936/11066/22889/29997/9733/6426/55954/8575/10078/387338/6633/81554/23521/196074,0.45505986738723
GO:0050792,regulation of viral process,80,0.440519632801921,1.4859971964764,0.0110633805166746,0.0676629938845898,0.0363711962355891,2650,"tags=45%, list=27%, signal=33%",3838/56829/79720/7706/3956/8091/9235/1660/117854/10410/4940/85363/682/10581/29969/388419/3576/3609/3965/3428/60489/2494/10318/5034/27183/57169/558/9830/55223/5359/9140/6993/7538/4939/7251/8815,0.380730400722792
GO:0044774,mitotic DNA integrity checkpoint signaling,51,0.48024955035312,1.48586235302128,0.0183932026212626,0.0932924459876538,0.0501479119606004,1938,"tags=37%, list=20%, signal=30%",7157/641/595/1017/55159/4582/10926/163859/63967/5347/80279/51499/51343/5591/2177/146956/672/983/65975,0.352487857583619
GO:0042110,T cell activation,218,0.385617390746899,1.48516583711764,0.000810834823304403,0.0111456773757152,0.00599118655172351,1329,"tags=23%, list=14%, signal=21%",86/3955/678/11119/4609/3133/677/3956/301/5914/57045/54209/4192/6774/80381/10758/960/10385/2150/865/11221/64332/84695/9976/8451/3592/3958/11314/3105/3113/8772/6599/55824/26022/6605/2175/6598/7412/29117/975/6046/3485/23513/1650/7494/9021/6688/6603/6602/864/80031,0.477270815362862
GO:0006163,purine nucleotide metabolic process,244,-0.437300271413506,-1.48498617179916,0.00119698318303667,0.0144226120451494,0.0077526521190983,1728,"tags=31%, list=18%, signal=26%",9061/5071/28964/521/93974/513/55190/5636/6391/3607/115/509/26289/168537/2821/5634/51292/477/3312/55270/402/9497/84833/108/6817/5604/10846/4715/498/10632/79751/55967/54981/5515/5143/4711/226/133686/230/56953/10059/8604/84618/9060/4725/7345/4698/5141/347736/3094/2977/374291/8505/8564/527/23530/4706/4354/130752/2983/6714/5213/65018/3945/863/4714/516/260425/27115/4719/9556/5144/5138/2806/10900/107,0.45505986738723
GO:1903306,negative regulation of regulated secretory pathway,11,0.677008331640045,1.48448815658638,0.0449785036243229,0.168593260842357,0.0906247007715066,1622,"tags=36%, list=17%, signal=30%",2771/11314/6688/3965,0.321775918075361
GO:0051052,regulation of DNA metabolic process,310,0.370361381817211,1.48343751845012,0.000129701165599315,0.00313335310232153,0.00168428551586576,1930,"tags=28%, list=20%, signal=23%",7422/86/1663/3838/7157/5982/3014/9212/64855/4609/11232/2521/8110/641/7465/157570/9274/4000/1017/8091/581/23450/3006/10926/3008/2305/1660/81620/3007/4798/5347/4171/8451/54107/4751/6599/6605/55257/26277/3005/6598/121260/4172/80314/29117/55671/4174/54840/83443/144455/9767/78996/6603/84309/100134934/6602/3009/57332/5984/26271/55063/3183/8089/11177/84126/23137/5983/5591/7040/51053/60/5371/672/122769/580/63922/983/6502/2247/92345/10635/3297/1676/55010/908/25865/54108,0.518848077743792
GO:0033046,negative regulation of sister chromatid segregation,37,0.502871138907513,1.48321686601298,0.0382910515154217,0.153455116234644,0.08248742518614,1852,"tags=49%, list=19%, signal=40%",9212/9319/332/83903/11130/10403/7517/5347/7756/891/147841/7175/8899/26271/55755/9735/4085/84861,0.321775918075361
GO:0033048,negative regulation of mitotic sister chromatid segregation,37,0.502871138907513,1.48321686601298,0.0382910515154217,0.153455116234644,0.08248742518614,1852,"tags=49%, list=19%, signal=40%",9212/9319/332/83903/11130/10403/7517/5347/7756/891/147841/7175/8899/26271/55755/9735/4085/84861,0.321775918075361
GO:0045841,negative regulation of mitotic metaphase/anaphase transition,37,0.502871138907513,1.48321686601298,0.0382910515154217,0.153455116234644,0.08248742518614,1852,"tags=49%, list=19%, signal=40%",9212/9319/332/83903/11130/10403/7517/5347/7756/891/147841/7175/8899/26271/55755/9735/4085/84861,0.321775918075361
GO:2000816,negative regulation of mitotic sister chromatid separation,37,0.502871138907513,1.48321686601298,0.0382910515154217,0.153455116234644,0.08248742518614,1852,"tags=49%, list=19%, signal=40%",9212/9319/332/83903/11130/10403/7517/5347/7756/891/147841/7175/8899/26271/55755/9735/4085/84861,0.321775918075361
GO:0051703,biological process involved in intraspecies interaction between organisms,19,-0.633529916619275,-1.48312033401302,0.0442176870748299,0.167653764111215,0.0901196888290946,1316,"tags=53%, list=14%, signal=46%",2894/5728/50944/2925/23542/26047/1141/9378/6310/5413,0.282013350011725
GO:0042098,T cell proliferation,62,0.459139435443785,1.48239870517919,0.027915004028131,0.121966098408355,0.0655609905004475,1187,"tags=26%, list=12%, signal=23%",11119/4609/3133/301/57045/80381/10385/3592/3958/3105/3113/8772/7412/975/3485/23513,0.352487857583619
GO:0051209,release of sequestered calcium ion into cytosol,50,-0.541031398506305,-1.48224485190413,0.023372943704438,0.109861338447295,0.0590542639331995,1299,"tags=36%, list=13%, signal=31%",477/7070/808/9651/6376/7226/844/5332/2185/2281/56704/23228/801/3708/7220/5144/805/23236,0.352487857583619
GO:0035249,"synaptic transmission, glutamatergic",50,-0.540703835410409,-1.48134743871535,0.0236256217292042,0.109861338447295,0.0590542639331995,1722,"tags=50%, list=18%, signal=41%",5071/57030/2905/2894/477/59283/6812/2911/254263/2892/9890/84062/2917/4983/63908/23025/10497/23542/22930/8564/127262/2185/9456/2891/9378,0.352487857583619
GO:0002704,negative regulation of leukocyte mediated immunity,28,0.528540092973732,1.48127255248187,0.04034236428115,0.159704293870969,0.0858465740069788,1964,"tags=39%, list=20%, signal=31%",196/3133/3106/11314/3105/1398/6688/3965/7040/2302/100507436,0.321775918075361
GO:0007018,microtubule-based movement,248,-0.442971769653331,-1.47991374105058,0.00230635904960413,0.0229547999748336,0.0123389978258635,2114,"tags=32%, list=22%, signal=26%",91978/57584/401024/118491/80217/585/5048/26258/29922/26160/84217/89941/167691/79781/119032/51626/145788/118426/25893/547/89953/5195/57728/4744/3800/10128/64147/1780/408/80128/25981/4747/26256/57576/83861/3798/10947/26206/11158/56776/55605/55614/115948/64800/54585/56171/5813/10300/5604/998/84062/117178/84071/152110/27156/151651/1768/55054/4133/123872/642987/7275/8655/26128/154865/55638/90990/57700/1176/55207/6990/7419/4130/3797/11127/22920/133308/27067/23639,0.431707695803346
GO:0030901,midbrain development,42,-0.554102118963189,-1.47958316367803,0.0257630967762431,0.11640285695476,0.0625705560694826,1259,"tags=21%, list=13%, signal=19%",808/998/57447/8655/7707/801/805/10409/7533,0.352487857583619
GO:0051223,regulation of protein transport,234,-0.441916158937266,-1.47950477697497,0.00167176138635167,0.0182767695606323,0.00982439490301349,1295,"tags=23%, list=13%, signal=20%",258010/3312/23086/222183/9066/10307/4760/6248/2781/79751/2029/9024/51201/781/2932/10497/226/65985/9912/25924/55691/11069/10059/26297/27248/4302/79752/3843/5295/8655/5532/6804/7260/9572/6653/25956/2775/50855/80223/1946/11261/8766/322/56850/3767/2044/7341/6833/23400/133308/5567/4345/9495,0.45505986738723
GO:0060998,regulation of dendritic spine development,38,-0.556756275831163,-1.47935843237296,0.0407445266740607,0.160710294243089,0.0863873339533958,2060,"tags=39%, list=21%, signal=31%",10458/5048/23613/8499/547/7804/6453/22924/80823/84062/50944/25791/816/9148/27067,0.321775918075361
GO:0060997,dendritic spine morphogenesis,43,-0.544087714737953,-1.47919526230414,0.0273565348829852,0.120254767923122,0.0646410912567266,2060,"tags=47%, list=21%, signal=37%",10458/5048/4088/8499/547/5063/7804/2043/26037/22924/5728/80823/998/84062/50944/25791/9912/816/9743/27067,0.352487857583619
GO:0002696,positive regulation of leukocyte activation,145,0.39802254863831,1.47877194850269,0.00233511218135473,0.0229961761474505,0.0123612389477431,1311,"tags=23%, list=14%, signal=20%",4323/86/3133/301/5914/54209/79155/4192/80381/4773/54440/865/11221/64332/3592/3105/3113/8772/6599/6605/7057/6598/7412/10451/29117/975/6046/3485/7494/6688/6603/6602/864,0.431707695803346
GO:0007606,sensory perception of chemical stimulus,24,-0.620831109602311,-1.47764188304031,0.046801872074883,0.172603365934053,0.0927802707639335,2876,"tags=54%, list=30%, signal=38%",9311/50832/390323/5330/259294/582/585/130507/57191/55188/50840/123041/2774,0.261663521711573
GO:0050729,positive regulation of inflammatory response,68,0.453009781208134,1.47732851377851,0.0172774313952045,0.0894162450052136,0.0480643200518329,1291,"tags=29%, list=13%, signal=26%",6223/3133/3956/4814/26471/54209/7132/2635/4192/6774/3430/1660/2896/4363/64332/22900/834/975/1652/837,0.352487857583619
GO:0032228,"regulation of synaptic transmission, GABAergic",21,-0.6325559337126,-1.47707249835066,0.0435483870967742,0.166305877240644,0.0893951530812893,2088,"tags=52%, list=22%, signal=41%",8938/5334/81539/148/8224/6812/64854/2560/2562/9378/23228,0.276500599254472
GO:0051306,mitotic sister chromatid separation,45,0.499531761278099,1.47662276184633,0.0102057545002036,0.0638048651716435,0.0342973187958755,1889,"tags=47%, list=19%, signal=38%",9212/9319/332/83903/11130/10403/7517/5347/7756/9700/891/147841/7175/8899/26271/55755/9735/9787/4085/84861/8881,0.380730400722792
GO:0072332,intrinsic apoptotic signaling pathway by p53 class mediator,43,0.480714803523701,1.47628137487358,0.0294634358238112,0.126485960505069,0.0679905724896485,1786,"tags=28%, list=18%, signal=23%",7157/4609/754/64782/4582/960/22938/23612/51499/3428/7159/5371,0.352487857583619
GO:0045921,positive regulation of exocytosis,41,-0.540350810207155,-1.47563288201631,0.045016077170418,0.168593260842357,0.0906247007715066,1323,"tags=34%, list=14%, signal=30%",376267/23086/9066/6812/9545/9498/22895/6804/8448/5864/93664/192683/23400/5530,0.271288554688953
GO:0015800,acidic amino acid transport,33,-0.572754009618785,-1.47560398799732,0.028678023363478,0.124379505235228,0.0668582800269243,1924,"tags=45%, list=20%, signal=37%",2550/3775/57030/477/6812/10550/84062/79751/2917/8604/23507/22930/8564/6505/6529,0.352487857583619
GO:0050764,regulation of phagocytosis,50,0.480771710990031,1.4750883800801,0.0245233629813563,0.112365463389059,0.060400317579757,993,"tags=32%, list=10%, signal=29%",10399/720/10960/5648/54209/8877/1535/6774/196527/811/2150/718/116985/11314/3601/11031,0.352487857583619
GO:0050870,positive regulation of T cell activation,102,0.426255990963236,1.47462106230179,0.00649302859637244,0.0478195125247674,0.0257046396276095,2131,"tags=35%, list=22%, signal=28%",86/3133/301/5914/4192/80381/865/11221/64332/3592/3105/3113/8772/6599/6605/6598/7412/29117/975/6046/3485/7494/6603/6602/864/3965/7040/60/567/4690/84861/2494/5777/920/6604/8289,0.407017918923954
GO:0045807,positive regulation of endocytosis,83,0.432056108125618,1.47348365135712,0.00946792734042578,0.0614135951587606,0.0330119285715057,1020,"tags=25%, list=11%, signal=23%",7422/720/10960/5648/54209/348/1535/6774/196527/302/977/811/2150/718/116985/8862/3092/3601/967/11031/23011,0.380730400722792
GO:0002443,leukocyte mediated immunity,140,0.39921954577215,1.47285891696106,0.00444748297164718,0.0360237584267776,0.0193640143845628,1095,"tags=19%, list=11%, signal=17%",182/196/11118/720/9846/3133/54209/10758/54210/3106/2150/714/718/64332/5130/3592/11314/3105/7855/3107/8772/1398/9948/30817/121260/975,0.407017918923954
GO:0001822,kidney development,103,0.423600709463491,1.4727130301466,0.0114372178348048,0.0687272012356711,0.0369432444436177,1068,"tags=25%, list=11%, signal=23%",7422/5125/9955/182/3690/4609/8837/6662/6608/5154/10758/27130/255743/3037/655/4854/358/388585/55959/8772/4643/27031/23279/29927/2246/4087,0.380730400722792
GO:0042752,regulation of circadian rhythm,64,-0.502896215696443,-1.47183275179069,0.0236764769060817,0.109861338447295,0.0590542639331995,997,"tags=19%, list=10%, signal=17%",6096/2932/1408/23596/23373/153/1141/9572/8945/3737/107/5601,0.352487857583619
GO:0032729,positive regulation of type II interferon production,33,0.516035590886784,1.46995733924446,0.0312103431285191,0.13157607193042,0.0707266831889212,860,"tags=27%, list=9%, signal=25%",11119/11118/80381/2150/3592/3105/3113/7855/8772,0.352487857583619
GO:0048284,organelle fusion,111,-0.467752654585989,-1.46855676363362,0.0129711441189497,0.0745752427547242,0.0400867687465202,1237,"tags=23%, list=13%, signal=20%",65082/9066/57132/26059/6812/7405/84286/84937/5862/8396/64225/22895/6804/8448/5864/54332/112476/55207/9847/80124/51062/9746/112755/23400/6861,0.380730400722792
GO:0051607,defense response to virus,148,0.39267915109195,1.46833276986247,0.00286457528406991,0.0261656010795996,0.0140649143180317,2627,"tags=42%, list=27%, signal=31%",4828/51251/56829/84166/7706/2635/81844/10758/1660/117854/2150/64332/10410/81622/8772/5970/4940/54476/85363/22900/9020/834/665/10581/25942/201292/10010/3609/340061/5094/55210/7728/10964/151636/6773/3428/3665/5371/6502/4690/29800/60489/79132/100507436/55718/10346/57169/3569/8780/3663/27297/5359/64108/9140/8575/10155/58515/4939/11331/54920/2537/84932,0.431707695803346
GO:0048013,ephrin receptor signaling pathway,31,-0.578462532544465,-1.46803877002229,0.046801872074883,0.172603365934053,0.0927802707639335,1616,"tags=45%, list=17%, signal=38%",2043/26037/64283/284656/5747/25791/5921/6714/1946/8997/2051/2044/285220/5058,0.261663521711573
GO:0046326,positive regulation of D-glucose import across plasma membrane,18,-0.640457377870815,-1.46800649121532,0.0427631578947368,0.16445452136086,0.088399985351638,1460,"tags=33%, list=15%, signal=28%",26060/114882/5295/10580/23596/10776,0.282013350011725
GO:0036293,response to decreased oxygen levels,160,0.391382052462263,1.4673906095022,0.00143391798143604,0.0163122490025605,0.0087683972501702,1130,"tags=23%, list=12%, signal=21%",4323/7422/4313/7157/10397/5352/8614/4609/8837/8994/677/3654/57085/4000/595/26608/54209/1535/56901/4017/6774/4921/7184/655/358/6781/4841/3709/7057/891/6839/2034/7412/7009/2353/8751/665,0.45505986738723
GO:0007188,adenylate cyclase-modulating G protein-coupled receptor signaling pathway,97,-0.47931577294767,-1.4669215879129,0.0203809606527238,0.100593747315198,0.0540726136049324,1198,"tags=23%, list=12%, signal=20%",108/2911/2781/2917/333/9630/23596/11245/153/5064/2775/9693/9378/5573/5144/5138/4142/9699/107/5567/9495/2774,0.352487857583619
GO:0044772,mitotic cell cycle phase transition,276,0.368029938604046,1.46688331086037,0.000278857140352715,0.00530079789319125,0.00284936195266945,1852,"tags=31%, list=19%, signal=26%",1978/86/678/1031/7157/10783/9212/1019/9319/4609/8110/641/677/7465/9274/595/1017/332/83903/894/1785/55159/4582/10460/10763/4921/11130/10926/2305/23133/163859/23194/63967/10403/7517/5347/7756/9700/8451/4751/6599/5962/79027/6605/891/6598/9833/80279/29117/1021/147841/84967/1981/144455/5721/5426/6240/1263/6491/6603/7175/6602/8899/51499/26271/27338/10263/1030/51343/5591/55755/27085/5720/7040/9735/9787/60/4085/5933/5694/672/586/580/983/6502/84861,0.49849310876659
GO:0016032,viral process,205,0.377215500708199,1.46481369628702,0.00148983311322525,0.0168554845517709,0.00906040512076753,1960,"tags=29%, list=20%, signal=23%",3838/5125/7157/3690/56829/5725/4057/79720/7706/3956/8662/8812/348/8091/9235/950/1660/117854/1605/4684/6510/10410/4940/79581/6598/85363/682/84875/4774/975/10581/949/8664/29969/8829/388419/23601/9189/3304/3576/6404/3609/5094/4627/23137/3965/1452/290/5119/3428/3665/90861/983/79643/60489/2494/10318/91782/5034,0.45505986738723
GO:0098771,inorganic ion homeostasis,178,-0.445561375413336,-1.46343660538239,0.00377099533685472,0.0319550207259576,0.0171769273396107,1749,"tags=22%, list=18%, signal=19%",169200/288/6786/118987/26249/57030/9481/23479/5910/122416/79734/477/123041/26059/64116/57130/1534/54997/537/488/51310/6505/286097/793/785/10367/80762/11261/491/79085/2039/3708/7220/9256/23400/133308/55847/490/9899/27020,0.431707695803346
GO:0045765,regulation of angiogenesis,153,0.39251924383516,1.4623060761354,0.00226661455419588,0.0226864529744719,0.0121947520446905,1592,"tags=29%, list=16%, signal=25%",7422/133/9037/6667/51330/8038/3690/23554/4814/22846/8877/8091/4192/6774/284361/2896/9444/358/22905/5315/2969/718/27161/7453/6093/5970/7057/2064/56999/3339/2246/3162/57556/10516/7494/6678/8829/3315/3696/3576/10253/285/7423/1942/7052,0.431707695803346
GO:2001242,regulation of intrinsic apoptotic signaling pathway,86,0.430748512712647,1.46220620012364,0.0075893227221758,0.0532894207780064,0.0286449042397335,1457,"tags=29%, list=15%, signal=25%",4313/10399/7157/4609/754/10018/26471/54209/581/5831/4582/6774/960/55829/6421/5598/4841/8531/7009/138151/5329/7494/51499/1687/3315,0.407017918923954
GO:0000082,G1/S transition of mitotic cell cycle,139,0.392510328654592,1.46194778684083,0.00628771122721547,0.0466329373969232,0.0250668145130911,1841,"tags=35%, list=19%, signal=29%",1978/86/1031/7157/1019/4609/8110/7465/9274/595/1017/894/55159/4582/4921/10926/23133/163859/8451/6599/5962/79027/6605/891/6598/29117/1021/84967/1981/144455/5721/5426/6240/1263/6491/6603/6602/51499/10263/1030/5591/27085/5720/60/5933/5694/586/983/6502,0.407017918923954
GO:0021953,central nervous system neuron differentiation,64,-0.499391898023706,-1.46157662067968,0.0251263945849255,0.114477328169368,0.0615355178411972,1149,"tags=33%, list=12%, signal=29%",4760/4858/6096/4983/4133/1745/1620/2560/2066/8543/55906/26128/9331/1141/23017/9693/9378/9353/6324/57731/23077,0.352487857583619
GO:0071478,cellular response to radiation,90,0.424147240404221,1.46152248531116,0.0107901148928091,0.0666680598062288,0.0358363848042879,1884,"tags=28%, list=19%, signal=23%",1936/4313/7157/9212/4609/641/1535/10714/163859/358/1407/8451/1643/10413/1410/375757/51499/85456/10010/7040/3428/672/580/10635/3297,0.380730400722792
GO:0007411,axon guidance,120,-0.469482679035787,-1.46142720129225,0.00701113176939167,0.0499780001128933,0.0268649012585641,1159,"tags=28%, list=12%, signal=25%",284656/5747/137970/4858/26999/56920/4983/90249/6586/10505/8543/23032/90990/1951/5800/64218/1272/1946/9378/59277/133418/8997/659/2051/51466/2044/5797/9353/8941/6324/10501/285220/27020/23077,0.407017918923954
GO:0106027,neuron projection organization,65,-0.501655927141304,-1.45995214470091,0.0427350427350427,0.16445452136086,0.088399985351638,1822,"tags=38%, list=19%, signal=31%",4088/23613/8499/547/5063/7804/2043/26037/9463/22924/5728/80823/998/84062/91752/2932/50944/25791/9912/26128/9456/816/4130/9743/27067,0.261663521711573
GO:0090128,regulation of synapse maturation,18,-0.63673716698686,-1.45947931374023,0.0476973684210526,0.174876537564589,0.0940021790287738,1544,"tags=50%, list=16%, signal=42%",8482/4747/577/27006/9378/816/9148/8506/7534,0.266350657088526
GO:1901990,regulation of mitotic cell cycle phase transition,219,0.377048683782572,1.45883686623046,0.00057032701326919,0.00881604394137723,0.00473892811719694,1852,"tags=32%, list=19%, signal=26%",86/678/1031/7157/10783/9212/1019/9319/8110/641/677/7465/9274/595/1017/332/83903/894/55159/4582/4921/11130/10926/163859/63967/10403/7517/5347/7756/9700/6599/5962/79027/6605/891/6598/80279/29117/147841/84967/1981/144455/5721/6240/1263/6491/6603/7175/6602/8899/51499/26271/10263/1030/51343/5591/55755/27085/5720/7040/9735/9787/60/4085/5933/5694/672/580/983/84861,0.477270815362862
GO:0002824,positive regulation of adaptive immune response based on somatic recombination of immune receptors built from immunoglobulin superfamily domains,46,0.472168575211919,1.45813203349649,0.0227444827256115,0.108209376665254,0.0581662774179887,2070,"tags=35%, list=21%, signal=27%",3133/54209/3106/64332/3592/3105/7855/3107/8772/975/6046/7040/567/84861/3140/920,0.352487857583619
GO:0071453,cellular response to oxygen levels,102,0.421396456875352,1.45780963566876,0.00810565554361329,0.0558007608385776,0.0299948362618537,1130,"tags=25%, list=12%, signal=22%",7422/7157/10397/8614/4609/8837/677/3654/4000/595/26608/54209/56901/6774/4921/655/358/6781/4841/891/6839/2034/7009/2353/665,0.380730400722792
GO:0050878,regulation of body fluid levels,131,0.40118377087198,1.45766926552554,0.0033507085766678,0.0295198125126056,0.0158679188149005,788,"tags=19%, list=8%, signal=18%",7422/10630/133/2149/308/3690/8761/9289/2771/114897/1608/81542/348/196527/5154/10758/3037/358/2150/780/928/8862/9612/83706/790,0.431707695803346
GO:0016241,regulation of macroautophagy,116,-0.466916787443469,-1.45730560630854,0.0127246718748612,0.0737611474064758,0.0396491643786715,2738,"tags=39%, list=28%, signal=28%",5289/25851/9559/9637/25782/7248/4943/10273/155066/23411/55737/529/5768/1020/8408/23274/143686/112936/9711/1457/11152/5071/93974/23256/79837/57535/7405/149371/27244/60592/7416/8396/10059/7345/22930/23770/527/10133/23032/29978/65018/535/51382/23400/29979,0.380730400722792
GO:0061001,regulation of dendritic spine morphogenesis,35,-0.558868389509367,-1.45635290641066,0.0409893866830247,0.160907173769641,0.0864931634989702,2200,"tags=49%, list=23%, signal=38%",1020/10458/5048/4088/8499/547/7804/2043/26037/22924/80823/84062/25791/9912/816/9743/27067,0.321775918075361
GO:0099172,presynapse organization,37,-0.542973330509777,-1.45608292702416,0.0441400304414003,0.167509827754235,0.0900423180657776,1965,"tags=35%, list=20%, signal=28%",23122/8499/53942/5728/55799/5217/27445/8927/10486/347731/22865/9378/9746,0.266350657088526
GO:0097352,autophagosome maturation,47,-0.532623495367894,-1.45583827379443,0.025255453696532,0.114519939041228,0.0615584226565657,1343,"tags=19%, list=14%, signal=17%",11345/65082/57132/7405/84557/488/801/23710/29979,0.352487857583619
GO:0032273,positive regulation of protein polymerization,46,-0.543533830369585,-1.4555070633817,0.021098842793473,0.102506187190263,0.0551006160918367,1279,"tags=22%, list=13%, signal=19%",402/5217/9659/2185/9530/65018/23116/51466/5581/5058,0.352487857583619
GO:1903532,positive regulation of secretion by cell,132,-0.458833739682086,-1.45490468259713,0.00695282905405943,0.0497304044205606,0.0267318100221894,1323,"tags=28%, list=14%, signal=25%",376267/23086/9066/10307/6812/9545/4760/84062/781/10497/226/65985/25924/55691/11069/10059/9498/22930/8564/8655/22895/5532/6804/286097/1141/8448/5864/50855/1946/93664/322/192683/112755/6833/23400/5530/5567,0.407017918923954
GO:0050777,negative regulation of immune response,93,0.415424958996673,1.45483694623477,0.00663988432083333,0.0483502394227276,0.0259899236661216,915,"tags=20%, list=9%, signal=19%",6223/196/9212/84166/3133/5648/3956/301/54209/2896/3106/55829/84695/3592/3958/11314/3105/1398/4940,0.407017918923954
GO:1903078,positive regulation of protein localization to plasma membrane,38,-0.547477208188735,-1.45470299954306,0.0485133020344288,0.175983041128738,0.0945969629122017,708,"tags=21%, list=7%, signal=20%",5295/57628/10580/9378/8766/5581/9495/22841,0.257206466468838
GO:0045005,DNA-templated DNA replication maintenance of fidelity,42,0.489571322849326,1.45446106219762,0.0255657270401123,0.115758978658019,0.0622244492459721,759,"tags=17%, list=8%, signal=15%",1663/641/84515/55159/10535/7517/8451,0.352487857583619
GO:0031099,regeneration,73,0.441995890526695,1.45442236495944,0.0146021747012923,0.0796139240819815,0.0427952339917155,1112,"tags=30%, list=11%, signal=27%",4313/8837/301/4814/595/5782/4192/57190/1605/2896/1495/928/6209/11221/790/10413/3482/83606/891/706/975/8751,0.380730400722792
GO:0043266,regulation of potassium ion transport,35,-0.557645548429979,-1.45316630972086,0.042596791155922,0.16429812657131,0.0883159177505108,1919,"tags=46%, list=20%, signal=37%",776/287/7881/288/3781/30818/51719/57628/9196/9465/2273/30819/57463/2185/8514/6833,0.321775918075361
GO:0032635,interleukin-6 production,60,0.449576955843986,1.45177146231097,0.0302262432237804,0.128973454402784,0.069327686375607,992,"tags=22%, list=10%, signal=20%",2149/4828/9261/84818/54209/1535/6774/1660/3106/2150/55829/5970/682,0.352487857583619
GO:0032675,regulation of interleukin-6 production,60,0.449576955843986,1.45177146231097,0.0302262432237804,0.128973454402784,0.069327686375607,992,"tags=22%, list=10%, signal=20%",2149/4828/9261/84818/54209/1535/6774/1660/3106/2150/55829/5970/682,0.352487857583619
GO:0071482,cellular response to light stimulus,54,0.460858606894441,1.45132665309769,0.0278741335232691,0.121966098408355,0.0655609905004475,761,"tags=19%, list=8%, signal=17%",4313/7157/9212/4609/10714/163859/358/1407/8451/1643,0.352487857583619
GO:0007094,mitotic spindle assembly checkpoint signaling,35,0.501884605720413,1.45012496364669,0.034931321212876,0.144519779919938,0.0776843732980213,1852,"tags=49%, list=19%, signal=39%",9212/9319/332/83903/11130/10403/7517/5347/7756/891/147841/7175/8899/55755/9735/4085/84861,0.321775918075361
GO:0071173,spindle assembly checkpoint signaling,35,0.501884605720413,1.45012496364669,0.034931321212876,0.144519779919938,0.0776843732980213,1852,"tags=49%, list=19%, signal=39%",9212/9319/332/83903/11130/10403/7517/5347/7756/891/147841/7175/8899/55755/9735/4085/84861,0.321775918075361
GO:0071174,mitotic spindle checkpoint signaling,35,0.501884605720413,1.45012496364669,0.034931321212876,0.144519779919938,0.0776843732980213,1852,"tags=49%, list=19%, signal=39%",9212/9319/332/83903/11130/10403/7517/5347/7756/891/147841/7175/8899/55755/9735/4085/84861,0.321775918075361
GO:0008380,RNA splicing,316,0.363864178757391,1.45000188694632,0.00018197474505537,0.00397892965872364,0.0021388121204315,1579,"tags=26%, list=16%, signal=22%",94104/55119/5935/79665/5725/2521/3185/6428/26835/23450/3006/55544/6626/1660/163859/7307/79026/3007/9444/338657/9775/79706/55131/27316/4857/6434/6631/9343/6421/3187/7536/29115/4841/3958/9169/6628/57187/22938/140890/6100/5511/25980/9939/55596/81576/10179/7009/22916/25804/6427/51690/79228/54502/9984/11100/4670/10291/23076/6433/51639/83443/84967/29890/57018/10992/64783/22913/10236/4691/8899/54883/3183/6651/90806/10262/9129/8175/7919/3609/84844/728642/22985,0.518848077743792
GO:0099175,regulation of postsynapse organization,90,-0.485513200701838,-1.44878659210493,0.012638578019145,0.0734639107999888,0.0394893894363835,1898,"tags=37%, list=20%, signal=30%",1400/4088/23613/9040/8499/547/5063/7804/2043/6453/26037/89910/22924/2894/84687/80823/9844/998/9890/84062/26999/91752/25791/9912/51517/2185/9456/816/25945/57524/57142/9743/27067,0.380730400722792
GO:0034329,cell junction assembly,286,-0.425605688198285,-1.44790726158271,0.00208458643356855,0.0211224058969729,0.0113540227196706,1281,"tags=22%, list=13%, signal=20%",84687/402/7070/5728/80823/9844/10718/2823/5747/8065/22998/50863/998/10154/27445/26999/51201/4983/2556/9344/8927/51517/4045/10580/9901/84623/2066/57463/2185/1016/26047/347731/5800/1141/6714/8777/64218/2562/55203/9693/23136/1946/22865/9378/200933/2039/25945/26050/9746/57524/7087/4649/404037/23229/1006/80059/57142/9743/8506/140689/9495/27067/23077,0.431707695803346
GO:0048598,embryonic morphogenesis,151,0.39388721844847,1.44665930869278,0.00356641942924298,0.0306523217747563,0.0164766816592192,2005,"tags=36%, list=21%, signal=29%",4323/2201/4313/6909/10399/1846/3690/8324/6662/8091/6608/3065/9555/5898/655/9775/2202/388585/8862/7545/5598/6093/221908/7358/25902/7855/27031/8019/4087/10959/1889/23513/4522/1289/6678/6491/1847/2335/3675/6299/7040/286204/4089/54623/2247/5727/57216/23654/79971/6664/10395/56983/1295/26011/6657,0.431707695803346
GO:0001708,cell fate specification,32,0.503293865990927,1.44652271089417,0.0473156043286681,0.173778807891192,0.0934121114146676,2005,"tags=41%, list=21%, signal=32%",6909/8324/6662/9219/3065/9112/10215/429/8829/5928/4089/2247/6657,0.321775918075361
GO:0010611,regulation of cardiac muscle hypertrophy,32,-0.559193210302973,-1.44597872293049,0.0488960016543256,0.176964945953048,0.0951247706694311,72,"tags=9%, list=1%, signal=9%",5530/27086/5058,0.321775918075361
GO:0001764,neuron migration,63,0.447029129625919,1.44574865777407,0.0290831592838861,0.125107983871559,0.0672498624549884,445,"tags=11%, list=5%, signal=11%",7846/7422/9289/8828/55558/27185/4192,0.352487857583619
GO:0034097,response to cytokine,370,0.353814549200674,1.44527351098305,0.000176989479396137,0.00389008126589426,0.00209105304053731,1535,"tags=25%, list=16%, signal=22%",7846/8970/678/4313/4502/6472/7157/9261/7837/54739/4261/84817/84166/677/3654/3625/5914/84818/1809/6738/6662/54209/55504/8877/1535/7132/79155/2635/58191/54756/81844/6774/10758/1660/117854/255743/960/3037/2150/27316/3987/12/64332/10410/6091/5598/3592/10413/3113/22904/10795/3601/8772/5970/23729/4940/8531/7057/19/29927/2117/84888/22900/7430/3551/7412/834/2353/54502/10581/7327/1650/64783/5721/11173/7494/9021/6688/837/7175/7114/81/1435/25942/2597/1687/201292/55022/3304/3576/6404/10010/340061/54469,0.518848077743792
GO:0031577,spindle checkpoint signaling,36,0.498822851170863,1.44499767445582,0.0307958738989573,0.130708651056755,0.0702604145093422,1852,"tags=47%, list=19%, signal=38%",9212/9319/332/83903/11130/10403/7517/5347/7756/891/147841/7175/8899/55755/9735/4085/84861,0.352487857583619
GO:0031589,cell-substrate adhesion,189,0.380570954136847,1.44291928257369,0.00180828431145701,0.0192701004907792,0.0103583445867783,1420,"tags=28%, list=15%, signal=24%",4323/7422/10630/182/3690/8324/7041/151887/6239/6281/341640/27185/3915/10979/4192/7205/255743/1605/960/3037/395/811/780/84465/3987/2047/83706/6093/5829/1009/967/1398/10174/7057/56999/11078/7412/5328/8751/23380/1021/5329/10516/59339/81/1435/1307/8500/71/2335/9358/8829,0.45505986738723
GO:0009145,purine nucleoside triphosphate biosynthetic process,71,-0.494486251981702,-1.44239955568734,0.0264267669287601,0.117983788494987,0.0634203613763939,2485,"tags=49%, list=26%, signal=37%",4702/4707/4508/4694/4705/4729/4722/4723/29922/134145/5071/521/93974/513/6391/509/84833/5604/4715/498/10632/55967/4711/226/4725/4698/347736/374291/527/4706/65018/4714/516/4719/9556,0.352487857583619
GO:0009206,purine ribonucleoside triphosphate biosynthetic process,71,-0.494486251981702,-1.44239955568734,0.0264267669287601,0.117983788494987,0.0634203613763939,2485,"tags=49%, list=26%, signal=37%",4702/4707/4508/4694/4705/4729/4722/4723/29922/134145/5071/521/93974/513/6391/509/84833/5604/4715/498/10632/55967/4711/226/4725/4698/347736/374291/527/4706/65018/4714/516/4719/9556,0.352487857583619
GO:0010810,regulation of cell-substrate adhesion,112,0.39752685615674,1.44221438115662,0.00927227896142702,0.060948624948944,0.0327619910240512,1420,"tags=27%, list=15%, signal=23%",4323/7422/10630/182/8324/151887/6239/6281/27185/10979/4192/255743/1605/3037/395/811/6093/1398/7057/11078/5328/8751/1021/59339/81/1435/1307/71/2335/8829,0.380730400722792
GO:0045047,protein targeting to ER,32,0.501779663822422,1.44217072495984,0.0482343253389289,0.175624549551579,0.0944042613074827,944,"tags=19%, list=10%, signal=17%",23480/6746/6748/51608/10952/29927,0.321775918075361
GO:0140374,antiviral innate immune response,36,0.497801948148519,1.44204030694615,0.0317658029452363,0.133384764605868,0.0716989179726906,1914,"tags=36%, list=20%, signal=29%",4828/7706/117854/5970/4940/22900/201292/340061/55210/4690/29800/60489/79132,0.321775918075361
GO:0045839,negative regulation of mitotic nuclear division,41,0.48171284666866,1.44146187058679,0.0484409668584736,0.17592158359962,0.0945639273676096,2201,"tags=56%, list=23%, signal=44%",9212/9319/332/83903/11130/655/10403/7517/5347/7756/891/147841/7175/8899/26271/55755/9735/4085/84861/54908/10201/57082/1111,0.321775918075361
GO:0051784,negative regulation of nuclear division,41,0.48171284666866,1.44146187058679,0.0484409668584736,0.17592158359962,0.0945639273676096,2201,"tags=56%, list=23%, signal=44%",9212/9319/332/83903/11130/655/10403/7517/5347/7756/891/147841/7175/8899/26271/55755/9735/4085/84861/54908/10201/57082/1111,0.321775918075361
GO:0030595,leukocyte chemotaxis,89,0.423522350668,1.44112704799716,0.00676684160242793,0.0487304975464947,0.0261943255414406,1028,"tags=25%, list=11%, signal=22%",7422/4313/6223/5479/7130/301/4814/84818/58191/4192/196527/54210/811/2150/718/79890/3592/3958/7057/30817/682/83700,0.407017918923954
GO:0002821,positive regulation of adaptive immune response,51,0.465542315601692,1.44035907994559,0.026448498558355,0.117983788494987,0.0634203613763939,1100,"tags=24%, list=11%, signal=21%",3133/54209/3106/54440/64332/3592/3105/7855/3107/8772/975/6046,0.352487857583619
GO:0032944,regulation of mononuclear cell proliferation,77,0.426474286265507,1.44005613223709,0.0139151425505021,0.0779839330187502,0.041919057496715,1947,"tags=35%, list=20%, signal=28%",196/3133/301/57045/80381/10385/4773/54440/3592/3958/11314/3105/3113/8772/7412/10451/975/3485/23513/1435/5880/3965/5322/2302/4690/2494/6664,0.380730400722792
GO:1901890,positive regulation of cell junction assembly,51,-0.511175178785484,-1.4397917721778,0.0424279312773364,0.163988936309802,0.08814971730578,556,"tags=22%, list=6%, signal=20%",57463/26047/347731/64218/1946/22865/9378/26050/9746/80059/27067,0.321775918075361
GO:0002449,lymphocyte mediated immunity,102,0.416165350034814,1.43971276315613,0.0106222067102649,0.0658233661047254,0.0353823327647232,1095,"tags=20%, list=11%, signal=18%",182/196/11118/720/3133/54209/10758/3106/714/718/64332/5130/3592/3105/7855/3107/8772/1398/121260/975,0.380730400722792
GO:0006820,monoatomic anion transport,60,-0.494112757627365,-1.43934221327834,0.0360750360750361,0.147516135888229,0.0792950181225804,1608,"tags=32%, list=17%, signal=27%",57030/9481/57719/6508/9497/57282/9016/2556/7416/1184/23507/9498/2560/6505/2562/6529/2743/7419/8001,0.287857117255149
GO:0044403,biological process involved in symbiotic interaction,97,0.408038567573163,1.43833446671879,0.0158968035712378,0.0843830327932372,0.0453587946449997,2403,"tags=42%, list=25%, signal=32%",3838/3690/4057/79720/7706/3956/3625/950/1605/2150/4684/6510/79581/85363/682/975/949/2335/8829/23601/3304/3576/6404/3609/4627/3965/290/5119/90861/983/79643/91782/5034/920/27183/558/1803/10572/55223/5359/51193,0.352487857583619
GO:1903557,positive regulation of tumor necrosis factor superfamily cytokine production,52,0.456735578182639,1.43829019729077,0.0337071192902566,0.140835686539488,0.0757040458605577,2645,"tags=48%, list=27%, signal=35%",83786/3133/1535/6774/1660/7855/8772/4940/7057/1652/3315/3965/9181/7040/9590/10392/5336/7305/3569/54093/7291/58515/4939/2048/929,0.321775918075361
GO:0002521,leukocyte differentiation,251,0.365378604075083,1.43758321742969,0.00172117365875712,0.0187199815462759,0.0100626366534643,1345,"tags=21%, list=14%, signal=19%",4323/7422/86/3955/678/7130/4609/8837/4057/9846/677/3956/301/5914/54209/4192/23397/6774/10758/302/9444/3106/2150/714/865/11221/64332/10221/84695/22904/8772/6599/26022/6605/2175/4242/6598/7412/29117/2353/975/6046/10051/1021/1316/55365/7494/9021/6688/6603/6602/864/1435,0.45505986738723
GO:0009790,embryo development,295,0.359092457512982,1.43723369280243,0.000880050666388448,0.0116420495678973,0.00625800374929738,2005,"tags=33%, list=21%, signal=27%",4323/7422/86/3955/2201/4313/6909/5125/10399/1846/3690/23493/8324/8828/4082/342892/6662/8091/6608/5090/3915/3065/5154/10763/9555/7205/5898/655/9775/84172/4798/2202/388585/8862/84695/7545/55959/8451/5598/6093/221908/7358/51496/6134/25902/7855/27031/8019/91748/2019/4087/10959/1889/23513/4522/144455/5426/1289/6678/6491/1847/7004/2335/8829/3910/25819/3576/3675/4678/23019/116092/6299/25879/7040/286204/7942/4089/672/6405/54623/983/10658/2247/5727/57216/4211/23654/10019/79971/2494/10733/6664/10395/56983/1295/26011/6657,0.477270815362862
GO:0010586,miRNA metabolic process,62,0.445145239411704,1.43721640003058,0.0379526255466303,0.152970467819274,0.0822269099235323,2568,"tags=50%, list=26%, signal=37%",7422/7157/4609/5914/6662/6774/367/9444/4854/8862/9612/5970/2353/4804/6688/7040/4089/2247/23318/4086/6720/9611/57591/3569/7042/5073/7003/7291/3265/8570/27044,0.321775918075361
GO:0051051,negative regulation of transport,200,-0.430715420415877,-1.43679938595948,0.00762386973524337,0.0534038697002427,0.0287064244884046,1299,"tags=22%, list=13%, signal=20%",477/258010/5728/91404/808/222183/10550/10347/51185/6248/2781/2917/51719/1408/7416/55691/26297/27248/10079/5532/5595/2185/55529/2775/80223/2281/112476/29978/11261/124935/54550/801/192683/79772/3767/2044/112755/7341/805/5581/6833/5530/29979/4345/5534,0.407017918923954
GO:0007519,skeletal muscle tissue development,42,-0.537876205539252,-1.43625615319434,0.0437405731523379,0.166593157674067,0.0895495762366773,696,"tags=17%, list=7%, signal=16%",844/10472/5532/221662/9148/8506/5530,0.266350657088526
GO:0050714,positive regulation of protein secretion,72,-0.487041894374592,-1.43581992179285,0.0221363567324298,0.10603340001232,0.056996614810642,1255,"tags=26%, list=13%, signal=23%",23086/10307/4760/781/10497/226/65985/25924/55691/11069/10059/8655/5532/50855/1946/322/6833/23400/5567,0.352487857583619
GO:0032024,positive regulation of insulin secretion,40,-0.543832567274607,-1.43580012901657,0.040785498489426,0.160710294243089,0.0863873339533958,1722,"tags=35%, list=18%, signal=29%",5071/54795/5467/4760/781/226/65985/25924/11069/8655/5532/1946/6833/5567,0.276500599254472
GO:0033209,tumor necrosis factor-mediated signaling pathway,60,0.444610226316757,1.43573292631636,0.0340384648359578,0.141519528677578,0.0760716346291107,1523,"tags=33%, list=16%, signal=28%",8970/7157/9261/84817/55504/8877/7132/10758/2150/3987/5970/84888/22900/3551/834/837/7114/81/3304/10010,0.321775918075361
GO:1901652,response to peptide,375,0.355345629652972,1.43546094042748,0.000149092765057305,0.00342043205250808,0.00183860036705534,1535,"tags=26%, list=16%, signal=22%",7846/8970/678/4313/4502/6472/7157/9261/7837/54739/4261/84817/84166/677/3654/3625/5914/84818/1809/6738/6662/54209/55504/8877/1535/7132/79155/2635/58191/54756/81844/6774/10758/1660/117854/255743/960/3037/811/2150/27316/3987/12/64332/10410/6091/5598/3592/10413/3113/22904/10795/3601/8772/5970/1398/23729/4940/8531/7057/19/29927/2117/84888/22900/7430/3551/7412/834/2353/54502/10581/7327/1650/64783/5721/11173/7494/9021/6688/837/7175/7114/81/1435/25942/2597/1687/201292/55022/3304/3576/6404/10010/340061/54469,0.518848077743792
GO:1905037,autophagosome organization,81,-0.476179192331086,-1.43492857620831,0.0152258726361401,0.0819555899547335,0.0440539602774799,1618,"tags=22%, list=17%, signal=19%",23256/79837/57535/11345/9706/23341/8396/55054/55102/84557/22930/488/23032/29978/65018/23710/23400/29979,0.380730400722792
GO:1902850,microtubule cytoskeleton organization involved in mitosis,97,0.407031955271888,1.4347861620177,0.0170451240809762,0.0884753058077733,0.0475585327339641,1865,"tags=37%, list=19%, signal=30%",29128/9055/10783/9212/162282/89958/3636/332/10460/10403/5347/7756/9700/8243/891/64946/256364/10274/4926/51203/26065/56992/1263/6491/7175/25777/83541/3304/55755/54820/5119/9787/55726/983/3833/79643,0.352487857583619
GO:0051985,negative regulation of chromosome segregation,39,0.490598042246236,1.43409454125001,0.0317478387617244,0.133384764605868,0.0716989179726906,1852,"tags=46%, list=19%, signal=37%",9212/9319/332/83903/11130/10403/7517/5347/7756/891/147841/7175/8899/26271/55755/9735/4085/84861,0.321775918075361
GO:0022613,ribonucleoprotein complex biogenesis,326,0.35316973534387,1.43323652567955,0.00029745268766526,0.00550548395590964,0.0029593877810642,2612,"tags=35%, list=27%, signal=26%",6210/6203/6223/29889/8662/6202/26835/23450/705/2197/6626/1660/163859/338657/55319/9775/6205/23481/6209/55341/6230/6631/27161/9343/7536/153443/8451/11056/117246/9169/6628/64434/25980/6839/115416/25804/51690/29960/192669/10291/23076/6433/51639/83443/10992/3692/8899/7514/6227/8664/6194/64794/2597/23212/10262/128061/9129/8175/7919/84844/5591/10772/6130/51077/25879/83743/10436/84811/50628/84549/57696/55646/55035/10658/92345/10492/27341/55720/51602/6632/29063/10713/54853/55695/11325/6936/25926/51550/10600/84916/11066/5134/22889/55636/8780/29997/57602/9733/6426/6838/55954/23029/5393/8575/79066/10078/387338/56342/10528/6633/81554/4927/23521/196074,0.49849310876659
GO:0001954,positive regulation of cell-matrix adhesion,31,0.508007953610006,1.43305148350463,0.0384585760195784,0.153834304078314,0.0826912517489403,1420,"tags=35%, list=15%, signal=30%",7422/6281/27185/10979/1605/6093/1021/59339/1435/1307/8829,0.321775918075361
GO:0007088,regulation of mitotic nuclear division,64,0.443158963481139,1.43282358243556,0.021968558426567,0.105634692964583,0.0567822960014791,2201,"tags=47%, list=23%, signal=36%",9212/9319/332/83903/11130/655/10403/7517/5347/7756/9700/4751/891/51203/147841/7175/8899/26271/4288/55755/9735/9787/4085/84861/8881/9088/54908/10201/57082/1111,0.352487857583619
GO:0044843,cell cycle G1/S phase transition,155,0.391348245236158,1.43227396397901,0.00195906204528914,0.0204967147878527,0.0110176921376764,2172,"tags=42%, list=22%, signal=33%",1978/86/1031/6909/7157/1019/4609/8110/7465/9274/595/1017/894/55159/4582/4921/10926/23133/163859/81610/8451/6599/5962/79027/6605/891/6598/29117/1021/84967/1981/144455/5721/5426/6240/1263/6491/6603/7114/6602/51499/10263/1030/5591/27085/5720/60/5933/5694/2146/586/54623/983/6502/5777/993/340152/6657/56892/6604/6241/8289/890/3275/1018,0.431707695803346
GO:0048260,positive regulation of receptor-mediated endocytosis,29,0.514616487874828,1.43169267842539,0.0428916349871323,0.164697633890535,0.0885306667332398,1020,"tags=24%, list=11%, signal=22%",7422/302/718/8862/3092/967/23011,0.321775918075361
GO:0098876,vesicle-mediated transport to the plasma membrane,111,-0.455935405362788,-1.4314553146004,0.0206408806439417,0.101284321299342,0.0544438209732514,1303,"tags=22%, list=13%, signal=19%",8548/84440/9515/23233/149371/6248/51201/404636/9912/537/4253/261729/10079/7260/10133/163486/6653/8766/27065/56850/22876/54536/65009/9495,0.352487857583619
GO:0046854,phosphatidylinositol phosphate biosynthetic process,44,-0.532191519587203,-1.4311335888981,0.0411160058737151,0.161254223779812,0.0866797148662512,1809,"tags=36%, list=19%, signal=30%",5291/160851/8821/79837/3706/9651/7405/22979/3631/285172/8396/5295/8395/8867/9600/23167,0.271288554688953
GO:1901342,regulation of vasculature development,158,0.387131322889296,1.43087197931986,0.00281256115112283,0.0258982491716535,0.0139212034334017,1788,"tags=32%, list=18%, signal=26%",7422/133/9037/6667/51330/8038/3690/23554/4814/22846/8877/8091/4192/6774/284361/2896/9444/358/22905/5315/2969/718/27161/7453/6093/5970/7057/2064/56999/3339/2246/3162/57556/10516/7494/6678/8829/3315/3696/3576/10253/285/7423/1942/7052/1500/7040/694/5371/672,0.431707695803346
GO:0016358,dendrite development,125,-0.451648624679662,-1.42875807287765,0.0114655989780725,0.0687272012356711,0.0369432444436177,2064,"tags=38%, list=21%, signal=31%",26012/10458/585/5048/26258/153090/8322/50488/4088/23613/10371/8499/547/5063/7804/22903/23242/2043/6453/1952/23072/26037/22924/5728/80823/577/998/1496/84062/4135/2932/50944/9344/25791/9912/4133/23542/1141/23271/9693/53335/816/4130/57118/9743/9148/7533/27067,0.380730400722792
GO:0051146,striated muscle cell differentiation,115,0.395070750603165,1.4275913040132,0.00948791335587881,0.0614135951587606,0.0330119285715057,956,"tags=23%, list=10%, signal=21%",4323/7422/55553/8038/6159/10611/23493/8324/8837/6132/9780/6170/6157/23250/6156/25873/55544/10938/57190/811/928/338773/6161/6147/6134/891/9948,0.380730400722792
GO:0006406,mRNA export from nucleus,53,0.450706140387423,1.42607856024399,0.0451046899267823,0.168593260842357,0.0906247007715066,2002,"tags=42%, list=21%, signal=33%",6428/9775/57187/23279/9939/8888/22916/79228/9984/29890/79902/7175/7514/26097/55308/7919/84271/8021/9887/10212/11269/57122,0.321775918075361
GO:0045667,regulation of osteoblast differentiation,53,0.450254905152817,1.4246508075776,0.0451046899267823,0.168593260842357,0.0906247007715066,800,"tags=26%, list=8%, signal=24%",2201/25937/7130/51374/8994/4057/6662/10979/4921/255743/51430/655/338773/10413,0.321775918075361
GO:0035825,homologous recombination,33,0.499617612634735,1.42318977504276,0.0451923247237735,0.168771336579048,0.0907204226305634,1864,"tags=33%, list=19%, signal=27%",29128/9319/29893/4439/9985/375757/2177/146956/672/580/10635,0.321775918075361
GO:0051047,positive regulation of secretion,137,-0.443665133255275,-1.42155987870735,0.0153085779437578,0.0822957948059339,0.0442368321353881,1323,"tags=27%, list=14%, signal=24%",376267/23086/9066/10307/6812/9545/4760/84062/781/10497/226/65985/25924/55691/11069/10059/9498/22930/8564/8655/22895/5532/6804/286097/1141/8448/5864/50855/1946/93664/322/192683/112755/6833/23400/5530/5567,0.380730400722792
GO:0140546,defense response to symbiont,492,0.3388025258998,1.42092996091215,5.95493117337719e-05,0.00184778011409204,0.000993245632087923,1975,"tags=29%, list=20%, signal=24%",8348/8970/133/6472/4828/8342/7157/6223/9261/8344/56829/9212/11018/4261/9618/8343/84166/4057/720/3133/5648/7706/8347/3654/51296/301/6170/4814/6156/8341/54209/348/1535/9246/79155/653361/2635/58191/81844/2197/3430/3148/8339/1660/117854/54210/7184/3017/8349/2896/3106/113277/2150/10695/714/8346/718/64332/10410/6421/3592/4841/3958/11314/3105/647087/81622/3113/3107/8772/7353/5970/1398/4940/29927/85363/22900/3551/121260/834/3151/8751/54502/10581/5721/8345/80216/6688/837/57590/1435/25942/84885/2597/201292/23601/3304/113/3576/10010/340061/5094/79792/51667/5591/3965/55210/1452/10454/9181/5720/151636/7040/89790/7942/6773/3428/3665/5322/5694/5371/55577/63906/55646/567/10212/6502/4690/29800/9051/51279/10492/60489/51304/10578/79132/10318/100507436/5777/3140/3018,0.557332238758646
GO:0006405,RNA export from nucleus,66,0.440131868203593,1.41935759341506,0.0117699706034331,0.0700553962573874,0.0376571951425238,2013,"tags=42%, list=21%, signal=34%",6428/1660/9775/57187/23511/23279/9939/8888/22916/79228/9984/29890/79902/7175/7514/26097/55308/7919/84271/8021/4928/9887/100101267/10212/11269/9883/57122/55051,0.380730400722792
GO:0030856,regulation of epithelial cell differentiation,50,0.462573599884374,1.41925351788306,0.033807438097668,0.140921470394625,0.0757501576455957,1853,"tags=36%, list=19%, signal=29%",7422/182/677/6662/7132/9555/10252/6093/3551/4926/5469/7716/10253/6935/4831/694/2302/2247,0.321775918075361
GO:0006281,DNA repair,387,0.346051626284363,1.41907170487642,0.000145391552051071,0.00338979198704707,0.00182213027358808,1841,"tags=27%, list=19%, signal=23%",86/29128/1663/7157/5982/3014/9319/2521/8110/641/11044/9274/4000/1017/328/113130/8091/23450/84515/55159/3148/9555/11169/10714/2305/1660/10535/4439/63967/56852/3835/9112/4798/57654/7517/5347/84444/6421/4171/2176/5980/8451/1643/2237/27434/5981/4841/84296/3978/6599/121642/8243/6605/55257/2175/6598/57804/84875/64421/4172/80314/29117/55671/65980/9401/4174/54840/9985/375757/83443/23503/84164/78996/5426/6240/6603/7156/84309/6602/57332/5984/55063/9768/85456/8089/100133315/4595/51343/84126/23137/5983/5591/2177/151636/9960/5928/146956/60/22897/5694/5371/672/580/5425/983/6502,0.518848077743792
GO:0072521,purine-containing compound metabolic process,317,-0.413070034279332,-1.41742959770317,0.00321944224729977,0.0287231422486364,0.0154396810316994,1668,"tags=28%, list=17%, signal=24%",28964/79993/521/31/93974/513/3295/55190/55711/5636/6391/3607/115/509/26289/5164/168537/2821/5634/3157/51292/477/3312/55270/402/10005/9497/84833/8803/108/6817/5604/10846/4715/498/10632/79751/55967/54981/5515/5143/4711/226/133686/26027/84649/230/56953/6785/10059/8604/84618/9060/4725/7345/11332/4698/5141/347736/3094/2977/374291/8505/8564/527/23530/4706/4354/130752/5095/2983/23305/6714/5213/65018/53354/3945/863/4714/516/260425/27115/4719/9556/5144/5138/2806/10900/107,0.431707695803346
GO:0045787,positive regulation of cell cycle,169,0.374929792180462,1.41666433247926,0.00295418398544165,0.0268825344922548,0.014450290789608,1294,"tags=22%, list=13%, signal=19%",1978/6210/1663/6909/9212/1019/54892/5914/595/26471/332/8877/894/23397/4921/9555/10926/811/81610/56852/10403/7517/5347/9700/2237/221908/5962/891/4926/51203/10051/84967/1981/144455/6240/6491/7175,0.431707695803346
GO:0046718,symbiont entry into host cell,67,0.428198249781883,1.41557891016883,0.0159918847945229,0.084674722500485,0.0455155879373613,2507,"tags=48%, list=26%, signal=36%",3690/7706/3956/950/1605/4684/6510/79581/85363/682/975/949/8829/23601/3304/6404/3609/4627/3965/290/90861/983/5034/920/558/1803/10572/55223/5359/51193/6993/3949,0.352487857583619
GO:0007186,G protein-coupled receptor signaling pathway,331,-0.411565219910861,-1.41554889488977,0.00281689487435758,0.0258982491716535,0.0139212034334017,1376,"tags=25%, list=14%, signal=23%",22986/1131/9293/2894/84687/2850/5594/10636/10888/808/576/577/55188/9162/9651/50840/6752/108/123041/1363/57528/2911/54329/998/9890/84062/2781/6376/2917/333/6096/25817/9718/6750/6586/11343/8490/9630/11069/2925/5141/9737/23596/3632/11245/5332/6505/2185/153/23032/9456/1951/5064/6653/2775/6714/9693/29978/9378/6855/2743/6447/5573/4985/401190/10681/1607/27239/54550/801/3708/5144/5138/4142/9353/805/9699/5530/23236/107/51195/5567/9495/2774,0.431707695803346
GO:0030097,hemopoiesis,385,0.348339763347594,1.41455352881286,0.000163550791243599,0.0036785181208766,0.00197733054287809,1311,"tags=20%, list=14%, signal=18%",4323/7422/86/3955/678/90338/182/7157/6223/7130/8359/8365/4609/8837/4057/9846/677/3956/301/23306/5914/8363/54209/8366/4192/23397/6774/10758/3148/302/9444/8361/3106/2150/714/388585/865/11221/6510/64332/10467/10221/84695/22904/8772/6599/26022/6605/2175/4242/9948/6598/2034/9833/7412/80279/29117/2353/975/6046/23186/10051/5469/1021/1316/55365/64783/7494/9021/3692/6688/6603/7114/8368/6602/864,0.518848077743792
GO:0098542,defense response to other organism,497,0.339520477722631,1.41277733717186,3.49540631616222e-05,0.0012090667749348,0.000649915151671994,1975,"tags=29%, list=20%, signal=24%",8348/8970/133/6472/4828/8342/7157/6223/9261/8344/56829/9212/11018/4261/9618/8343/84166/4057/720/57674/3133/5648/7706/8347/3654/51296/301/6170/4814/6156/8341/54209/348/1535/9246/79155/653361/2635/58191/81844/2197/3430/3148/8339/1660/117854/54210/7184/3017/8349/2896/3106/113277/2150/10695/714/8346/718/64332/10410/6421/3592/4841/3958/11314/3105/647087/81622/3113/3107/8772/7353/5970/1398/4940/29927/85363/22900/3551/121260/834/3151/8751/54502/10581/5721/8345/80216/6688/837/57590/1435/25942/84885/2597/201292/23601/3304/113/3576/10010/340061/5094/79792/51667/5591/3965/55210/1452/10454/9181/5720/151636/7040/89790/7942/6773/3428/3665/5322/5694/5371/55577/63906/55646/567/10212/6502/4690/29800/9051/51279/10492/60489/51304/10578/79132/10318/100507436/5777/3140/3018,0.557332238758646
GO:0070646,protein modification by small protein removal,78,-0.474884074849862,-1.41191032556345,0.0242853437201581,0.112004536064554,0.0602063066767107,2474,"tags=38%, list=26%, signal=29%",57558/9101/50813/84669/23326/7874/27351/57646/220213/8533/55593/10920/5071/55432/10987/79184/1540/9318/9097/80013/7345/3094/64854/23032/161725/8314/389856/80124/85015/54764,0.352487857583619
GO:0051098,regulation of binding,54,0.448331446036293,1.41187637014954,0.0419411123967584,0.163276286267823,0.0877666432938866,950,"tags=22%, list=10%, signal=20%",1663/10399/64855/5914/8091/581/10763/117854/84444/6093/55355/3005,0.321775918075361
GO:0051225,spindle assembly,82,0.415237852490081,1.41137836588403,0.011334256083266,0.0683293723876894,0.0367293976971554,1294,"tags=24%, list=13%, signal=21%",29128/9055/10783/9212/93323/332/54930/10403/5347/7756/4751/8243/5518/256364/10274/4926/26065/56992/6491/7175,0.380730400722792
GO:0141188,nucleic acid catabolic process,259,0.352715857572616,1.41105553999091,0.00202924303523254,0.0209281471339349,0.0112496019250042,1573,"tags=21%, list=16%, signal=18%",7431/678/9567/9261/8761/56829/23351/2521/677/11044/328/581/55544/10758/1660/10535/9444/9775/4234/23589/27161/27443/2237/6093/6628/3182/85463/22938/1777/10644/8531/5511/5518/9238/9939/55596/10179/22916/25804/51690/54502/192669/84967/23034/5436/3183/9704/84305/90806/85456/79034/3304/25819/143684/23019,0.431707695803346
GO:0002312,B cell activation involved in immune response,31,0.500176799614871,1.41096039857075,0.0421878488418606,0.163482756760929,0.0878776283152472,1289,"tags=26%, list=13%, signal=22%",3955/6774/64332/5130/4242/121260/7494/6688,0.321775918075361
GO:0007346,regulation of mitotic cell cycle,300,0.354824259689006,1.41079565917282,0.00067115834671222,0.00983433410807489,0.00528629425267866,1990,"tags=32%, list=21%, signal=26%",1978/86/678/1031/7157/10783/9212/1019/9319/8110/641/677/7465/9274/595/1017/332/83903/8877/894/55159/4582/4921/11130/10926/2305/163859/655/63967/10403/7517/5347/7756/9700/4751/10795/6599/5962/79027/6605/891/6598/10950/80279/29117/51203/147841/23513/84967/1981/144455/5721/6240/1263/6491/6603/7175/6602/8899/51499/26271/56475/90806/10263/1030/51343/4288/5591/55755/2177/27085/5720/7040/9735/146956/9787/51053/1163/60/55726/4085/5933/5694/5371/672/580/983/84861/3297/8881/65975/5777/993/1164/340152/9088,0.477270815362862
GO:0001578,microtubule bundle formation,58,-0.494859478518229,-1.41033899189645,0.0369822485207101,0.15006258534365,0.0806638226570815,2114,"tags=29%, list=22%, signal=23%",91978/401024/80217/84217/145788/285331/80128/25981/115948/56171/84071/23255/123872/85452/11261/23116/23639,0.287857117255149
GO:0007080,mitotic metaphase chromosome alignment,42,0.474667722910297,1.41018415138567,0.0320190292222309,0.134314416816913,0.072198638145529,2152,"tags=43%, list=22%, signal=33%",9212/3021/332/81620/3835/91272/10403/891/256364/11004/23212/5119/983/3833/79643/91782/54908/27183,0.321775918075361
GO:0032760,positive regulation of tumor necrosis factor production,50,0.459567993719442,1.41003181322024,0.0358108062223022,0.147005449667427,0.0790205066402291,2645,"tags=50%, list=27%, signal=37%",83786/3133/1535/6774/1660/7855/8772/4940/7057/1652/3315/3965/9181/7040/9590/10392/5336/7305/3569/54093/7291/58515/4939/2048/929,0.321775918075361
GO:0000245,spliceosomal complex assembly,54,0.447729679770979,1.40998129993339,0.0419411123967584,0.163276286267823,0.0877666432938866,2368,"tags=44%, list=24%, signal=34%",23450/6631/7536/9169/6628/10291/6433/51639/83443/10992/10262/9129/8175/7919/84844/10772/84811/10658/6632/10713/11325/6936/22889/6426,0.321775918075361
GO:0051028,mRNA transport,96,0.406816687426206,1.40980569104291,0.0260638830863589,0.117083182752167,0.0629362546834666,1891,"tags=40%, list=20%, signal=32%",9961/677/6428/1660/9444/9775/79023/57187/23511/10644/23279/9939/8888/22916/79228/9984/29890/79902/7175/7514/348995/9818/26097/23237/55308/7919/84271/10643/8021/4928/9887/100101267/11097/10212/23165/11269/3297/9883,0.352487857583619
GO:1903036,positive regulation of response to wounding,31,0.499636521689686,1.40943631597187,0.0435863270682825,0.166305877240644,0.0893951530812893,1394,"tags=42%, list=14%, signal=36%",2149/6239/301/27346/10979/4192/196527/4921/2896/7057/5328/7494/71,0.321775918075361
GO:0006417,regulation of translation,238,0.358003577888424,1.40874453154583,0.00195780163905853,0.0204967147878527,0.0110176921376764,1680,"tags=24%, list=17%, signal=20%",1978/678/5935/85451/6472/10399/80336/8994/677/8662/3488/5914/124540/8892/1611/1660/9444/9775/811/5315/27161/54859/6134/6470/7866/116496/10644/8531/7057/2064/9939/23191/115416/22916/192669/26065/56931/23513/7298/1981/3692/4691/23034/7175/5436/2597/84305/3315/3609/6195/84271/23019/5591/10643/8637/57409,0.431707695803346
GO:0072009,nephron epithelium development,36,0.486218316556803,1.40848466555464,0.0424350517654747,0.163988936309802,0.08814971730578,1000,"tags=31%, list=10%, signal=28%",7422/9955/182/4609/6662/6608/255743/358/388585/4643/2246,0.321775918075361
GO:0009201,ribonucleoside triphosphate biosynthetic process,76,-0.473440826309141,-1.40681715625973,0.034435261707989,0.143028350794994,0.0768826786306623,2110,"tags=39%, list=22%, signal=31%",4729/4722/4723/29922/134145/5071/521/93974/513/6391/509/84833/5604/4715/498/10632/55967/4711/226/4725/4698/347736/374291/527/4706/65018/4714/516/4719/9556,0.287857117255149
GO:1904951,positive regulation of establishment of protein localization,159,-0.43256524643008,-1.40673296949046,0.00868067078492225,0.0585770862531876,0.0314872070641399,982,"tags=18%, list=10%, signal=17%",51201/781/2932/23255/10497/226/65985/25924/55691/11069/10059/4302/79752/3843/5295/8655/5532/6653/25956/50855/1946/11261/9847/322/6833/23400/5567/9495/5058,0.380730400722792
GO:0060996,dendritic spine development,59,-0.493110938463284,-1.40560830792751,0.0450581395348837,0.168593260842357,0.0906247007715066,1822,"tags=36%, list=19%, signal=29%",4088/23613/8499/547/5063/7804/2043/6453/26037/22924/5728/80823/998/84062/50944/25791/9912/816/9743/9148/27067,0.257206466468838
GO:0050890,cognition,109,-0.449062278110397,-1.40427897495551,0.0372231975524074,0.150750377803416,0.0810335348599756,1409,"tags=30%, list=15%, signal=26%",2821/6326/84687/5594/10636/5728/80823/10347/84062/5923/50944/2925/729956/814/23542/5532/6505/26047/793/1141/152789/8867/9378/6529/10769/55450/84446/7991/4130/6310/6833/65009/23236,0.321775918075361
GO:1901888,regulation of cell junction assembly,154,-0.438367909329452,-1.40410452974058,0.010248640760007,0.0639782011941267,0.0343904928948399,1281,"tags=23%, list=13%, signal=20%",84687/7070/5728/80823/9844/5747/8065/22998/50863/26999/51517/4045/9901/57463/2185/26047/347731/1141/6714/64218/9693/1946/22865/9378/2039/25945/26050/9746/57524/7087/80059/57142/9743/27067/23077,0.380730400722792
GO:0044409,symbiont entry into host,70,0.422401913415786,1.40348412848689,0.0289911998350335,0.125094952253417,0.0672428575101357,2507,"tags=47%, list=26%, signal=35%",3690/7706/3956/950/1605/4684/6510/79581/85363/682/975/949/8829/23601/3304/3576/6404/3609/4627/3965/290/90861/983/5034/920/558/1803/10572/55223/5359/51193/6993/3949,0.352487857583619
GO:0046883,regulation of hormone secretion,104,-0.457420276595747,-1.40347911334884,0.0235023177788939,0.109861338447295,0.0590542639331995,1208,"tags=26%, list=12%, signal=23%",222183/9066/4760/2781/79751/2029/9024/781/1408/226/65985/25924/11069/8655/5532/6804/7260/9572/2775/80223/1946/6447/3767/2044/6833/133308/5567,0.352487857583619
GO:0000725,recombinational repair,116,0.384126689428501,1.40327431964164,0.0160851981172844,0.0850551093143552,0.0457200589880556,1301,"tags=19%, list=13%, signal=17%",86/29128/2521/641/84515/55159/7517/5347/6421/4171/5980/2237/84296/55257/4172/80314/65980/9401/4174/375757/23503/7156,0.352487857583619
GO:2001233,regulation of apoptotic signaling pathway,159,0.377069561202887,1.40279926207086,0.00564565048226388,0.0430825407507298,0.0231583536880627,1073,"tags=19%, list=11%, signal=18%",6667/4313/51330/10399/7157/2771/4609/8837/754/10018/26471/54209/581/5831/4582/6774/960/367/55829/6421/5598/4841/3958/8772/5970/8531/467/7057/3162/7009/138151,0.407017918923954
GO:0048709,oligodendrocyte differentiation,45,0.474377194452932,1.40226551608604,0.0201140193928083,0.0997428458726802,0.0536152246901624,972,"tags=29%, list=10%, signal=26%",1031/55553/6662/4192/116448/8892/1605/9444/928/388585/11221/26022/10215,0.352487857583619
GO:0000280,nuclear division,214,0.362349217112327,1.40135006677574,0.00367131159922528,0.0312817997148652,0.0168150477936637,2201,"tags=38%, list=23%, signal=30%",29128/9055/9212/9319/54892/11044/29893/3021/332/83903/23397/11130/81620/655/4439/3835/90417/91272/10403/7517/5347/7756/23141/9700/80346/4751/8243/891/256364/10274/4926/51203/10051/9031/9985/26065/375757/147841/56992/7175/8899/11004/9918/26271/55063/2491/27338/23212/3304/4288/23353/55755/10615/2177/54820/25879/7040/9735/5119/146956/9787/4085/983/84861/3833/10635/79643/8881/91782/10609/9088/54908/79080/5501/10201/29127/29988/27183/10600/57082/1111,0.431707695803346
GO:0006397,mRNA processing,341,0.343780603258716,1.40107833134476,0.000856738411382045,0.0114761890850713,0.00616884801109751,1579,"tags=25%, list=16%, signal=22%",94104/55119/5935/79665/5725/677/11044/3185/6428/26835/23450/3006/55544/6626/1660/163859/7307/3007/9444/338657/9775/79706/55131/27316/4857/6434/6631/9343/6421/3187/7536/29115/4841/3958/9169/6628/57187/22938/140890/5511/25980/891/9238/9939/55596/81576/10898/10179/22916/25804/6427/51690/79228/54502/9984/11100/4670/10291/23076/6433/56931/51639/83443/84967/29890/57018/10992/64783/22913/10236/4691/8899/54883/3183/6651/90806/10262/9129/8175/7919/3609/79869/51585/84844/728642/22985,0.477270815362862
GO:0045445,myoblast differentiation,54,0.444426543101891,1.3995791283889,0.0476721268123235,0.174876537564589,0.0940021790287738,1305,"tags=30%, list=13%, signal=26%",86/6909/182/3486/8110/677/91653/6662/6599/6605/6598/2034/29117/463/6603/6602,0.321775918075361
GO:1903432,regulation of TORC1 signaling,68,-0.474584043746585,-1.39944100999185,0.0469416785206259,0.17270608836708,0.0928354876196319,2024,"tags=26%, list=21%, signal=21%",23274/143686/154743/9681/55593/81929/151556/1609/729438/64798/27244/8649/5595/6714/10325/51701/7534/5567,0.248911114434702
GO:0030323,respiratory tube development,35,0.484241600624397,1.39914798242059,0.0480615336977022,0.175464572422997,0.0943182680753951,999,"tags=29%, list=10%, signal=26%",7422/10630/6909/5125/3488/5154/84695/27031/2034/429,0.321775918075361
GO:0070482,response to oxygen levels,175,0.367589648653031,1.39538749055623,0.00382786180575811,0.0323718974354694,0.0174010129695424,1130,"tags=21%, list=12%, signal=19%",4323/7422/4313/7157/10397/5352/8614/4609/8837/8994/677/3654/57085/4000/595/26608/54209/1535/56901/4017/6774/4921/7184/655/358/6781/4841/3709/7057/891/6839/2034/7412/7009/2353/8751/665,0.431707695803346
GO:0006661,phosphatidylinositol biosynthetic process,88,-0.462416449007023,-1.39446372436197,0.046831955922865,0.172603365934053,0.0927802707639335,1838,"tags=28%, list=19%, signal=23%",66036/5291/160851/8821/79837/8776/54965/5728/3706/9651/7405/22979/3631/59338/54545/285172/8396/5295/8395/27124/8867/9600/22876/23167/83394,0.245041785430996
GO:0099072,regulation of postsynaptic membrane neurotransmitter receptor levels,83,-0.465881878897279,-1.39445973230701,0.0418994413407821,0.163276286267823,0.0877666432938866,2404,"tags=53%, list=25%, signal=40%",59284/146395/8473/55737/10243/57679/57554/51760/1173/5584/160622/55061/112936/3084/9211/55182/5071/1741/28964/2060/8650/4884/3208/160/2894/23732/59283/5604/81831/116988/51201/4983/6750/9912/126129/10439/64854/2066/23136/8766/27065/56850/23154/5534,0.261663521711573
GO:0016579,protein deubiquitination,61,-0.477922764785099,-1.39232511201418,0.0479041916167665,0.175397127968023,0.094282014351372,1945,"tags=30%, list=20%, signal=24%",57646/220213/55593/5071/55432/79184/1540/9097/80013/7345/64854/23032/161725/8314/389856/80124/85015/54764,0.252961123069611
GO:0010608,post-transcriptional regulation of gene expression,348,0.344232204429319,1.39128715725317,0.000553078890871639,0.00864601721624477,0.00464753287985886,1880,"tags=26%, list=19%, signal=22%",1978/7431/678/5935/85451/6472/10399/80336/9261/23351/8994/2521/677/8662/11044/3488/5914/328/124540/6774/8892/1611/55544/10758/1660/9444/9775/811/4234/5315/23589/27161/8451/6093/54859/85463/6134/22938/6470/7866/116496/10644/8531/7057/9238/2064/9939/23191/115416/22916/25804/51690/54502/192669/26065/56931/23513/7298/1981/3692/4691/23034/7175/5436/2597/3183/84305/90806/85456/3315/25819/3609/143684/6195/84271/23019/5591/10643/8637/57409/7040/25853/5371/29066/1967/4690/10658/92345/10492/23654,0.477270815362862
GO:0010508,positive regulation of autophagy,97,-0.454493859766732,-1.39095538284835,0.0424118228151863,0.163988936309802,0.08814971730578,1976,"tags=30%, list=20%, signal=24%",143686/11043/1457/9681/5291/11152/5071/93974/79837/64798/57535/258010/7405/5604/27244/60592/2932/1612/7416/8396/55054/22930/10133/23032/219771/65018/373/10769/326624,0.321775918075361
GO:0000018,regulation of DNA recombination,70,0.418443717554926,1.39033251886648,0.0338278316373827,0.140921470394625,0.0757501576455957,1901,"tags=29%, list=20%, signal=23%",86/3838/2521/641/3006/3008/3007/5347/55257/3005/121260/80314/3009/55063/8089/7040/60/6502/10635/55010,0.321775918075361
GO:0003012,muscle system process,208,-0.417309265296987,-1.39030280712429,0.0127644243134842,0.0738900831315544,0.0397184717842322,921,"tags=16%, list=9%, signal=15%",6330/226/84193/388591/6327/844/23125/488/30819/4629/1141/785/2775/2281/816/56704/782/322/801/22876/5144/7341/6324/805/6833/2257/5530/29767/490/27086/784/5058/6334,0.380730400722792
GO:0048568,embryonic organ development,112,0.383196502477229,1.39022432855121,0.017303988753853,0.0894162450052136,0.0480643200518329,1279,"tags=24%, list=13%, signal=21%",7422/2201/6909/5125/23493/6662/6608/5090/5154/10763/655/9775/2202/7545/221908/6134/25902/7855/27031/2019/10959/1889/4522/144455/5426/6678/6491,0.352487857583619
GO:0001816,cytokine production,353,0.345389461932424,1.38903339214572,0.000585273216570444,0.00885251961981101,0.0047585350541942,1852,"tags=28%, list=19%, signal=23%",2149/11119/4828/3838/23139/5125/84614/9261/56829/11118/54739/10972/83786/4057/9454/3133/3654/301/3625/5914/28951/23598/84818/57045/54209/8877/9235/1535/4192/81844/6774/80381/10758/3148/1660/117854/10385/9444/3106/2150/718/55829/55959/3592/3105/647087/3113/7855/8772/7353/5970/10644/4940/7057/54476/22900/682/3551/3162/834/706/975/215/54502/1652/23513/7494/2335/2597/201292/23601/3315/3304/113/3576/10010/340061/56957/79792/6591/3965/10643/9181/7040/10773/9516/4089/3428/3665/10384/9590/5371/672/63906/2146/567/2302/84861,0.477270815362862
GO:0140694,membraneless organelle assembly,249,0.354057098110125,1.38651926774519,0.00231815910752168,0.0229961761474505,0.0123612389477431,1733,"tags=26%, list=18%, signal=22%",29128/6223/9055/10783/9212/93323/8837/285590/8994/57674/2521/6624/3021/1017/332/28988/2197/367/54930/6209/10403/5347/7756/27161/116840/221908/53349/4751/8243/22995/5518/55355/9948/7430/64946/256364/10274/4926/115416/25804/29960/55839/26065/56992/6491/3692/7175/6194/9898/2491/23212/401541/3304/9855/4678/23019/5591/55755/10615/25879/9735/5119/4089/9787,0.431707695803346
GO:0060627,regulation of vesicle-mediated transport,317,-0.403571222831494,-1.38483489130512,0.00565644592436001,0.0430870068606485,0.0231607543763997,1641,"tags=25%, list=17%, signal=21%",1609/23256/57030/6453/408/8650/140730/22999/26060/3208/160/9463/9863/10825/376267/57102/5594/808/23086/9066/26059/6812/9545/10347/5604/998/84062/6248/51201/84937/4983/8927/9783/404636/9912/11069/9498/64854/22930/10079/7275/22895/5532/5595/6804/7260/55529/785/8448/6653/25956/5864/6714/112476/29978/8766/84961/93664/9847/200933/54550/192683/56850/79772/22876/112755/9699/65009/57118/23154/23400/5530/6861/326624/9899/5534/5413/9495,0.407017918923954
GO:0006401,RNA catabolic process,243,0.353822577638212,1.38390355081384,0.00314591464618267,0.0282045628804325,0.0151609267099967,1573,"tags=21%, list=16%, signal=18%",7431/678/9567/9261/8761/56829/23351/2521/677/11044/328/55544/10758/1660/10535/9444/9775/4234/23589/27161/2237/6093/6628/3182/85463/22938/10644/8531/5511/5518/9238/9939/55596/10179/22916/25804/51690/54502/192669/84967/23034/5436/3183/9704/84305/90806/85456/79034/3304/25819/143684/23019,0.431707695803346
GO:0010970,transport along microtubule,134,-0.437671411832887,-1.38386868866097,0.0229847796930892,0.109106603267533,0.0586485677061621,2002,"tags=34%, list=21%, signal=27%",5048/26258/26160/89941/167691/119032/51626/118426/25893/547/5195/57728/4744/3800/10128/1780/408/80128/4747/57576/3798/10947/11158/55605/55614/5813/5604/998/84062/117178/55054/4133/7275/8655/26128/55638/90990/57700/1176/55207/6990/4130/11127/22920/27067,0.352487857583619
GO:0072359,circulatory system development,466,0.334145624089956,1.38298949627514,0.000424696724312756,0.00704281828094703,0.00378575807900007,1788,"tags=30%, list=18%, signal=25%",4323/7422/10630/133/9037/6667/4313/51330/55553/6909/8038/5125/182/3690/9289/10611/2771/4015/196/23493/8324/7837/8837/285590/4327/57674/23554/8828/301/4814/22846/6662/8877/8091/6608/7132/4192/4017/6774/5154/10758/302/284361/1605/3037/2896/655/9444/4773/4854/358/221496/811/91010/22905/5315/2969/718/8862/2047/27161/10252/7453/6091/3592/6093/790/10413/1009/5970/2050/7057/27031/891/2064/56999/3339/2034/682/429/2246/3162/7412/83700/10451/4087/10959/57556/8642/8751/5469/4804/1889/8572/4522/144455/10516/25776/7494/6678/6491/9260/4691/284086/1848/71/2335/85377/8829/3315/9686/10267/11082/3696/3576/10253/7045/285/4627/7423/1942/7052/6591/51421/4059/290/1500/4887/6299/7040/286204/4089/6303/441478/11252/694/5371/672,0.49849310876659
GO:0097061,dendritic spine organization,58,-0.484914673395094,-1.38199650874555,0.0443786982248521,0.167890265079478,0.0902468162680793,2200,"tags=45%, list=23%, signal=35%",1020/8898/10458/5048/4088/23613/8499/547/5063/7804/2043/26037/9463/22924/5728/80823/998/84062/91752/50944/25791/9912/9456/816/9743/27067,0.261663521711573
GO:0006997,nucleus organization,84,0.398393661772159,1.37966760346767,0.0249167283230996,0.114044027682734,0.0613026038637988,2004,"tags=32%, list=21%, signal=26%",1663/6223/10783/23306/4000/23133/221496/4001/5347/23141/80346/6839/1674/4926/80314/7175/25777/23353/4928/5119/5371/983/23165/79643/91782/57122/26092,0.352487857583619
GO:0006936,muscle contraction,158,-0.427051993403327,-1.37913138733002,0.0136595917328714,0.0769605835950829,0.0413689718358697,1705,"tags=27%, list=18%, signal=23%",3781/342667/54795/84502/9826/148/8106/6323/5910/1131/6326/477/808/55799/3760/5604/781/6330/226/84193/388591/6327/844/488/30819/4629/1141/785/2775/2281/56704/782/322/801/5144/7341/6324/805/2257/29767/490/784/6334,0.380730400722792
GO:0071216,cellular response to biotic stimulus,107,0.39361576322819,1.37912806720791,0.0151801555096387,0.081813864943391,0.0439777781888212,1289,"tags=25%, list=13%, signal=22%",7431/7157/196/4057/3654/5914/54209/7132/79155/2635/3148/55829/64332/10221/7855/22904/5970/8243/23729/19/85363/22900/834/706/949/7494/6688,0.380730400722792
GO:0050852,T cell receptor signaling pathway,71,0.4186533618488,1.3783988624518,0.0309583515838873,0.130951142709235,0.0703907621480068,1095,"tags=24%, list=11%, signal=21%",11119/11118/25800/29085/8892/80381/10385/64332/10616/9976/3958/11314/3105/7430/3551/84106/975,0.352487857583619
GO:0050900,leukocyte migration,146,0.367069100779141,1.37817794078447,0.0104545976000784,0.0648800027534276,0.0348752423804278,1028,"tags=22%, list=11%, signal=20%",4323/7422/4313/6223/3690/5479/7130/301/4814/84818/54209/58191/4192/196527/54210/811/2150/928/718/79890/3592/6093/3958/11314/8772/7057/9948/30817/682/3162/7412/83700,0.380730400722792
GO:0030705,cytoskeleton-dependent intracellular transport,148,-0.430835238073014,-1.37774409795841,0.0192602684429193,0.0967599200346658,0.0520117990244923,2002,"tags=32%, list=21%, signal=26%",5048/26258/26160/89941/167691/119032/51626/118426/25893/8499/547/5195/57728/4744/3800/10128/1780/408/80128/4747/57576/3798/10947/11158/55605/55614/5813/5604/998/84062/4135/117178/55054/4133/7275/8655/26128/55638/90990/57700/1176/55207/6990/55088/4130/11127/22920/27067,0.352487857583619
GO:0001817,regulation of cytokine production,351,0.338947155327619,1.37749387157617,0.000594603569770043,0.00890236420523287,0.0047853282404483,1852,"tags=28%, list=19%, signal=23%",2149/11119/4828/3838/23139/84614/9261/56829/11118/54739/10972/83786/4057/9454/3133/3654/301/3625/5914/28951/23598/84818/57045/54209/8877/9235/1535/4192/81844/6774/80381/10758/3148/1660/117854/10385/9444/3106/2150/718/55829/55959/3592/3105/647087/3113/7855/8772/7353/5970/10644/4940/7057/54476/22900/682/3551/3162/834/706/975/215/54502/1652/23513/7494/2335/2597/201292/23601/3315/3304/113/3576/10010/340061/56957/79792/6591/3965/10643/9181/7040/10773/9516/4089/3428/3665/10384/9590/5371/672/63906/2146/567/2302/84861,0.477270815362862
GO:0008015,blood circulation,185,-0.418086599953744,-1.37595975099271,0.0173111545424786,0.0894162450052136,0.0480643200518329,1958,"tags=30%, list=20%, signal=24%",3751/7424/776/287/6915/5139/5592/4088/3781/54795/9270/84502/23576/148/5467/6323/5910/55328/6326/477/6508/808/3760/5604/781/6330/388591/6327/3680/10059/10159/488/30819/6505/153/2983/6714/2281/56704/491/801/659/7220/5144/5138/4142/9353/7341/6324/805/6833/2257/490/57731/6334,0.352487857583619
GO:0050670,regulation of lymphocyte proliferation,76,0.421574405469482,1.3757526054074,0.0202640609406053,0.100368940339618,0.053951772090915,1187,"tags=25%, list=12%, signal=22%",196/3133/301/57045/80381/10385/4773/54440/3592/3958/11314/3105/3113/8772/7412/10451/975/3485/23513,0.352487857583619
GO:1902806,regulation of cell cycle G1/S phase transition,117,0.384484954959608,1.37396573142003,0.0269192709223562,0.119578235044572,0.0642774314676318,2154,"tags=43%, list=22%, signal=34%",86/1031/6909/7157/8110/7465/9274/595/1017/894/55159/4582/4921/163859/81610/6599/5962/79027/6605/6598/29117/84967/1981/144455/5721/6240/1263/6491/6603/7114/6602/51499/10263/1030/5591/27085/5720/60/5933/5694/2146/54623/5777/340152/6657/56892/6604/6241/8289/3275,0.352487857583619
GO:0030307,positive regulation of cell growth,97,0.388282055131302,1.36869283221278,0.0361528186143151,0.147691088627696,0.0793890612627636,438,"tags=12%, list=5%, signal=12%",4323/7422/7431/9037/9423/3021/8877/1535/27185/84879/55602/58191,0.321775918075361
GO:0070663,regulation of leukocyte proliferation,85,0.397695603766507,1.36634077528046,0.023302275752293,0.109861338447295,0.0590542639331995,1187,"tags=24%, list=12%, signal=21%",4828/196/3133/301/57045/80381/10385/4773/54440/3592/3958/11314/3105/3113/8772/7412/10451/975/3485/23513,0.352487857583619
GO:0007033,vacuole organization,156,-0.418166581839203,-1.36633443435301,0.0210623661258202,0.102506187190263,0.0551006160918367,1618,"tags=22%, list=17%, signal=18%",23256/157807/79837/57535/11345/51172/65082/1386/9066/57132/9706/134829/91056/84286/23341/8396/537/55054/55102/84557/22930/527/10159/488/5532/23032/29978/55207/65018/535/23710/51382/23400/29979,0.352487857583619
GO:1901293,nucleoside phosphate biosynthetic process,201,-0.411663082910176,-1.3645882470086,0.0110025694257147,0.0676629938845898,0.0363711962355891,2110,"tags=32%, list=22%, signal=25%",4729/55229/4722/4723/159/29922/23057/102157402/27010/134145/9061/5071/79993/521/31/93974/513/5636/6391/115/509/26289/5164/5634/221264/2762/9497/84833/108/5604/4715/139596/498/10632/55967/54981/4711/226/133686/6785/9060/4725/11332/4698/347736/2977/374291/8564/527/4706/5095/2983/80146/23305/55312/65018/132789/53354/4714/516/4719/55907/9556/107,0.380730400722792
GO:0043122,regulation of canonical NF-kappaB signal transduction,183,0.349123255703783,1.36176651571605,0.0173973742516425,0.0896421481586463,0.0481857507993069,1535,"tags=24%, list=16%, signal=21%",7422/2149/347734/10783/56829/8837/9618/84166/4057/7706/3956/3654/389/54209/55504/7132/79155/6774/10758/8795/2150/3987/10616/8772/5970/85363/80833/22900/3551/3162/84875/834/10135/80216/6688/7114/2597/3315/84336/3304/57153/10010/56957/54469,0.352487857583619
GO:0009612,response to mechanical stimulus,97,0.386017947698536,1.3607118617465,0.0387122455978361,0.154702345097413,0.0831578537781094,1159,"tags=26%, list=12%, signal=23%",7846/4323/4313/3690/9780/6662/1535/7132/4192/5723/4921/1265/1605/8795/358/8772/835/7057/891/117531/9020/23621/834/2353/3485,0.321775918075361
GO:0000724,double-strand break repair via homologous recombination,114,0.386296839905041,1.36007168703623,0.0145354685305931,0.0793527518746478,0.0426548449096064,1301,"tags=19%, list=13%, signal=17%",86/29128/2521/641/84515/55159/7517/5347/6421/4171/5980/2237/84296/55257/4172/80314/65980/9401/4174/375757/23503/7156,0.380730400722792
GO:0009117,nucleotide metabolic process,278,-0.398215700268839,-1.35922521756213,0.0086893971550937,0.0585770862531876,0.0314872070641399,1668,"tags=28%, list=17%, signal=24%",28964/521/93974/513/55190/8930/5636/6391/3607/115/509/26289/168537/2821/5634/51292/221264/477/3312/55270/402/9497/84833/108/79661/6817/5604/10846/4715/139596/498/10632/79751/55967/54981/5515/5143/4711/226/133686/230/56953/10059/8604/84618/9060/4725/7345/4698/5141/347736/3094/2977/374291/8505/8564/527/23530/4706/4354/130752/2983/6714/5213/55312/65018/3945/863/4714/516/260425/27115/4719/9556/5144/5138/2806/10900/107,0.380730400722792
GO:0050684,regulation of mRNA processing,99,0.38687055337852,1.35857627532193,0.0314336818724173,0.132253377369492,0.0710907582559799,1673,"tags=31%, list=17%, signal=26%",5725/677/6428/3006/1660/3007/9444/27316/4857/6434/9343/29115/6628/22938/25980/891/9939/10179/22916/6427/54502/6433/29890/57018/64783/6651/51585/728642/22985/10772/4928,0.321775918075361
GO:0048729,tissue morphogenesis,177,0.360778222969824,1.35800511521146,0.00868016583300147,0.0585770862531876,0.0314872070641399,1951,"tags=36%, list=20%, signal=29%",7422/10630/4313/6909/9955/3690/23493/4609/6239/8828/3371/89958/389/6662/8091/6608/10979/4192/5154/977/255743/5898/1605/960/655/780/388585/6781/6091/10413/25902/27031/9948/682/2246/4087/8642/5469/23513/4522/1289/6491/71/8829/3675/6591/54903/2297/1500/6299/7040/286204/4089/60/441478/2247/5727/57216/23654/79971/25865/6664/10395,0.380730400722792
GO:0006753,nucleoside phosphate metabolic process,370,-0.38974468692492,-1.35793093604166,0.00691685164806438,0.0495570695328212,0.0266386365331889,1668,"tags=27%, list=17%, signal=23%",28964/79993/521/31/93974/513/3295/55190/55711/8930/5636/6391/3607/115/509/26289/5164/168537/2821/5634/3157/51292/221264/477/2762/3312/55270/402/10005/9497/84833/8803/108/79661/6817/2135/5604/10846/4715/139596/498/10632/79751/55967/54981/5515/5143/4711/226/133686/26027/84649/2592/230/56953/6785/10059/8604/84618/9060/4725/7345/11332/4698/5141/347736/3094/2977/374291/8505/8564/527/23530/4706/4354/130752/5095/2983/80146/23305/6714/5213/55312/65018/132789/53354/3945/863/4714/516/260425/27115/4719/55907/9556/5144/5138/2806/10900/107,0.407017918923954
GO:0045087,innate immune response,478,0.330339157433739,1.35728740187219,0.000133896180314727,0.00317439258948399,0.00170634565768478,1975,"tags=28%, list=20%, signal=24%",8348/8970/6472/4828/8342/7157/6223/9261/8344/56829/9212/11018/4261/9618/8343/84166/4057/720/3133/5648/7706/8347/3654/51296/301/6170/4814/8341/54209/348/1535/9246/79155/653361/2635/58191/81844/2197/3430/3148/8339/1660/117854/54210/7184/3017/8349/2896/3106/113277/2150/10695/714/8346/718/64332/10410/6421/3592/4841/3958/11314/3105/647087/81622/3113/3107/8772/7353/5970/1398/4940/29927/85363/22900/3551/121260/834/8751/54502/10581/5721/8345/80216/6688/837/57590/1435/25942/84885/2597/201292/23601/3304/113/10010/340061/5094/79792/51667/5591/3965/55210/1452/10454/9181/5720/151636/7040/89790/7942/6773/3428/3665/5322/5694/5371/55577/63906/55646/567/10212/6502/4690/29800/9051/51279/10492/60489/51304/79132/10318/100507436/5777/3140/3018,0.518848077743792
GO:0010564,regulation of cell cycle process,441,0.324064582389615,1.35663800096336,0.0011378004657121,0.0141221116626619,0.00759112278448202,1990,"tags=30%, list=21%, signal=25%",86/678/1031/1663/6909/7157/5982/3014/9055/10783/9212/1019/9319/4609/8110/641/677/7465/54892/9274/595/1017/332/83903/6662/8091/894/55159/23397/4582/10460/4921/9555/11130/10926/22809/163859/81620/655/338657/81610/63967/56852/90417/1407/10403/7517/5347/7756/84444/9700/8451/2237/9675/221908/4751/6599/5962/79027/6605/891/79968/6598/256364/4926/80279/29117/51203/10051/9031/147841/84967/57018/23503/1981/144455/5721/6240/1263/6491/6603/7175/7114/6602/8899/11004/51499/5984/26271/10263/3304/1030/51343/4288/84126/728642/23137/5983/5591/55755/10615/80179/2177/27085/5720/151636/7040/9735/5119/146956/9787/51053/60/4085/5933/5694/672/2146/580/54623/983/84861/10635/79643/8881/65975/81669/10733/91782/5777/79915/993/340152/9088,0.45505986738723
GO:0051701,biological process involved in interaction with host,91,0.395410838535766,1.35642132597807,0.0260531983473776,0.117083182752167,0.0629362546834666,2507,"tags=44%, list=26%, signal=33%",3690/4057/79720/7706/3956/3625/950/1605/4684/6510/79581/85363/682/975/949/8829/23601/3304/3576/6404/3609/4627/3965/290/5119/90861/983/79643/91782/5034/920/27183/558/1803/10572/55223/5359/51193/6993/3949,0.352487857583619
GO:0033157,regulation of intracellular protein transport,93,-0.446714585900579,-1.35597266549773,0.0479548660084626,0.175397127968023,0.094282014351372,1007,"tags=17%, list=10%, signal=16%",9024/51201/2932/9912/27248/4302/79752/3843/5295/6653/25956/11261/56850/7341/23400/9495,0.245041785430996
GO:0050779,RNA destabilization,78,0.39338661608699,1.35525903854885,0.0392667241668876,0.156178676705246,0.0839514330085653,2543,"tags=37%, list=26%, signal=28%",678/23351/677/11044/1660/27161/6093/85463/25804/51690/192669/23034/5436/85456/23019/10658/10492/340152/23318/56339/55095/26058/5073/4076/7538/3192/4848/79066/8570,0.321775918075361
GO:0099173,postsynapse organization,148,-0.42276669262646,-1.35194214425142,0.0345268542199488,0.143267772672747,0.0770113761593843,1822,"tags=33%, list=19%, signal=27%",4088/23613/9040/8499/547/5063/7804/64101/28964/4744/2043/9369/6453/26037/89910/4884/4747/9463/22924/2894/84687/5728/80823/9844/998/9890/84062/26999/91752/51201/4983/50944/91851/25791/9912/51517/729956/2185/9456/9378/816/25945/9215/57524/23229/57142/9743/8506/27067,0.276500599254472
GO:0051301,cell division,382,0.333611403320096,1.35087148440112,0.000837459252779761,0.0112909841748581,0.00606929397503684,2020,"tags=32%, list=21%, signal=27%",7846/7422/678/10399/10801/25937/2771/9055/10783/9212/1019/93323/4609/641/83461/7465/54892/595/1017/89958/8812/389/332/113130/8091/894/4192/23397/10460/5154/136647/11130/140710/117583/5898/163859/81620/23194/54930/81610/90417/91272/80709/10403/5347/7756/23141/27443/79023/9700/85440/8451/6093/128239/116840/80346/3978/4751/8243/891/2246/11078/256364/10274/4926/3068/51203/8897/6242/10051/1021/147841/23503/144455/1263/7175/348995/11004/9918/26271/27338/6651/10263/121441/26586/346389/112574/4627/51343/7423/56034/23137/8636/10788/10615/1452/80179/9181/54820/7040/9735/5119/1163/55726/84552/22897/4085/983/84861/2247/3833/79643/5727/8881/257364/2494/91782/993/1164/4735/55051/10713/54908,0.477270815362862
GO:0009165,nucleotide biosynthetic process,143,-0.420928174466004,-1.35054962409347,0.0368421052631579,0.14963780963477,0.0804354910421644,2110,"tags=35%, list=22%, signal=28%",4729/4722/4723/159/29922/23057/102157402/134145/9061/5071/521/93974/513/5636/6391/115/509/26289/5634/221264/9497/84833/108/5604/4715/139596/498/10632/55967/54981/4711/226/133686/9060/4725/4698/347736/2977/374291/8564/527/4706/2983/55312/65018/4714/516/4719/9556/107,0.271288554688953
GO:0032271,regulation of protein polymerization,114,-0.426320826622195,-1.3504528268469,0.0492866407263294,0.17807330810369,0.0957205536072932,1393,"tags=23%, list=14%, signal=20%",22924/55605/119/402/79441/5217/26999/5515/9659/4133/5921/27124/2185/9530/6710/23271/65018/6709/2039/23116/51466/9353/5581/29767/57731/5058,0.231126709673834
GO:0043066,negative regulation of apoptotic process,366,0.32861302088383,1.34965399133413,0.000817498484143173,0.0112007909191045,0.00602081198487045,1130,"tags=18%, list=12%, signal=17%",7422/10630/9037/2149/308/10399/7157/3690/2771/10541/9212/64855/4609/8837/754/4057/301/26471/332/6662/54209/8877/8091/581/894/79155/5831/4192/4582/6774/3065/4921/5757/22809/1605/960/7184/367/2896/655/358/11167/5347/23141/55829/5598/4841/3958/10413/10795/3601/8772/835/5970/8531/7057/2019/2064/3339/429/3162/1410/7009/6418/5469/665,0.477270815362862
GO:0002703,regulation of leukocyte mediated immunity,91,0.393359356446207,1.34938390114054,0.0290786912670459,0.125107983871559,0.0672498624549884,1968,"tags=27%, list=20%, signal=22%",196/9846/3133/54209/3106/2150/3592/11314/3105/7855/3107/8772/1398/30817/121260/975/6688/5880/3965/7040/567/2302/84861/100507436/3140,0.352487857583619
GO:0048771,tissue remodeling,61,0.42572889337909,1.34909868931796,0.0440867154569453,0.167509827754235,0.0900423180657776,981,"tags=20%, list=10%, signal=18%",4323/2149/4313/3690/4192/4921/51430/338773/116985/6093/1200/2034,0.321775918075361
GO:2000147,positive regulation of cell motility,283,0.334928642786857,1.3478042009,0.0039886491297176,0.0331340537941108,0.0178106983365487,1420,"tags=24%, list=15%, signal=21%",4323/7422/10630/9037/2149/6667/57580/4313/9423/10399/284119/3690/7130/2771/6239/8828/301/3488/389/6662/54209/8877/6608/29085/58191/10979/4192/6774/196527/5154/4921/7205/977/284361/3037/2896/655/811/2150/27161/85440/83706/3592/3958/54859/10795/8772/1398/9043/7057/682/2246/3162/83700/5328/57556/949/7494/6678/6688/7114/81/80031/1435/25777/26271/71/2335/8829,0.407017918923954
GO:0001894,tissue homeostasis,101,0.390798130259521,1.3456822259101,0.0261356298939671,0.117083182752167,0.0629362546834666,1028,"tags=18%, list=11%, signal=16%",7846/7422/2149/3690/25937/6662/341640/84879/3915/338773/12/116985/64332/10413/1200/27031/682/83700,0.352487857583619
GO:0060249,anatomical structure homeostasis,101,0.390798130259521,1.3456822259101,0.0261356298939671,0.117083182752167,0.0629362546834666,1028,"tags=18%, list=11%, signal=16%",7846/7422/2149/3690/25937/6662/341640/84879/3915/338773/12/116985/64332/10413/1200/27031/682/83700,0.352487857583619
GO:0060341,regulation of cellular localization,316,-0.389969170699922,-1.34537759551872,0.0114007089874879,0.0686319428348057,0.0368920397630079,1739,"tags=24%, list=18%, signal=20%",288/5071/55432/342667/54795/28964/9270/4744/23256/11235/1780/408/8650/80128/5467/23479/26060/3208/1213/258010/84687/5594/54585/5604/81831/6248/9024/51201/781/2932/23255/226/404636/9912/4133/27248/4302/10439/79752/3843/5295/57628/10580/10079/8655/5532/5595/7260/9572/6653/25956/6714/50855/23136/1946/11261/9378/816/8766/6990/9847/54550/56850/2039/22876/9215/2044/7341/5581/6833/65009/23400/133308/9495/5058/22841,0.380730400722792
GO:2000045,regulation of G1/S transition of mitotic cell cycle,103,0.386934176174247,1.34523618664989,0.0467786574284319,0.172603365934053,0.0927802707639335,1784,"tags=36%, list=18%, signal=30%",86/1031/7157/8110/7465/9274/595/1017/894/55159/4582/4921/163859/6599/5962/79027/6605/6598/29117/84967/1981/144455/5721/6240/1263/6491/6603/6602/51499/10263/1030/5591/27085/5720/60/5933/5694,0.321775918075361
GO:2001252,positive regulation of chromosome organization,65,0.411088949095333,1.34398134822444,0.0496441547745845,0.179058404400638,0.0962500768912961,1349,"tags=23%, list=14%, signal=20%",86/1663/9212/4609/1017/23397/9555/4798/2237/4751/26277/4926/10051/7175/9918,0.321775918075361
GO:0046034,ATP metabolic process,126,-0.423778216608919,-1.34326878763728,0.0353866317169069,0.145689352044241,0.0783130587108671,1722,"tags=31%, list=18%, signal=26%",5071/28964/521/93974/513/6391/3607/509/26289/2821/477/3312/402/84833/5604/4715/498/10632/55967/5515/4711/226/230/10059/4725/7345/4698/374291/8505/527/4706/6714/5213/65018/863/4714/516/4719/9556,0.276500599254472
GO:0051962,positive regulation of nervous system development,125,-0.424228610373368,-1.34201682169743,0.048582995951417,0.175983041128738,0.0945969629122017,556,"tags=14%, list=6%, signal=14%",57463/347731/64218/53335/1946/22865/9378/816/9513/659/26050/9746/9353/80059/9148/27020/27067/5058,0.237793834423688
GO:0072657,protein localization to membrane,260,-0.396333371303657,-1.34167264235285,0.0158259104020479,0.0843249266371742,0.0453275605791783,1761,"tags=27%, list=18%, signal=23%",9211/23062/288/5071/64101/55670/342667/1741/57728/2580/28964/9270/30818/408/257194/8650/4884/26060/9463/1213/9863/5590/79803/8548/84687/7070/54585/10098/1363/6812/22979/5604/81831/84062/6248/54997/51201/285172/91851/9912/537/10439/5295/57628/729956/10580/2066/6804/10133/9530/5064/6653/9693/23136/9378/816/8766/9847/27065/54550/56850/9215/5581/10858/23167/51560/57731/784/9495/22841,0.352487857583619
GO:0016236,macroautophagy,236,-0.394345756993325,-1.340559850443,0.0297596370576517,0.127368832031734,0.0684651464288673,1756,"tags=21%, list=18%, signal=17%",11152/5071/55432/26249/143187/93974/23256/79837/57535/11345/3964/65082/83933/57132/9706/7405/23092/55335/149371/27244/84937/23341/60592/5862/7416/8396/10059/55054/7345/55102/84557/22930/8508/23770/527/488/10133/23032/6714/29978/55207/65018/801/535/9236/23710/51382/23400/29979,0.352487857583619
GO:0000723,telomere maintenance,107,0.381562667693951,1.33689713059176,0.0273303607079214,0.120254767923122,0.0646410912567266,1106,"tags=17%, list=11%, signal=15%",86/7157/9212/4609/641/7011/4000/1017/328/4798/7517/2237/5981/3978/4751/26277/64421/9401,0.352487857583619
GO:0055086,nucleobase-containing small molecule metabolic process,383,-0.382914345127495,-1.33678666831063,0.00663251155207513,0.0483502394227276,0.0259899236661216,1668,"tags=26%, list=17%, signal=23%",28964/79993/521/31/93974/513/3295/55190/55711/8930/5636/6391/3607/115/509/26289/5164/168537/2821/5634/3157/51292/221264/477/2762/3312/55270/402/10005/9497/84833/8803/108/79661/6817/2135/5604/10846/4715/139596/498/10632/79751/55967/54981/5515/5143/4711/226/133686/26027/84649/2592/230/56953/6785/10059/8604/84618/9060/4725/7345/11332/4698/5141/347736/3094/2977/374291/8505/8564/527/23530/4706/4354/130752/5095/2983/80146/23305/6714/5213/55312/65018/132789/53354/3945/863/4714/516/260425/27115/4719/55907/9556/5144/5138/2806/10900/107,0.407017918923954
GO:0006511,ubiquitin-dependent protein catabolic process,418,-0.382081698521234,-1.33565692024547,0.00881507243214093,0.0590469931168805,0.0317397982335608,1832,"tags=22%, list=19%, signal=19%",1457/26091/10116/8533/283212/23291/1762/5071/165918/127544/130507/26249/196394/5716/23072/408/10966/25827/54813/89910/9604/123803/122416/79734/92714/79589/5728/55175/9097/79018/57132/80028/3093/23510/57563/5747/8065/51185/166348/9147/339451/116988/6049/285231/84937/55295/23219/2932/157574/146330/7267/29945/54467/10040/84541/7345/22980/57092/390595/93611/4008/7320/23276/2185/23032/159090/57531/8916/80762/84078/29978/79699/65018/84961/150726/863/161725/200933/8314/54620/6468/4130/7341/26273/8945/51646/5601/54764/29979/54778/64839/23077,0.380730400722792
GO:0043161,proteasome-mediated ubiquitin-dependent protein catabolic process,302,-0.390106752169865,-1.33446211952022,0.0164584637522299,0.0864940436294027,0.0464935358819687,1249,"tags=15%, list=13%, signal=14%",55175/9097/79018/80028/23510/57563/8065/51185/166348/9147/339451/116988/285231/84937/55295/23219/2932/157574/146330/29945/84541/7345/22980/57092/93611/4008/7320/23276/159090/80762/84078/79699/84961/150726/863/200933/54620/6468/4130/7341/26273/8945/51646/5601/64839/23077,0.352487857583619
GO:0007623,circadian rhythm,112,-0.426591048953214,-1.3343093288267,0.043360433604336,0.166195304096547,0.0893357161972342,997,"tags=15%, list=10%, signal=14%",6096/2932/1408/6785/23596/11245/23373/153/1141/9572/1960/114781/8945/3737/107/5601/23077,0.252961123069611
GO:0070371,ERK1 and ERK2 cascade,139,0.357904948786915,1.33305625248619,0.0363547434402085,0.148372357173772,0.0797552666367191,1420,"tags=27%, list=15%, signal=23%",7422/678/2149/1846/3690/2771/4609/8837/677/154043/6662/54209/348/6764/10979/5154/7936/4921/255743/960/81610/2150/11221/2047/10252/467/2064/2246/7430/57556/1652/10135/7494/1847/1848/2335/8829,0.321775918075361
GO:0043069,negative regulation of programmed cell death,385,0.328178921354705,1.33268348931231,0.00112482978195137,0.0140023058402206,0.00752672301692799,1642,"tags=24%, list=17%, signal=20%",7422/10630/9037/2149/308/10399/7157/3690/9289/2771/10541/9212/64855/4609/8837/754/4057/301/26471/332/6662/54209/8877/8091/581/894/79155/5831/4192/4582/6774/3065/4921/5757/22809/1605/960/7184/367/2896/655/358/11167/5347/23141/55829/5598/4841/3958/10413/10795/3601/8772/835/5970/8531/7057/2019/2064/3339/429/3162/1410/7009/6418/5469/665/5329/7494/9021/1263/6491/51499/8829/6651/91039/23601/501/3315/3304/54469/10253/6195/4595/7423/5591/6591/81567/47/1603/55210,0.45505986738723
GO:0006275,regulation of DNA replication,73,0.404998345864046,1.33267902399349,0.047964048738175,0.175397127968023,0.094282014351372,2175,"tags=36%, list=22%, signal=28%",86/7465/157570/1017/10926/1660/81620/4798/4171/8451/54107/4172/4174/144455/9767/26271/11177/51053/122769/983/54108/79915/993/5930/890/7126,0.321775918075361
GO:0045333,cellular respiration,183,-0.406468621813801,-1.33120445210731,0.030902348578492,0.130931637551442,0.0703802774520016,1668,"tags=27%, list=17%, signal=23%",28964/521/93974/513/4513/6391/92259/3607/54902/509/23479/5164/2821/7381/3416/402/8803/4514/4715/498/10632/55967/5515/56181/205327/9016/4711/1346/226/230/4725/7345/4698/90624/374291/23596/23530/4706/130752/9377/3419/80219/6714/7385/5213/65018/1345/863/4714/4719,0.287857117255149
GO:0002009,morphogenesis of an epithelium,144,0.35607717210099,1.33108969703541,0.0207948685048371,0.10168522026699,0.054659318015074,1000,"tags=21%, list=10%, signal=19%",7422/10630/4313/6909/9955/3690/4609/6239/3371/89958/389/6662/6608/10979/4192/5154/977/255743/5898/1605/960/655/780/388585/10413/25902/27031/9948/682/2246,0.352487857583619
GO:0010506,regulation of autophagy,219,-0.400453865035696,-1.33063197101822,0.0204506039598757,0.100819566250789,0.0541939990824078,1917,"tags=24%, list=20%, signal=20%",11043/116442/112936/9711/66036/1457/9681/5291/11152/5071/93974/23256/3953/26191/79837/3607/25827/64798/340485/57535/258010/9706/7405/5604/149371/27244/60592/2932/23255/1612/7416/8396/10059/55054/7345/22930/23770/527/10133/23032/219771/29978/10325/65018/373/10769/535/3708/51382/23400/55847/326624/29979,0.352487857583619
GO:0015980,energy derivation by oxidation of organic compounds,224,-0.397983835784613,-1.33009358690316,0.0240075477485133,0.110965883350193,0.0596479949685547,1668,"tags=27%, list=17%, signal=23%",28964/521/93974/513/3953/4513/6391/92259/3607/54902/5257/509/23479/5164/2821/7381/3416/402/8803/9852/5837/4514/4715/498/10632/55967/5515/56181/205327/9016/2932/4711/1346/226/90673/230/4725/7345/4698/55102/90624/10580/374291/23596/23530/4706/130752/9377/3419/9572/80219/6714/7385/5213/65018/1345/863/4714/4719/23710,0.352487857583619
GO:0061157,mRNA destabilization,77,0.393749115710109,1.32955455206101,0.0417792739260192,0.163097628092323,0.0876706083538527,2543,"tags=38%, list=26%, signal=28%",678/23351/677/11044/1660/27161/6093/85463/25804/51690/192669/23034/5436/85456/23019/10658/10492/340152/23318/56339/55095/26058/5073/4076/7538/3192/4848/79066/8570,0.321775918075361
GO:0019941,modification-dependent protein catabolic process,425,-0.378510586792959,-1.32826638790753,0.00697137637952434,0.0497786942835748,0.0267577674914506,1832,"tags=22%, list=19%, signal=19%",1457/26091/10116/8533/283212/23291/1762/5071/165918/127544/130507/26249/196394/5716/23072/408/10966/25827/54813/89910/9604/123803/122416/79734/92714/79589/5728/55175/9097/79018/57132/80028/3093/23510/57563/5747/8065/51185/166348/9147/339451/116988/6049/285231/84937/55295/23219/2932/157574/146330/7267/29945/54467/10040/84541/7345/22980/57092/390595/93611/4008/7320/23276/2185/23032/159090/57531/8916/80762/84078/51449/29978/79699/65018/84961/150726/863/161725/200933/8314/54620/6468/4130/7341/26273/8945/51646/5601/54764/29979/54778/64839/23077,0.407017918923954
GO:0045927,positive regulation of growth,123,0.364404774446357,1.32649039292183,0.0146745884886407,0.0799055011897597,0.0429519667579732,438,"tags=12%, list=5%, signal=12%",4323/7422/7431/9037/6909/9423/5479/3021/8877/6608/1535/27185/84879/55602/58191,0.380730400722792
GO:0045739,positive regulation of DNA repair,98,0.379216065479648,1.32593287304209,0.0458684591921984,0.170993725963849,0.091915033684345,1432,"tags=21%, list=15%, signal=18%",86/1663/3014/2521/8110/9274/2305/1660/4798/6599/6605/55257/6598/80314/29117/78996/6603/6602/57332/55063/8089,0.321775918075361
GO:0090407,organophosphate biosynthetic process,389,-0.378378359697621,-1.32488732789994,0.0143941217767581,0.0793527518746478,0.0426548449096064,1939,"tags=25%, list=20%, signal=21%",23057/9218/102157402/128486/27010/134145/66036/85465/5291/160851/9061/5071/8821/23262/79993/521/253558/1609/31/93974/513/5636/6391/79837/9791/115/509/5467/8776/26289/5164/5634/3157/54965/221264/2762/5728/9497/3706/9162/9651/84833/108/7405/22979/23175/5604/4715/9054/3631/59338/139596/498/10632/55967/54545/285172/54981/9677/4711/226/133686/8396/6785/9060/4725/11332/4698/5295/347736/2977/374291/8564/8395/527/4706/27124/2170/5095/2983/80146/23305/8867/11261/55312/65018/132789/53354/9600/4714/516/1607/4719/22876/55907/9556/107/23167/83394,0.380730400722792
GO:0097529,myeloid leukocyte migration,84,0.382512899511141,1.32467131383686,0.0353228774168119,0.14556888935444,0.0782483058544191,1095,"tags=27%, list=11%, signal=25%",4323/7422/4313/6223/5479/7130/301/4814/84818/54209/4192/196527/54210/928/79890/3958/11314/7057/9948/30817/682/83700/975,0.321775918075361
GO:0048878,chemical homeostasis,432,-0.378950243219609,-1.32408500103681,0.00688607588989724,0.0494204766247727,0.0265652131273092,1543,"tags=21%, list=16%, signal=18%",9481/3607/257194/23461/115/5467/4884/23479/5910/5164/122416/79734/79803/477/6508/9497/283450/65082/108/123041/26059/64116/4760/57282/5604/57130/65268/1534/54997/9024/84286/781/6553/10497/1408/226/84649/79641/114882/537/5295/84679/9498/527/23530/10159/488/8655/5532/51310/114876/6505/2170/286097/158219/793/785/9572/10367/80762/1946/23335/11261/5573/23312/2744/491/91137/79085/2039/535/3708/7220/2044/10479/9256/57476/6833/57142/83723/51382/23400/107/133308/55847/490/5567/9899/27020/22841,0.407017918923954
GO:0007005,mitochondrion organization,223,-0.394499868021622,-1.32140928059021,0.027182552812106,0.119887217059513,0.0644435199726404,1671,"tags=21%, list=17%, signal=17%",55863/152926/513/5716/54902/137994/4884/5910/729515/246269/10962/1386/79680/56181/2932/388753/1346/255027/29078/219736/10059/4725/5310/90624/137682/10000/374291/79145/2066/64756/10651/345778/65084/10367/54332/9804/55471/65018/400916/91137/137392/4719/5138/54968/23400/8506,0.352487857583619
GO:0060759,regulation of response to cytokine stimulus,93,0.376561525897898,1.3187354503926,0.0292880380586004,0.125861018948364,0.0676546448179663,1531,"tags=28%, list=16%, signal=24%",8970/9261/7837/84166/3654/54209/8877/81844/1660/117854/2150/6091/5598/8772/4940/84888/22900/7430/3551/834/54502/837/1435/3304/10010/340061,0.352487857583619
GO:0043632,modification-dependent macromolecule catabolic process,430,-0.374622936960545,-1.31642991563285,0.0150221934399316,0.0812739183545018,0.0436875382479944,1832,"tags=22%, list=19%, signal=19%",1457/64282/26091/10116/8533/283212/23291/1762/5071/165918/127544/130507/26249/196394/5716/23072/408/10966/25827/54813/89910/9604/123803/122416/79734/92714/79589/5728/55175/9097/79018/57132/80028/3093/23510/57563/5747/8065/51185/166348/9147/339451/116988/6049/285231/84937/55295/23219/2932/157574/146330/7267/29945/54467/10040/84541/7345/22980/57092/390595/93611/4008/7320/23276/2185/23032/159090/57531/8916/80762/84078/51449/29978/79699/65018/84961/150726/863/161725/200933/8314/54620/6468/4130/7341/26273/8945/51646/5601/54764/29979/54778/64839/23077,0.380730400722792
GO:0007249,canonical NF-kappaB signal transduction,189,0.34651537861963,1.31379895413352,0.00959740862088466,0.0615034226274078,0.0330602139384684,1535,"tags=24%, list=16%, signal=20%",7422/2149/347734/10783/56829/8837/9618/84166/4057/7706/3956/3654/389/54209/55504/7132/79155/6774/10758/8795/10549/2150/3987/10616/8772/5970/85363/80833/22900/3551/3162/84875/834/10135/80216/6688/7114/2597/3315/84336/3304/57153/10010/56957/54469,0.380730400722792
GO:0090068,positive regulation of cell cycle process,134,0.357409741591051,1.31268455205712,0.02765806189616,0.121327464866731,0.0652177029139622,1985,"tags=34%, list=20%, signal=28%",1663/6909/9212/1019/54892/595/332/894/23397/4921/9555/10926/81610/56852/10403/7517/5347/9700/2237/221908/5962/891/4926/51203/10051/84967/1981/144455/6240/6491/7175/26271/23137/10615/27085/7040/9787/4085/2146/54623/983/10635/8881/10733/79915/993,0.352487857583619
GO:0009060,aerobic respiration,165,-0.401457903060386,-1.31138960696016,0.0457433290978399,0.170678027226246,0.0917453347089157,2110,"tags=33%, list=22%, signal=27%",4729/4722/4723/9167/5208/54205/7388/27010/134145/28964/521/93974/513/4513/6391/92259/3607/509/23479/5164/2821/7381/3416/402/8803/4514/4715/498/10632/55967/5515/56181/205327/9016/4711/1346/226/230/4725/7345/4698/374291/23530/4706/130752/9377/3419/6714/7385/5213/65018/1345/863/4714/4719,0.237793834423688
GO:0051668,localization within membrane,431,-0.372705338266805,-1.31107612313338,0.00828954835222183,0.056734275405198,0.0304966325842163,1761,"tags=24%, list=18%, signal=21%",9211/23062/288/5071/64101/55670/342667/1741/57728/2580/28964/9270/143187/30818/2060/408/257194/8650/4884/26060/3208/9463/1213/9863/55176/5590/79803/8548/65055/79844/84687/7070/84440/54585/9515/10098/59283/1363/23233/6812/22979/5604/149371/81831/57130/84062/6248/54997/51201/285172/81573/9344/23255/404636/91851/9912/537/10439/4253/5295/57628/729956/10580/22930/261729/1122/2066/10079/6804/7260/283820/10133/9530/163486/5064/10651/345778/6653/9804/9693/23136/11261/9378/816/8766/9847/27065/54550/56850/2039/22876/25945/9215/54536/5581/10858/65009/23167/51560/57731/784/9495/5058/22841,0.380730400722792
GO:0072659,protein localization to plasma membrane,173,-0.397588693109264,-1.30976033023981,0.0495552731893266,0.178890721008518,0.0961599412763892,1754,"tags=24%, list=18%, signal=20%",23062/288/342667/2580/9270/30818/8650/26060/1213/5590/8548/84687/10098/6812/22979/6248/54997/51201/285172/9912/537/5295/57628/10580/10133/9530/5064/6653/9693/23136/9378/816/8766/9847/27065/56850/5581/23167/57731/784/9495/22841,0.227987202850442
GO:0071345,cellular response to cytokine stimulus,329,0.327547472297245,1.30802365308536,0.00327538250869426,0.029031640724762,0.0156055096178935,1535,"tags=26%, list=16%, signal=22%",8970/678/4313/4502/7157/9261/7837/4261/84817/84166/677/3654/3625/84818/1809/6738/6662/54209/55504/8877/1535/7132/79155/2635/54756/81844/6774/10758/117854/255743/960/3037/2150/27316/3987/64332/10410/6091/3592/10413/3113/22904/10795/3601/8772/5970/23729/4940/8531/7057/19/2117/84888/22900/7430/3551/7412/834/2353/54502/10581/7327/64783/5721/11173/7494/9021/6688/837/7175/7114/81/1435/25942/2597/1687/201292/55022/3304/3576/6404/10010/340061/54469,0.431707695803346
GO:0033002,muscle cell proliferation,84,0.377408747413387,1.30699524624804,0.0427893517664038,0.16445452136086,0.088399985351638,1085,"tags=29%, list=11%, signal=26%",4313/6909/3690/2771/3486/8837/3654/3488/348/1535/6774/3065/4921/4854/388585/8862/2047/10221/3592/10413/7057/891/3162/2353,0.321775918075361
GO:0001819,positive regulation of cytokine production,206,0.341919040936246,1.30573350026785,0.0113001915585268,0.06826433799902,0.0366944394670128,1187,"tags=22%, list=12%, signal=20%",2149/11119/4828/3838/56829/11118/10972/83786/3133/3654/301/5914/84818/54209/8877/9235/1535/4192/81844/6774/80381/10758/3148/1660/117854/2150/718/55959/3592/3105/647087/3113/7855/8772/5970/4940/7057/22900/682/3162/834/975/54502/1652/23513,0.380730400722792
GO:0050866,negative regulation of cell activation,85,0.378850339505622,1.30159514385603,0.0407869016906038,0.160710294243089,0.0863873339533958,881,"tags=21%, list=9%, signal=19%",114897/3133/3956/301/81542/57045/54209/348/4192/5154/10385/2896/928/865/84695/3958/11314/55824,0.321775918075361
GO:0010975,regulation of neuron projection development,239,-0.382486515303395,-1.29951752238731,0.0409145607701564,0.160762985521471,0.0864156573354387,1794,"tags=29%, list=19%, signal=24%",10371/8499/547/5063/11075/7804/349667/2580/23242/2043/3897/23072/26037/8482/80128/160/9863/22924/23413/55605/7070/5728/80823/577/9706/23251/26230/10300/1496/84062/4135/4858/10154/6049/6376/9024/56920/91752/2932/25791/9912/51517/4133/57463/2185/5800/1141/23271/9693/53335/1946/816/322/8036/84446/659/22876/112755/9353/6324/57142/65009/57118/9743/7533/27020/27067/5058/23077,0.245041785430996
GO:0010817,regulation of hormone levels,198,-0.392109253627778,-1.29819583834488,0.045,0.168593260842357,0.0906247007715066,1411,"tags=23%, list=15%, signal=20%",64577/9463/56603/112724/3416/83875/222183/9066/117247/4760/6817/23428/2781/79751/2029/9024/781/9718/1408/226/84649/65985/25924/11069/9060/10159/8655/5532/6804/7260/9572/2775/5864/80223/1946/6447/6770/3767/2044/9699/10858/6833/133308/5567/22841,0.237793834423688
GO:0009887,animal organ morphogenesis,272,0.32407252686104,1.29353797061864,0.0110584768122234,0.0676629938845898,0.0363711962355891,1279,"tags=22%, list=13%, signal=20%",7846/7422/3955/2201/4313/55553/6909/9955/182/23493/4609/4057/23554/84957/8828/649/89958/3636/6662/6608/5090/84879/6774/3065/5154/255743/3037/655/1495/358/9775/221496/84465/2202/338773/388585/10252/6781/7545/6091/221908/51496/25902/7855/2050/7570/27031/682/2246/4087/7090/57556/8642/5469/23513/4522/1289/6678/56975/6491,0.380730400722792
GO:0007160,cell-matrix adhesion,129,0.35641853711048,1.29352173305493,0.0229216427033076,0.108929428162115,0.0585533299675217,1536,"tags=29%, list=16%, signal=24%",4323/7422/182/3690/6281/341640/27185/10979/7205/255743/1605/960/395/780/3987/83706/6093/1009/967/7057/56999/7412/5328/8751/1021/5329/10516/59339/1435/1307/8500/71/2335/9358/8829/3696/3675,0.352487857583619
GO:0040017,positive regulation of locomotion,290,0.326085271966736,1.29140756273037,0.00923592459755457,0.0608043709854607,0.0326844495362689,1420,"tags=24%, list=15%, signal=21%",4323/7422/10630/9037/2149/6667/57580/4313/9423/10399/284119/3690/7130/2771/6239/8828/301/3488/389/6662/54209/8877/6608/29085/58191/10979/4192/6774/196527/5154/4921/7205/977/284361/3037/2896/655/811/2150/27161/85440/83706/3592/3958/54859/10795/8772/1398/9043/7057/682/2246/3162/83700/5328/57556/949/7494/6678/6688/7114/81/80031/1435/25777/26271/71/2335/8829,0.380730400722792
GO:0070848,response to growth factor,345,0.31639174567966,1.28676750775539,0.00966192054118079,0.0616022058005686,0.0331133133059297,1554,"tags=26%, list=16%, signal=22%",7422/678/2201/55553/6909/10399/9261/3690/9289/7130/4609/7041/8837/8828/677/301/79801/57045/6662/8877/54756/10979/5782/6774/4053/3065/10938/4921/960/3037/655/9775/90417/22905/338773/11167/388585/3987/8862/64332/10252/55959/6091/5598/3592/6093/1783/790/5829/22938/5970/967/1398/7057/2064/23191/429/2246/7412/4926/4087/4774/2353/463/57556/5469/2734/11173/7494/58516/6688/7175/864/2186/25942/199731/51742/1848/4054/8829/2887/3315/1030/644815/3576/3675/10253/656/285,0.380730400722792
GO:0070374,positive regulation of ERK1 and ERK2 cascade,85,0.374447754799935,1.28646942724504,0.0472099121098829,0.173541662982322,0.0932846378353653,600,"tags=18%, list=6%, signal=17%",7422/2149/3690/2771/8837/54209/348/6764/10979/5154/7936/4921/255743/960/2150,0.321775918075361
GO:0051241,negative regulation of multicellular organismal process,489,0.307454349463772,1.28362673833917,0.00138418342255294,0.0159162235508813,0.00855551989150822,1289,"tags=21%, list=13%, signal=19%",7422/133/9037/2149/4313/55553/308/4828/6223/3690/57561/7130/23493/8324/54739/4609/4057/9454/114897/283659/3133/3956/301/81542/3625/3488/5914/4000/28951/22846/4163/57045/6662/54209/348/1535/7132/54756/4192/4017/6774/3065/5154/56896/10385/2896/9444/811/2150/1407/714/928/22905/2202/2969/338773/4857/388585/865/11221/55829/10221/10252/84695/6781/85440/8451/6091/3592/6093/3958/11314/7353/5970/55824/26022/967/22856/4940/7057/54476/56999/3339/22900/3551/3162/5328/4087/341/706/7090/215/57556/57609/1021/5329/23513/55365/10516/11173/6678/58516/55841/6688,0.45505986738723
GO:0051050,positive regulation of transport,409,-0.364664072057709,-1.28075592411716,0.0233436748730813,0.109861338447295,0.0590542639331995,1205,"tags=19%, list=12%, signal=17%",9066/26059/10307/6812/9545/4760/10347/998/84062/65268/54997/6376/51201/781/84937/2932/6330/10497/226/65985/114882/25924/55691/11069/6327/10059/4133/4302/79752/3843/5295/844/9498/10580/22930/8564/9465/23596/2273/7275/30819/8655/22895/5532/6804/7260/57463/2170/286097/1141/8448/6653/25956/10776/5864/50855/1946/112476/11261/93664/6990/9847/322/192683/7220/5797/112755/6324/6833/57118/23400/5530/6861/490/5567/784/5534/9495,0.352487857583619
GO:1990778,protein localization to cell periphery,214,-0.382016448434857,-1.27995792546315,0.0485678704856787,0.175983041128738,0.0945969629122017,1761,"tags=26%, list=18%, signal=22%",9211/23062/288/342667/57728/2580/28964/9270/30818/408/257194/8650/4884/26060/1213/5590/8548/84687/54585/2037/10098/6812/22979/5604/81831/84062/6248/54997/51201/285172/9912/537/10439/5295/57628/10580/2066/10133/9530/5064/6653/9693/23136/9378/816/8766/9847/27065/56850/5581/23167/57731/784/9495/22841,0.227987202850442
GO:0032880,regulation of protein localization,490,-0.360547542180019,-1.27948100662409,0.0173802706593452,0.0896421481586463,0.0481857507993069,1295,"tags=18%, list=13%, signal=17%",258010/3312/84687/23086/54585/2037/1025/222183/9066/10307/4760/10347/5604/81831/6248/2781/79751/2029/9910/9024/51201/781/2932/23255/10497/226/65985/9912/25924/55691/11069/10059/4133/26297/27248/4302/10439/79752/3843/5295/57628/10580/85300/8655/5532/6804/7260/23531/9530/785/9572/6653/25956/2775/146057/50855/80223/23136/1946/11261/9378/816/8766/65018/80213/9847/8514/8314/322/54550/56850/2039/80124/9215/3767/2044/4130/7341/5581/6833/57142/23400/7534/133308/5567/4345/9495/5058/22841,0.352487857583619
GO:0045597,positive regulation of cell differentiation,379,0.31465155766179,1.27796999135404,0.00354960304119405,0.0305700506813039,0.0164324581049145,1116,"tags=18%, list=12%, signal=17%",4323/7422/7431/86/10630/133/9037/2201/55553/9423/182/25937/51374/3486/7041/4057/6239/8110/677/9780/301/91653/5914/23250/2670/6662/54209/27185/79006/3915/10979/4192/4017/6774/3148/4921/9555/2305/255743/1605/51430/367/655/9444/338773/10848/865/11221/64332/10467/10221/6091/10413/22938/10795/8772/6599/6605/6598/429/23011/4926/5364/4087/29117/706/463/6046/23186/5469,0.431707695803346
GO:0061024,membrane organization,478,-0.361047097030494,-1.27754287260192,0.0158915715216131,0.0843830327932372,0.0453587946449997,1300,"tags=17%, list=13%, signal=15%",65055/5306/3312/5728/9844/65082/9066/57132/23233/26059/6812/7405/10347/23175/56904/149371/998/5877/84286/51201/23074/84937/122553/5862/91851/8396/114882/10059/55102/729956/10079/64225/30819/22895/6804/310/283820/26047/57531/8448/10651/345778/84501/25956/10367/5864/8774/9804/8867/1176/23136/112476/11261/9378/6855/55207/65018/9600/130026/9847/400916/91137/137392/80124/9215/6252/1759/51062/54536/112755/57142/65009/23400/3382/6861/7905/284697/57731/83394,0.352487857583619
GO:0071559,response to transforming growth factor beta,143,0.345952780489402,1.27513834236995,0.0365085258216896,0.148712334910743,0.0799380164128852,1728,"tags=29%, list=18%, signal=24%",678/2201/55553/7041/8837/677/57045/6662/54756/10979/6774/4053/3065/4921/3987/64332/10252/5598/6093/5829/22938/1398/7057/4087/2353/463/2734/7494/58516/6688/864/25942/51742/4054/1030/3675/10253/25805/7040/5928/4089,0.321775918075361
GO:0006935,chemotaxis,194,0.330999298259368,1.27152787347831,0.0467940158100279,0.172603365934053,0.0927802707639335,1345,"tags=24%, list=14%, signal=21%",7422/9037/4313/9423/6223/3690/5479/7130/55558/301/4814/84818/54209/123920/58191/4192/196527/5154/3148/5898/54210/811/4363/2150/718/2047/79890/6091/3592/3958/391/7057/30817/682/2246/7412/83700/5328/57556/5329/1652/23513/347733/6688/7114/80031/1435,0.321775918075361
GO:0042330,taxis,194,0.330999298259368,1.27152787347831,0.0467940158100279,0.172603365934053,0.0927802707639335,1345,"tags=24%, list=14%, signal=21%",7422/9037/4313/9423/6223/3690/5479/7130/55558/301/4814/84818/54209/123920/58191/4192/196527/5154/3148/5898/54210/811/4363/2150/718/2047/79890/6091/3592/3958/391/7057/30817/682/2246/7412/83700/5328/57556/5329/1652/23513/347733/6688/7114/80031/1435,0.321775918075361
GO:0030335,positive regulation of cell migration,274,0.32046045540511,1.26575279423935,0.0219655312577286,0.105634692964583,0.0567822960014791,1635,"tags=27%, list=17%, signal=23%",4323/7422/10630/9037/2149/6667/57580/4313/10399/3690/7130/2771/6239/8828/301/3488/389/6662/54209/8877/6608/58191/10979/4192/6774/196527/5154/4921/7205/977/284361/3037/2896/655/811/2150/27161/85440/83706/3592/3958/54859/10795/8772/1398/9043/7057/682/2246/3162/83700/5328/57556/949/7494/6678/6688/7114/81/80031/1435/25777/26271/71/2335/8829/3315/3576/10253/5880/7423/56034/6591/3965/79872,0.352487857583619
GO:0010498,proteasomal protein catabolic process,378,-0.361963313348292,-1.26451107463135,0.0389001881053205,0.155306332832973,0.0834825180471988,1295,"tags=15%, list=13%, signal=14%",258010/55270/55175/9097/79018/80028/23510/57563/8065/51185/166348/9147/339451/116988/285231/9024/84937/4983/55295/23219/2932/157574/146330/29945/84541/7345/22980/27248/57092/5310/93611/4008/7320/23276/159090/9572/80762/84078/29978/79699/65018/84961/150726/863/200933/54620/285533/6468/10905/4130/7341/26273/8945/51646/5601/29979/64839/23077,0.321775918075361
GO:0050778,positive regulation of immune response,369,0.313306544461487,1.26317104665243,0.00514471322814454,0.0398361281151742,0.021413294768103,1968,"tags=28%, list=20%, signal=24%",11119/6223/9261/56829/9212/11118/84166/4057/720/3133/25800/5648/7706/3654/51296/301/5914/4814/54209/581/1535/29085/79155/81844/8892/80381/3430/3148/1660/117854/7184/10385/4773/3106/54440/2150/714/718/64332/10616/6421/9976/3592/4841/3958/11314/3105/647087/81622/3113/7855/3107/8772/7353/5970/4940/51324/85363/22900/7430/3551/121260/10451/834/84106/975/6046/54502/7494/80216/6688/57590/25942/84885/1687/201292/3304/113/340061/868/5094/5591/3965/1452/10454/7040/3428/3665/10384/5322/55577/63906/567/1967/4690/84861/29800/51279/51304/79132/25865/89857/10318/5777/3140,0.407017918923954
GO:0006091,generation of precursor metabolites and energy,253,-0.370742328406729,-1.2587964787287,0.0480656506447831,0.175464572422997,0.0943182680753951,1668,"tags=26%, list=17%, signal=22%",28964/521/93974/513/3953/4513/6391/92259/3607/54902/5257/509/5467/23479/5164/2821/5634/7381/3416/402/8803/9852/5837/4514/4715/498/10632/1534/55967/5515/56181/205327/9016/2932/4711/1346/226/90673/65985/230/4725/7345/4698/55102/90624/10580/374291/23596/23530/4706/130752/9377/3419/9572/80219/6714/7385/5213/65018/1345/863/4714/4719/54511/23710,0.222056046145248
GO:0071560,cellular response to transforming growth factor beta stimulus,138,0.33543798642797,1.25680298103721,0.0462287152654284,0.171881214467055,0.0923920894079212,1728,"tags=28%, list=18%, signal=23%",678/2201/55553/7041/8837/677/57045/6662/54756/10979/6774/4053/3065/4921/3987/64332/10252/5598/5829/22938/1398/7057/4087/2353/2734/7494/58516/6688/25942/51742/4054/1030/3675/10253/25805/7040/5928/4089,0.321775918075361
GO:0008285,negative regulation of cell population proliferation,294,0.315824854259564,1.25529020084164,0.00966366356397546,0.0616022058005686,0.0331133133059297,1505,"tags=24%, list=16%, signal=21%",10630/2173/1031/2149/7157/10397/9289/51374/64855/3486/4609/7041/8334/8335/3133/3488/5914/4000/10766/26471/22846/5376/4163/3012/57045/6662/54209/348/55544/3430/22809/367/10385/655/11221/8862/2047/10221/7453/6091/3592/11314/10795/7057/26277/2117/10950/3162/5364/84875/23677/138151/590/706/5469/4804/1021/10178/23513/5920/6678/55841/864/11180/1687/9686/8493/3304/1030/147912/3576,0.380730400722792
GO:0032446,protein modification by small protein conjugation,483,-0.355409846495918,-1.25089632334256,0.03125,0.131611776447106,0.0707458755998435,1854,"tags=22%, list=19%, signal=19%",7732/25893/23623/26091/10116/9040/8533/23291/55182/10920/3301/5071/284023/10987/165918/54795/127544/130507/57691/26249/10477/5716/51003/26191/23072/408/10966/25827/89910/9063/80067/64718/9604/26145/27339/122416/7064/92714/7704/79589/9318/283450/9443/23251/727800/3093/57563/8065/84259/51185/339451/6049/285231/84937/23219/23142/53339/2932/85453/7267/29945/143279/54467/81790/84541/84250/22980/57092/27018/5295/56995/4008/7320/6804/55906/7260/23276/5903/57531/8916/7336/80762/142678/84078/55884/53335/4591/11261/80351/65018/373/246330/200933/56271/80124/7341/5581/134111/26273/8945/9148/5601/29979/8925/54778/64839/23077,0.266350657088526
GO:0043065,positive regulation of apoptotic process,229,0.315358254733783,1.24823770808623,0.0465528246425747,0.172603365934053,0.0927802707639335,1813,"tags=25%, list=19%, signal=21%",2149/6667/4313/51330/10399/7157/3486/4609/8837/10018/3956/301/26471/581/1785/7132/10912/196527/2896/8795/10616/6421/3592/3482/10795/8772/835/467/7057/9833/23621/834/138151/706/4804/665/23612/23076/23513/7494/837/6194/1848/1687/22822/55308/22985/7052/3965/7040/4089/414899/7159/9590/694/5371/580,0.321775918075361
GO:1901699,cellular response to nitrogen compound,332,-0.360802694530716,-1.24807670296094,0.0481099656357388,0.175474550546947,0.0943236316616542,1622,"tags=22%, list=17%, signal=19%",729438/2043/26191/79837/4062/115/23514/6778/26060/4303/3208/5164/10499/1131/5590/3416/84687/5594/55799/108/8648/23175/5747/610/84062/27244/498/333/781/57026/2932/8396/114882/9630/5295/10000/7390/10580/2560/9465/23373/5595/57463/6505/2983/1141/5064/6653/2775/6714/2562/1176/9693/53335/5573/10681/9847/782/8036/2039/3708/5144/5138/4142/9353/9177/5530/23236/107/490/5058/2774,0.219250346703755
GO:0071705,nitrogen compound transport,372,-0.358901520890262,-1.24694138990935,0.037542662116041,0.151752906254495,0.0815724285289161,1320,"tags=18%, list=14%, signal=16%",81537/477/51808/10762/222183/9066/6812/10550/117247/4760/81034/610/23428/54847/84062/6248/2781/79751/2029/9024/2917/781/9673/226/10204/65985/206358/25924/85019/11069/8604/23507/29118/6539/22930/57210/8564/8655/5532/6804/7260/6505/80145/5903/1141/9572/2775/5864/9804/1946/6529/124935/9513/79085/8036/3767/2044/7419/9699/8034/6833/23400/3737/133308/5567/22841,0.248911114434702
GO:0006352,DNA-templated transcription initiation,175,0.324796596095267,1.2329430625354,0.0390063415962269,0.155582950412172,0.0836312095501554,2457,"tags=33%, list=25%, signal=25%",7157/284119/23493/1019/4609/328/2963/9969/9555/84172/64332/9612/10467/5441/200424/9441/30834/5518/6598/5437/9533/29117/5469/5435/6688/51586/6602/64425/25942/9477/5436/79034/29028/8493/400569/4831/55726/6837/54454/114825/6908/55718/4792/6924/8289/221830/5433/9611/112869/2976/81556/9014/55290/1870/27297/7291/9328/6944,0.321775918075361
GO:0098609,cell-cell adhesion,455,0.29854911942448,1.23184451087801,0.00387088832105036,0.0326050872551547,0.0175263605518026,1565,"tags=22%, list=16%, signal=20%",7422/86/10630/182/3690/56103/9289/10611/5098/4026/55243/114897/283659/3133/3956/9780/3654/301/81542/91653/5914/56129/4814/57045/57717/4192/5271/4301/80381/302/255743/960/3037/10385/56098/56127/655/1495/56133/84465/928/80709/3987/865/11221/64332/2895/84695/6091/83706/5598/3592/6093/3958/11314/3105/3113/8772/1009/5970/6599/55824/6605/1266/6598/682/7430/7412/83700/29117/975/5754/6046/56126/8642/10178/3485/5329/26025/23513/144100/7494/91624/6688/6603/6602/864/56111/199731/71/56125/9358/3315/3696/54751/6404/868/3675/7045/5880/4627,0.431707695803346
GO:0007417,central nervous system development,423,-0.351484012172477,-1.2310162494212,0.0339750849377123,0.141395323902511,0.0760048702725842,1063,"tags=17%, list=11%, signal=15%",1821/998/1496/4858/57447/333/6096/56920/4983/9718/2932/4677/79641/4133/5310/9915/22931/22930/1745/84623/23035/6867/1620/5463/2560/2066/8543/10159/8655/55906/26128/57463/6505/22983/26047/9331/7707/1141/9572/146057/23017/1272/9693/9378/8745/9513/26470/801/29114/6252/2044/404037/9353/8941/6324/805/6310/10501/57142/10409/56934/3737/8506/23236/7533/53358/27086/57731/5058/23077,0.261663521711573
GO:0016567,protein ubiquitination,425,-0.350505907363716,-1.22999258609618,0.0337837837837838,0.140921470394625,0.0757501576455957,1733,"tags=20%, list=18%, signal=17%",55182/3301/5071/284023/165918/127544/130507/26249/10477/5716/51003/26191/23072/408/10966/25827/89910/80067/64718/9604/26145/27339/122416/7064/92714/7704/79589/283450/9443/23251/727800/3093/57563/8065/51185/339451/6049/285231/84937/23219/53339/2932/85453/7267/29945/143279/54467/81790/84541/22980/57092/27018/5295/56995/4008/7320/55906/7260/23276/57531/8916/7336/80762/142678/84078/55884/4591/11261/80351/65018/373/246330/200933/56271/80124/5581/134111/26273/8945/9148/5601/29979/8925/54778/64839/23077,0.261663521711573
GO:0042254,ribosome biogenesis,218,0.318741710210021,1.22760101133271,0.0407639278355438,0.160710294243089,0.0863873339533958,2612,"tags=31%, list=27%, signal=23%",6210/6203/6223/29889/6202/705/2197/163859/55319/9775/6205/23481/6209/55341/6230/153443/8451/11056/117246/64434/6839/115416/29960/23076/3692/7514/6227/6194/64794/23212/128061/5591/6130/51077/25879/83743/10436/50628/84549/57696/55646/55035/92345/27341/55720/51602/29063/54853/55695/25926/51550/10600/84916/5134/55636/8780/29997/57602/6838/23029/5393/79066/387338/56342/10528/81554/4927/196074,0.321775918075361
GO:0071363,cellular response to growth factor stimulus,330,0.304920017017061,1.22021925016949,0.0169190446493693,0.088037445647766,0.0473231677746403,1554,"tags=25%, list=16%, signal=22%",7422/678/2201/55553/6909/10399/9261/3690/9289/7130/7041/8837/8828/677/301/79801/57045/6662/8877/54756/10979/5782/6774/4053/3065/10938/4921/960/3037/655/9775/90417/22905/338773/11167/388585/3987/8862/64332/10252/55959/6091/5598/3592/1783/790/5829/22938/5970/967/1398/7057/2064/23191/2246/7412/4926/4087/4774/2353/57556/5469/2734/11173/7494/58516/6688/2186/25942/199731/51742/4054/8829/2887/3315/1030/644815/3576/3675/10253/656/285,0.352487857583619
GO:2000145,regulation of cell motility,495,0.296762265640486,1.21774159640269,0.00865156192581424,0.0585770862531876,0.0314872070641399,1398,"tags=23%, list=14%, signal=21%",4323/7422/10630/9037/51474/2149/2201/6667/57580/4313/9423/182/10399/284119/3690/9289/7130/2771/3486/221178/6239/8828/55558/3371/301/3488/4000/4814/23598/22846/4163/389/1809/6662/54209/348/8877/6608/25932/29085/3915/58191/10979/4192/4301/6774/196527/9219/3065/5154/4921/7205/977/284361/1605/3037/2896/655/811/2150/928/11221/27161/10221/6781/79890/85440/6091/83706/3592/6093/3958/11314/54859/10795/8772/5585/1009/967/1398/9043/7057/56999/682/2246/3162/83700/5364/5328/975/57556/8751/23380/4804/1021/1652/949/7494/6678/91624/58516/6688/7114/81/80031/1435/25777/25942/26271/199731/51742/71/2335,0.380730400722792
GO:0006954,inflammatory response,336,0.305314386390427,1.21305198168206,0.0158953353624463,0.0843830327932372,0.0453587946449997,1426,"tags=21%, list=15%, signal=18%",133/2149/6223/9261/7130/196/720/3133/3956/3371/3654/301/4814/26471/84818/54209/348/8877/1535/7132/79155/653361/2635/4192/6774/196527/10758/3430/3148/1660/960/2896/9415/4363/2150/80709/718/10848/12/55829/64332/84695/5598/647087/22904/5970/23729/7057/80833/3339/30817/22900/3551/3162/7412/834/2353/975/215/1652/10135/7494/837/7114/1435/84885/2335/1687/201292/91039,0.352487857583619
GO:0030334,regulation of cell migration,470,0.292581299248491,1.20317032144211,0.0135916731302031,0.0767589926649901,0.0412606097481644,1398,"tags=23%, list=14%, signal=20%",4323/7422/10630/9037/51474/2149/2201/6667/57580/4313/182/10399/3690/9289/7130/2771/3486/221178/6239/8828/55558/3371/301/3488/4000/4814/23598/22846/4163/389/1809/6662/54209/348/8877/6608/25932/3915/58191/10979/4192/4301/6774/196527/9219/3065/5154/4921/7205/977/284361/1605/3037/2896/655/811/2150/928/11221/27161/10221/6781/79890/85440/6091/83706/3592/6093/3958/11314/54859/10795/8772/1009/967/1398/9043/7057/56999/682/2246/3162/83700/5364/5328/975/57556/8751/23380/4804/1652/949/7494/6678/91624/58516/6688/7114/81/80031/1435/25777/25942/26271/51742/71/2335,0.380730400722792
GO:0048285,organelle fission,245,0.309424414582163,1.19851518737856,0.0450491470075012,0.168593260842357,0.0906247007715066,2201,"tags=35%, list=23%, signal=28%",29128/9055/9212/9319/54892/11044/29893/3021/51537/332/83903/23397/11130/5898/81620/655/4439/3835/90417/91272/10403/7517/5347/7756/23141/9700/80346/4751/8243/891/256364/10274/4926/51203/56947/10051/9031/9985/26065/375757/147841/56992/7175/8899/11004/9918/26271/55063/2491/27338/23212/3304/4288/23353/55755/10615/80179/2177/54820/25879/7040/9735/5119/146956/6773/9787/4085/983/84861/3833/10635/79643/8881/91782/10609/9088/54908/79080/5501/10201/29127/29988/27183/10600/57082/1111,0.321775918075361
GO:0033993,response to lipid,407,0.29357739644965,1.19163211026237,0.0167347341284893,0.0876185831541253,0.0470980147171519,1116,"tags=19%, list=12%, signal=17%",7431/678/2149/4313/6909/9261/8614/4015/196/8324/8837/4057/10018/3931/677/7706/3654/301/3625/5914/595/6662/54209/8091/6608/1535/7132/79155/653361/2635/4192/5723/6774/3065/3148/117854/1605/367/655/358/11335/811/1407/55818/55829/64332/9612/10221/6781/3592/790/10413/3482/22904/22938/10095/5585/5970/23729/7057/4821/891/19/85363/22900/429/7412/834/1410/4087/2353/590/706/5754/8751/5469,0.352487857583619
GO:0060429,epithelium development,367,0.294970423490605,1.17737224023903,0.0377655620019139,0.152362018784012,0.0818998475517636,1194,"tags=20%, list=12%, signal=18%",7422/10630/3955/4313/6909/9955/182/3690/8407/23493/8324/4609/6239/4082/677/3371/301/5914/89958/389/6662/6608/25932/7132/84879/10979/4192/4301/3065/5154/9555/977/255743/5898/1605/960/655/358/2150/780/11167/388585/11221/64332/10252/84695/6781/6091/6093/3958/10413/25902/4643/5962/1200/967/22995/27031/1266/9948/682/429/2246/7430/3551/4926/4087/5469/1889/1021/23513/4522,0.321775918075361
