signcon,ntimes,randomSummary,randomCi.lb,randomCi.ub,randomP,het_QE,het_QEp,het_QM,het_QMp,error,Gene_ID,Gene_Symbol,Gene_Description,FDR,neg_log10_FDR,Significance
-2,2,-1.59388739735076,-2.18507084615164,-1.00270394854988,1.26219905741453e-07,0.463852372119655,0.495829044025791,27.9233115576265,1.26219905741453e-07,FALSE,ENSG00000003147,ICA1,islet cell autoantigen 1,1.43635416331398e-05,4.84273846245535,DOWN
-2,2,-1.29883516842933,-1.82779389278429,-0.769876444074379,1.48974498073246e-06,0.483108347304966,0.48701772634297,23.1611805398111,1.48974498073245e-06,FALSE,ENSG00000004660,CAMKK1,calcium/calmodulin dependent protein kinase kinase 1,0.0001066161975338,3.97217681064557,DOWN
-2,2,-1.18136105493401,-1.73828543065975,-0.624436679208268,3.21718868077212e-05,0.127453911384013,0.721086656225893,17.2849858359921,3.21718868077213e-05,FALSE,ENSG00000005379,TSPOAP1,TSPO associated protein 1,0.00119792966760515,2.92156867933205,DOWN
-2,2,-1.49970076682487,-1.90854387906659,-1.09085765458316,6.5050066856111e-13,0.05002485990254,0.823020021334113,51.6882749100333,6.50500668561114e-13,FALSE,ENSG00000005810,MYCBP2,MYC binding protein 2,7.32030085687436e-10,9.13547106951602,DOWN
-2,2,-1.80239234027316,-2.580781090363,-1.02400359018332,5.66879921284808e-06,0.0585413480494236,0.808816431575991,20.5968946256075,5.66879921284806e-06,FALSE,ENSG00000006071,ABCC8,ATP binding cassette subfamily C member 8,0.000310343775285002,3.50815696104542,DOWN
2,2,3.2887215687056,1.85386652040568,4.72357661700552,7.04634970249676e-06,0.479909953306004,0.488463106902973,20.1806121180809,7.04634970249674e-06,FALSE,ENSG00000006327,TNFRSF12A,TNF receptor superfamily member 12A,0.000367863040138594,3.43431384432488,UP
2,2,1.23913970957524,0.461772710591773,2.01650670855871,0.00178274241034512,0.14141457561305,0.706878762942974,9.76078016411313,0.00178274241034512,FALSE,ENSG00000006534,ALDH3B1,aldehyde dehydrogenase 3 family member B1,0.0226829335828836,1.64430077885897,UP
-2,2,-1.23919216718688,-2.02821887604093,-0.45016545833282,0.00208263951909924,0.1213749574404,0.727547995496854,9.47523723376823,0.00208263951909924,FALSE,ENSG00000008300,CELSR3,cadherin EGF LAG seven-pass G-type receptor 3,0.0252571621423748,1.59761544772936,DOWN
2,2,1.49537950007215,0.481871408238151,2.50888759190614,0.00383008906484218,0.900273823153556,0.342708299714571,8.36266281972168,0.00383008906484217,FALSE,ENSG00000008517,IL32,interleukin 32,0.0387137146194826,1.41213515569357,UP
2,2,3.24690660757765,2.16563140528518,4.32818180987012,3.96908297071515e-09,0.368414509280523,0.543869767284447,34.6388360149518,3.96908297071516e-09,FALSE,ENSG00000011028,MRC2,mannose receptor C type 2,9.57116007795311e-07,6.01903542012078,UP
2,2,1.38384900162766,0.644881841809942,2.12281616144539,0.000242185124880902,0.126641640175256,0.721939835159017,13.4717282768226,0.000242185124880902,FALSE,ENSG00000011304,PTBP1,polypyrimidine tract binding protein 1,0.00537905908946004,2.26929368492703,UP
2,2,4.06500775493476,1.76655956251898,6.36345594735054,0.000527539388944241,1.99602907129563,0.157711912008312,12.0157117344593,0.000527539388944242,FALSE,ENSG00000012223,LTF,lactotransferrin,0.00941530475042984,2.02616561836765,UP
2,2,1.61317082434761,0.809264561029478,2.41707708766574,8.38951115665685e-05,0.361580916721825,0.54762954314555,15.468424254575,8.38951115665686e-05,FALSE,ENSG00000013364,MVP,major vault protein,0.00238676879198372,2.62218964937573,UP
2,2,2.28502186039197,1.34870376522126,3.22133995556269,1.72559475686101e-06,0.963691634066613,0.326258522525009,22.8786327670905,1.72559475686101e-06,FALSE,ENSG00000013573,DDX11,DEAD/H-box helicase 11,0.000118086646604651,3.92779921020866,UP
-2,2,-1.86354843165323,-2.98485613621031,-0.742240727096148,0.00112459034450055,0.537536374622304,0.463455529821408,10.6103067011022,0.00112459034450055,FALSE,ENSG00000018236,CNTN1,contactin 1,0.0163647284613528,1.78609119651024,DOWN
2,2,2.36615512945861,1.21618390917675,3.51612634974047,5.5121307007034e-05,1.30574627384412,0.253166262239263,16.2632997845085,5.51213070070341e-05,FALSE,ENSG00000018408,WWTR1,WW domain containing transcription regulator 1,0.00176109967623735,2.75421606276368,UP
-2,2,-1.22683665192852,-1.72887427790905,-0.724799025947986,1.6712033983934e-06,0.470476723594421,0.492767935134147,22.9401964034348,1.6712033983934e-06,FALSE,ENSG00000020129,NCDN,neurochondrin,0.000115924650570926,3.9358242045143,DOWN
-2,2,-1.22846737340863,-2.06256432311829,-0.394370423698962,0.00389358422701749,1.28151569157223,0.257617408218882,8.33278870144173,0.0038935842270175,FALSE,ENSG00000022267,FHL1,four and a half LIM domains 1,0.0392380308967494,1.40629279517928,DOWN
-2,2,-1.62681462851976,-2.76864034391776,-0.484988913121761,0.00523095796319907,1.73256936570047,0.188083098159634,7.79781056820548,0.00523095796319908,FALSE,ENSG00000022567,SLC45A4,solute carrier family 45 member 4,0.0490547613437779,1.30931883283097,DOWN
-2,2,-1.59183157566654,-2.33005279008843,-0.853610361244655,2.37582036851513e-05,0.0533245310813604,0.817376137536655,17.8614770301773,2.37582036851514e-05,FALSE,ENSG00000023171,GRAMD1B,GRAM domain containing 1B,0.000947334987886663,3.02349642261721,DOWN
-2,2,-1.00229311956942,-1.51054523976327,-0.49404099937556,0.000111031926733057,0.655442031928207,0.418173704265678,14.9391979615088,0.000111031926733057,FALSE,ENSG00000023228,NDUFS1,NADH:ubiquinone oxidoreductase core subunit S1,0.00296710119776359,2.527667641118,DOWN
2,2,2.33650198632431,1.50202335764704,3.17098061500157,4.06948594636097e-08,0.126397381836796,0.722196997520032,30.1160530688307,4.06948594636097e-08,FALSE,ENSG00000026025,VIM,vimentin,6.24481116132483e-06,5.20448068984942,UP
2,2,1.75160838633095,1.00668156582303,2.49653520683888,4.05338078938372e-06,0.00221260234029863,0.962482696607706,21.2394365668036,4.05338078938372e-06,FALSE,ENSG00000026950,BTN3A1,butyrophilin subfamily 3 member A1,0.000235934716292404,3.62720815074255,UP
2,2,1.13957822693899,0.382076260739884,1.89708019313809,0.00319268680028518,1.57267569324661,0.209818863310122,8.69394601206532,0.00319268680028518,FALSE,ENSG00000031081,ARHGAP31,Rho GTPase activating protein 31,0.0341092108789961,1.46712832793537,UP
-2,2,-1.00041753799043,-1.5061708404144,-0.494664235566473,0.000105772298821682,0.136891782446309,0.711390764690931,15.0307731631476,0.000105772298821682,FALSE,ENSG00000033627,ATP6V0A1,ATPase H+ transporting V0 subunit a1,0.00287973613566128,2.54064730393388,DOWN
-2,2,-1.90436091635495,-2.75522639875488,-1.05349543395501,1.15091302810879e-05,0.821692201439139,0.364685870063887,19.2430048866773,1.15091302810879e-05,FALSE,ENSG00000036530,CYP46A1,cytochrome P450 family 46 subfamily A member 1,0.000557397431297109,3.253835037015,DOWN
-2,2,-1.22323941802197,-1.58306327904513,-0.863415556998808,2.68299662075463e-11,0.215076584871727,0.642817195891214,44.3955252173178,2.68299662075463e-11,FALSE,ENSG00000040341,STAU2,staufen double-stranded RNA binding protein 2,1.81155931833353e-08,7.74194744070582,DOWN
2,2,1.05147292663267,0.369733646501678,1.73321220676365,0.00250341423540074,0.00141640957478949,0.969978528525865,9.13809642737428,0.00250341423540074,FALSE,ENSG00000040531,CTNS,"cystinosin, lysosomal cystine transporter",0.0288739583836253,1.53949367381506,UP
2,2,4.73272583346946,1.93081133910484,7.53464032783409,0.000931016360843927,3.26305948549527,0.0708568093862311,10.9599637930453,0.000931016360843927,FALSE,ENSG00000041982,TNC,tenascin C,0.014286869246405,1.84506292991968,UP
2,2,1.48803043120956,0.522114984805639,2.45394587761349,0.00253275064262346,0.0289579271142573,0.864876217176382,9.11678232554688,0.00253275064262346,FALSE,ENSG00000042493,CAPG,"capping actin protein, gelsolin like",0.0290835583996489,1.53635245823982,UP
-2,2,-1.59040880271502,-2.62197374095061,-0.558843864479436,0.00251307858190229,0.00945756999853228,0.922527831311982,9.13104700901136,0.00251307858190229,FALSE,ENSG00000043591,ADRB1,adrenoceptor beta 1,0.0289232498608027,1.5387529106404,DOWN
-2,2,-1.0520249759,-1.62025395238054,-0.483795999419454,0.000284854789805775,0.772221404860813,0.379530719058238,13.167445510976,0.000284854789805775,FALSE,ENSG00000047056,WDR37,WD repeat domain 37,0.00601043606490186,2.22109401822845,DOWN
-2,2,-1.8062680652499,-2.96460217731109,-0.647933953188708,0.00224084465241197,0.74454406898956,0.388209127688117,9.34098978306526,0.00224084465241197,FALSE,ENSG00000048540,LMO3,LIM domain only 3,0.0266689478726538,1.57399411749775,DOWN
-2,2,-1.68580981671361,-2.24866212862234,-1.12295750480488,4.34939209448937e-09,0.335448140305285,0.562468500233663,34.4607266117154,4.34939209448936e-09,FALSE,ENSG00000048991,R3HDM1,R3H domain containing 1,1.02443356123229e-06,5.98951620214891,DOWN
2,2,1.12584641024681,0.574438014783261,1.67725480571037,6.28661367206566e-05,0.541436364232925,0.461838059449376,16.014291464981,6.28661367206565e-05,FALSE,ENSG00000049541,RFC2,replication factor C subunit 2,0.00192358982690879,2.71588752840061,UP
2,2,2.01802372293861,1.2364397390285,2.79960770684871,4.1802359800624e-07,1.43932115061768,0.230249224611176,25.6092826812323,4.18023598006239e-07,FALSE,ENSG00000050405,LIMA1,LIM domain and actin binding 1,3.64977844879931e-05,4.4377334975666,UP
-2,2,-1.1787338726871,-1.60902260298166,-0.748445142392538,7.91175718543418e-08,0.00104289100417266,0.974237735166499,28.8275521488311,7.91175718543418e-08,FALSE,ENSG00000050748,MAPK9,mitogen-activated protein kinase 9,1.05434574702733e-05,4.9770169494618,DOWN
2,2,1.02254427489761,0.443192790653712,1.60189575914151,0.000541583534173229,0.196423667744408,0.657623177702496,11.9667488704493,0.000541583534173228,FALSE,ENSG00000051128,HOMER3,homer scaffold protein 3,0.00960623123311114,2.01744696360008,UP
2,2,1.40386359461172,0.451784069779392,2.35594311944405,0.00385226048920172,0.341225683733648,0.559122587049592,8.3521744167952,0.00385226048920172,FALSE,ENSG00000051523,CYBA,cytochrome b-245 alpha chain,0.0388989972429063,1.4100615939824,UP
-2,2,-1.45719686442446,-2.46193242720733,-0.452461301641599,0.00447483001142239,2.09049797657234,0.148217750134135,8.0803298430273,0.00447483001142239,FALSE,ENSG00000054277,OPN3,opsin 3,0.043661925198156,1.3598971187299,DOWN
-2,2,-3.56698779676658,-4.89663783211635,-2.23733776141682,1.45709297946717e-07,0.234394886207196,0.628284062425464,27.645517899355,1.45709297946717e-07,FALSE,ENSG00000054803,CBLN4,cerebellin 4 precursor,1.62169645011467e-05,4.79003043395804,DOWN
2,2,1.24950773620874,0.524734258786743,1.97428121363074,0.000727570985612643,0.281766504453938,0.595545717904118,11.4174599338118,0.000727570985612644,FALSE,ENSG00000054967,RELT,RELT TNF receptor,0.0118852241004594,1.92499262506955,UP
-2,2,-1.98653680040988,-3.11883574469145,-0.854237856128309,0.00058469727812661,0.124023444842118,0.724711055245207,11.8240758421284,0.000584697278126611,FALSE,ENSG00000058404,CAMK2B,calcium/calmodulin dependent protein kinase II beta,0.0101924510032122,1.99172136759577,DOWN
2,2,1.14902313647218,0.477551020285586,1.82049525265877,0.000796838835724516,0.25545146589445,0.613262422959527,11.2485816198079,0.000796838835724518,FALSE,ENSG00000058866,DGKG,diacylglycerol kinase gamma,0.0127695945066739,1.89382289336384,UP
2,2,1.41297039875121,0.484007565493127,2.34193323200929,0.00287174614500418,2.24560997679151e-06,0.998804341753617,8.88721387620633,0.00287174614500418,FALSE,ENSG00000059804,SLC2A3,solute carrier family 2 member 3,0.0316485799310145,1.49964577196449,UP
-2,2,-1.83789995042594,-3.00618458765612,-0.669615313195752,0.00204691761148623,1.62319160328619,0.202647337726138,9.50698004845812,0.00204691761148623,FALSE,ENSG00000061918,GUCY1B1,guanylate cyclase 1 soluble subunit beta 1,0.0251287049322819,1.59982989323221,DOWN
-2,2,-1.18571979747457,-1.63914563453441,-0.73229396041474,2.96978628001901e-07,1.01255170638317,0.314292304301142,26.2692574940558,2.96978628001901e-07,FALSE,ENSG00000063854,HAGH,hydroxyacylglutathione hydrolase,2.81102761159183e-05,4.55113488847186,DOWN
2,2,1.30641235883286,0.455633007466212,2.15719171019951,0.0026157612227723,0.181373805370826,0.67019526258246,9.05780278667449,0.0026157612227723,FALSE,ENSG00000064692,SNCAIP,synuclein alpha interacting protein,0.02966677454002,1.52772966890452,UP
-2,2,-1.09394689324178,-1.5045682794494,-0.68332550703415,1.77393407104727e-07,0.135921256128015,0.712369984687605,27.2650018164356,1.77393407104727e-07,FALSE,ENSG00000065154,OAT,ornithine aminotransferase,1.8912004496386e-05,4.72326243754401,DOWN
2,2,1.82891435855754,1.00012554172119,2.65770317539389,1.52452868668565e-05,0.13231525101311,0.716043482608721,18.7066127708251,1.52452868668565e-05,FALSE,ENSG00000065320,NTN1,netrin 1,0.000662679250590227,3.17869662756077,UP
-2,2,-1.31544821869705,-1.62193334259896,-1.00896309479514,4.02201006955298e-17,0.211114165324373,0.645895530810412,70.7660405640556,4.02201006955294e-17,FALSE,ENSG00000065559,MAP2K4,mitogen-activated protein kinase kinase 4,2.03674589922163e-13,12.6910631494237,DOWN
2,2,1.67637645759562,0.509655485616846,2.84309742957439,0.00486060525461038,0.0194170435337027,0.889177490723759,7.93058600745299,0.00486060525461038,FALSE,ENSG00000065911,MTHFD2,"methylenetetrahydrofolate dehydrogenase (NADP+ dependent) 2, methenyltetrahydrofolate cyclohydrolase",0.0463106397165512,1.33431921979537,UP
2,2,1.17046785067176,0.36296297634402,1.97797272499951,0.00449804364352862,0.394627204018283,0.529877119789231,8.07095369685773,0.00449804364352862,FALSE,ENSG00000067182,TNFRSF1A,TNF receptor superfamily member 1A,0.0437619462263764,1.35890337185332,UP
-2,2,-1.08748677822099,-1.67599630486857,-0.498977251573412,0.00029261579572936,0.0104983887996775,0.918390255032157,13.1170797192837,0.00029261579572936,FALSE,ENSG00000067191,CACNB1,calcium voltage-gated channel auxiliary subunit beta 1,0.00611054181267414,2.21392027980292,DOWN
-2,2,-1.29558578859135,-2.17805480135563,-0.413116775827055,0.00400844372826228,0.368389178634073,0.543883615633374,8.27998603534087,0.00400844372826228,FALSE,ENSG00000067840,PDZD4,PDZ domain containing 4,0.04023539948448,1.39539168234389,DOWN
-2,2,-1.02630081705642,-1.73331491659026,-0.319286717522579,0.00444000800765455,0.657506232433037,0.417441719904446,8.09448796830841,0.00444000800765456,FALSE,ENSG00000068383,INPP5A,inositol polyphosphate-5-phosphatase A,0.0434057925690399,1.36245230936072,DOWN
-2,2,-1.62256635427296,-2.4474538404062,-0.797678868139718,0.000115597595691992,0.0363142819114188,0.848867929348272,14.8631781705151,0.000115597595691992,FALSE,ENSG00000068400,GRIPAP1,GRIP1 associated protein 1,0.00304888658637629,2.51585873038275,DOWN
-2,2,-1.43133800045581,-2.3136968288643,-0.548979172047311,0.00147580701770829,0.665997049710981,0.414450708627373,10.1085791103947,0.00147580701770829,FALSE,ENSG00000068831,RASGRP2,RAS guanyl releasing protein 2,0.0196568942208389,1.70648509938805,DOWN
-2,2,-1.73601918818388,-2.661560081162,-0.810478295205771,0.0002366721750996,0.365496284120915,0.545469472565622,13.514936221689,0.000236672175099601,FALSE,ENSG00000069424,KCNAB2,potassium voltage-gated channel subfamily A regulatory beta subunit 2,0.00526816657012912,2.27834050186814,DOWN
-2,2,-1.34158977456989,-2.08267114445831,-0.600508404681475,0.00038794765936852,1.19979840563221,0.273361974231024,12.5893662930262,0.000387947659368521,FALSE,ENSG00000069966,GNB5,G protein subunit beta 5,0.00755602671939303,2.12170651500848,DOWN
-2,2,-1.84835814855665,-3.00358149315259,-0.69313480396072,0.00171302069050879,1.33391561284621,0.248109819035462,9.83414306397388,0.00171302069050879,FALSE,ENSG00000070182,SPTB,"spectrin beta, erythrocytic",0.022017098418113,1.65723991624684,DOWN
-2,2,-2.14258296515698,-2.8990609900844,-1.38610494022956,2.83662415715944e-08,0.0298568798468557,0.862815370027878,30.8161829747593,2.83662415715945e-08,FALSE,ENSG00000070961,ATP2B1,ATPase plasma membrane Ca2+ transporting 1,4.78822157728514e-06,5.31982576061198,DOWN
2,2,1.00549946092156,0.352134590510708,1.65886433133242,0.00255882191362858,0.0134220980133684,0.907768428278403,9.09804972833729,0.00255882191362858,FALSE,ENSG00000071246,VASH1,vasohibin 1,0.0292173036541491,1.53435986581981,UP
2,2,1.72452623497612,0.805722246010854,2.64333022394138,0.000234420742629326,0.609059862843669,0.435142008115017,13.532874342461,0.000234420742629325,FALSE,ENSG00000071539,TRIP13,thyroid hormone receptor interactor 13,0.00522954467257668,2.28153612275717,UP
2,2,1.86834421133298,0.671720944833469,3.06496747783248,0.00221201054534567,2.0267725282434,0.154548505376728,9.36472606663196,0.00221201054534567,FALSE,ENSG00000071575,TRIB2,tribbles pseudokinase 2,0.0264813744719396,1.57705947731061,UP
-2,2,-1.92506157842095,-3.00058150267325,-0.849541654168641,0.000451287954233299,0.217193392678749,0.641186783945568,12.3068955296766,0.0004512879542333,FALSE,ENSG00000074527,NTN4,netrin 4,0.00835583985461582,2.07800989216266,DOWN
-2,2,-1.65137168541283,-2.54409942869505,-0.758643942130609,0.000288347148205153,0.00296637233834966,0.956565160397158,13.1446124681938,0.000288347148205153,FALSE,ENSG00000074590,NUAK1,NUAK family kinase 1,0.00604941382540798,2.21828670546722,DOWN
-2,2,-3.03505477671975,-4.86788479918742,-1.20222475425208,0.00117211269119255,3.06088292832437,0.080198080274847,10.5337951645648,0.00117211269119255,FALSE,ENSG00000074706,IPCEF1,interaction protein for cytohesin exchange factors 1,0.0168246618824722,1.77405365483368,DOWN
2,2,1.13893286122982,0.38685667142382,1.89100905103583,0.00299607876779619,0.371240032910052,0.542329118679374,8.80985479761568,0.00299607876779619,FALSE,ENSG00000075420,FNDC3B,fibronectin type III domain containing 3B,0.0324885286512203,1.48826995664903,UP
2,2,2.24102943357914,0.87097623155155,3.61108263560673,0.00134612284589298,1.95167839912736,0.162406101993973,10.2781852056966,0.00134612284589298,FALSE,ENSG00000075461,CACNG4,calcium voltage-gated channel auxiliary subunit gamma 4,0.0185238209010925,1.73226942666558,UP
2,2,1.33463437156524,0.536077357432845,2.13319138569763,0.00105399479819981,0.100341312067612,0.751420430076751,10.7302276332152,0.00105399479819981,FALSE,ENSG00000075618,FSCN1,fascin actin-bundling protein 1,0.015698322523776,1.8041467525328,UP
-2,2,-1.04337152574217,-1.4471767990968,-0.639566252387531,4.10012594566827e-07,0.433235162027446,0.510405758376121,25.6466219765262,4.10012594566826e-07,FALSE,ENSG00000075945,KIFAP3,kinesin associated protein 3,3.6109630937155e-05,4.44237695030971,DOWN
2,2,1.60189840936492,0.711769940706495,2.49202687802334,0.000419975733286892,0.705635812616951,0.400896434582523,12.4411561229771,0.000419975733286892,FALSE,ENSG00000076604,TRAF4,TNF receptor associated factor 4,0.00793097324064719,2.1006735154431,UP
-2,2,-2.6112840213928,-4.44621223446258,-0.776355808323022,0.00528347905231776,1.96320804162762,0.161170639366661,7.77976087021529,0.00528347905231777,FALSE,ENSG00000078725,BRINP1,BMP/retinoic acid inducible neural specific 1,0.0494100423286004,1.30618477405898,DOWN
2,2,1.49354235692764,1.10981765062907,1.8772670632262,2.37283463859465e-14,0.145863197989473,0.702520402343582,58.1958136813315,2.37283463859467e-14,FALSE,ENSG00000079308,TNS1,tensin 1,4.80641384393733e-11,10.3181788381096,UP
-2,2,-2.56368193969604,-3.43630221474132,-1.69106166465077,8.50143225791341e-09,0.653850691182972,0.418739312006834,33.1568962989634,8.50143225791342e-09,FALSE,ENSG00000080224,EPHA6,EPH receptor A6,1.87179360669885e-06,5.72774204043415,DOWN
-2,2,-1.86102746167735,-2.91121969383947,-0.810835229515237,0.000514257037599438,0.489021228732481,0.484364237014869,12.0632448294019,0.000514257037599439,FALSE,ENSG00000081803,CADPS2,calcium dependent secretion activator 2,0.00923114513072092,2.03474442106454,DOWN
-2,2,-1.46849743011561,-2.33949330592961,-0.597501554301601,0.000951474557098,0.990866496865019,0.319530687277172,10.9196914372894,0.000951474557097999,FALSE,ENSG00000082397,EPB41L3,erythrocyte membrane protein band 4.1 like 3,0.0145215943851815,1.83798569805242,DOWN
-2,2,-1.52684198175583,-2.05081768052596,-1.00286628298571,1.12150505463561e-08,0.481803647203647,0.487606472462191,32.6183566097908,1.12150505463561e-08,FALSE,ENSG00000084444,FAM234B,family with sequence similarity 234 member B,2.22717709673519e-06,5.65224524813125,DOWN
-2,2,-1.21553786703724,-1.72733885926446,-0.703736874810027,3.24051924080521e-06,0.423783534366969,0.515055146381465,21.6686033864744,3.24051924080521e-06,FALSE,ENSG00000084731,KIF3C,kinesin family member 3C,0.000198908962853789,3.70134564709053,DOWN
2,2,1.34143659017177,0.554706937432629,2.12816624291092,0.000832087168113474,0.708731787439967,0.399865149467427,11.1682580403861,0.000832087168113473,FALSE,ENSG00000085117,CD82,CD82 molecule,0.0131883862889722,1.87980834081974,UP
2,2,1.17713617940066,0.63674695272145,1.71752540607987,1.95988519564426e-05,0.361915485917961,0.547444343470826,18.227883052095,1.95988519564425e-05,FALSE,ENSG00000086015,MAST2,microtubule associated serine/threonine kinase 2,0.000813513002519878,3.08963550126737,UP
-2,2,-1.53949352414277,-2.51905232570825,-0.559934722577286,0.00206780217571138,0.00151207314170021,0.968981769092293,9.48835428455454,0.00206780217571139,FALSE,ENSG00000086300,SNX10,sorting nexin 10,0.0251792953187791,1.59895642845565,DOWN
2,2,1.06601358327761,0.343628661571305,1.78839850498392,0.00382442152353248,0.535480366870955,0.464311868458913,8.36535381629081,0.00382442152353248,FALSE,ENSG00000087088,BAX,"BCL2 associated X, apoptosis regulator",0.0386950461441928,1.41234463110387,UP
-2,2,-1.89855567688259,-2.61589170898932,-1.18121964477586,2.13263427403098e-07,0.501827887272921,0.478698063605819,26.9090004008386,2.13263427403098e-07,FALSE,ENSG00000087095,NLK,nemo like kinase,2.15993199273858e-05,4.66555992275802,DOWN
2,2,3.24482493595966,1.83113995734352,4.65850991457581,6.83713044951943e-06,2.0250722875433,0.154721560971434,20.2382723962344,6.83713044951943e-06,FALSE,ENSG00000087245,MMP2,matrix metallopeptidase 2,0.000358789933641103,3.44515975020278,UP
-2,2,-1.19992932667834,-1.93919742937664,-0.460661223980037,0.0014662622742179,1.08041708028686,0.298604271035698,10.1205375716531,0.0014662622742179,FALSE,ENSG00000087258,GNAO1,G protein subunit alpha o1,0.019589419617235,1.70797843081313,DOWN
-2,2,-1.42948502827955,-2.19311491497043,-0.665855141588673,0.000243524629377914,0.12452763573512,0.724174855769322,13.4613795526796,0.000243524629377914,FALSE,ENSG00000088367,EPB41L1,erythrocyte membrane protein band 4.1 like 1,0.00539697471846721,2.26784961633462,DOWN
-2,2,-1.98885570881687,-3.33124237915465,-0.646469038479095,0.00368608197786268,0.139741934013949,0.708537699660585,8.43232763401901,0.00368608197786267,FALSE,ENSG00000089169,RPH3A,rabphilin 3A,0.0378334329532787,1.4221242496398,DOWN
-2,2,-3.41420240556628,-4.73124067993094,-2.09716413120161,3.75689911691413e-07,0.257349662378115,0.611946846922212,25.8153440695217,3.75689911691412e-07,FALSE,ENSG00000089558,KCNH4,potassium voltage-gated channel subfamily H member 4,3.39731020143806e-05,4.46886479677961,DOWN
2,2,1.83705095689305,0.632554169563077,3.04154774422302,0.00279654319024319,0.0138342800896553,0.906369378073802,8.93567359439865,0.00279654319024319,FALSE,ENSG00000089685,BIRC5,baculoviral IAP repeat containing 5,0.0310223323447788,1.50832555383418,UP
-2,2,-1.18986466752753,-1.94551473003592,-0.434214605019128,0.00202728193193441,0.000213687345608308,0.988336900070522,9.52466860180586,0.00202728193193441,FALSE,ENSG00000089818,NECAP1,NECAP endocytosis associated 1,0.0250089054891982,1.60190531468305,DOWN
-2,2,-2.01750877202431,-3.05780565481796,-0.977211889230665,0.000144070768000692,0.26320958894019,0.607923649183813,14.4481569633696,0.000144070768000692,FALSE,ENSG00000089847,ANKRD24,ankyrin repeat domain 24,0.00361000795648988,2.44249184090436,DOWN
2,2,1.15760017262252,0.356018986373343,1.9591813588717,0.00464790995113124,0.0132246476536213,0.908446336308595,8.01158264284945,0.00464790995113124,FALSE,ENSG00000090924,PLEKHG2,pleckstrin homology and RhoGEF domain containing G2,0.0447897545052875,1.3488213179369,UP
2,2,3.43278313317087,1.46747301279643,5.39809325354531,0.000618327396059875,1.97901638944337,0.15949406645413,11.7199763742275,0.000618327396059875,FALSE,ENSG00000090932,DLL3,delta like canonical Notch ligand 3,0.0105250754072175,1.97777478396535,UP
-2,2,-1.3762725257399,-1.80109200954542,-0.951453041934374,2.15839866564299e-10,0.047657615714609,0.827190510588154,40.317742677749,2.158398665643e-10,FALSE,ENSG00000091622,PITPNM3,PITPNM family member 3,8.74410467425289e-08,7.05828465215873,DOWN
-2,2,-1.29949965363601,-1.69745301725992,-0.90154629001211,1.55195518115301e-10,0.394364657220891,0.530014028736805,40.962283454552,1.55195518115302e-10,FALSE,ENSG00000091972,CD200,CD200 molecule,7.25068682809287e-08,7.13962085252934,DOWN
2,2,2.46619768563881,1.09479415243536,3.83760121884225,0.000424111316476748,1.68230784998627,0.194618075595075,12.422855273695,0.000424111316476748,FALSE,ENSG00000091986,CCDC80,coiled-coil domain containing 80,0.00796920113780427,2.09858521170705,UP
2,2,1.62973427674253,0.548484131169089,2.71098442231597,0.00313488942354021,0.192839032001594,0.660564145694883,8.7272501364407,0.00313488942354021,FALSE,ENSG00000095970,TREM2,triggering receptor expressed on myeloid cells 2,0.0335974997727055,1.47369304032798,UP
2,2,2.08963700094347,1.12956156836822,3.04971243351873,1.99072427714734e-05,0.171693334784798,0.678611251514438,18.1981469680949,1.99072427714733e-05,FALSE,ENSG00000099139,PCSK5,proprotein convertase subtilisin/kexin type 5,0.000819595751176757,3.0864003016682,UP
2,2,1.07389091636333,0.502764586192947,1.64501724653371,0.000228408821730297,0.128926277049248,0.719547919420745,13.5816381220878,0.000228408821730296,FALSE,ENSG00000099203,TMED1,transmembrane p24 trafficking protein 1,0.00514072121440988,2.28897594764558,UP
2,2,1.09613897187248,0.550767109210966,1.641510834534,8.17137427837195e-05,0.299884192134281,0.583955031001047,15.5182221394423,8.17137427837195e-05,FALSE,ENSG00000099331,MYO9B,myosin IXB,0.00233784403082913,2.63118446614669,UP
-2,2,-1.15379198046085,-1.74343981935243,-0.564144141569272,0.000125485246546011,1.05982046397228,0.303256136522937,14.708412180218,0.000125485246546011,FALSE,ENSG00000099364,FBXL19,F-box and leucine rich repeat protein 19,0.00326713258873522,2.48583324036765,DOWN
-2,2,-1.70945210130303,-2.50771937346133,-0.911184829144729,2.70269407567482e-05,1.01664905408179,0.313315183747527,17.6162476304929,2.70269407567482e-05,FALSE,ENSG00000099365,STX1B,syntaxin 1B,0.00104476662589445,2.9809807089838,DOWN
2,2,1.23994422870619,0.508242130278438,1.97164632713394,0.000895799330762684,0.105773911189415,0.745007751682843,11.0314317908517,0.000895799330762683,FALSE,ENSG00000100097,LGALS1,galectin 1,0.0138302677164092,1.85916941304803,UP
2,2,1.11972186730098,0.524438251510174,1.71500548309178,0.000227207253828497,0.907820412921796,0.340693389441311,13.5915392163147,0.000227207253828497,FALSE,ENSG00000100441,KHNYN,KH and NYN domain containing,0.00512506696386419,2.29030045576553,UP
2,2,1.69884834266243,0.756351309095269,2.64134537622958,0.000411137130678284,0.57175249814649,0.449563359529146,12.4808860975195,0.000411137130678284,FALSE,ENSG00000100504,PYGL,glycogen phosphorylase L,0.00779774692792071,2.10803086373524,UP
-2,2,-1.39731008355391,-2.02485004436543,-0.769770122742393,1.27618997079672e-05,0.810874397547946,0.367861861028082,19.045790187482,1.27618997079672e-05,FALSE,ENSG00000100744,GSKIP,GSK3B interacting protein,0.000590194156357498,3.22900509486021,DOWN
-2,2,-1.06999511885038,-1.72980732635707,-0.41018291134369,0.00148086594495459,0.617178743269526,0.432097618708653,10.1022725755843,0.00148086594495459,FALSE,ENSG00000101079,NDRG3,NDRG family member 3,0.0196568942208389,1.70648509938805,DOWN
2,2,1.66936808779521,0.886812860501098,2.45192331508933,2.90168006664041e-05,0.474320752249234,0.491006107231224,17.4811662363673,2.90168006664041e-05,FALSE,ENSG00000101104,PABPC1L,poly(A) binding protein cytoplasmic 1 like,0.00110898927226166,2.95507265495102,UP
2,2,2.13160193511493,0.943205603949912,3.31999826627995,0.000438849262355231,0.0243555243256722,0.875983705224534,12.359069912635,0.000438849262355231,FALSE,ENSG00000101198,NKAIN4,sodium/potassium transporting ATPase interacting 4,0.00817034067855473,2.08775983432049,UP
-2,2,-1.86163476692281,-3.10548566558265,-0.617783868262964,0.00335250045694065,0.961743334398969,0.326748036455688,8.60495286050404,0.00335250045694065,FALSE,ENSG00000101333,PLCB4,phospholipase C beta 4,0.0351200507775301,1.45444486485064,DOWN
2,2,1.26627166569014,0.656879876483814,1.87566345489647,4.64788255443248e-05,0.250956126680595,0.616402642515351,16.5865767872115,4.64788255443248e-05,FALSE,ENSG00000101346,POFUT1,protein O-fucosyltransferase 1,0.00155358925779842,2.80866379032935,UP
2,2,1.54200622686075,0.827587560534181,2.25642489318732,2.33276212999971e-05,0.274325856140613,0.600444602263871,17.8962834796914,2.33276212999971e-05,FALSE,ENSG00000101384,JAG1,jagged canonical Notch ligand 1,0.000937548208437977,3.02800639173858,UP
2,2,1.38025285416255,0.603379160215027,2.15712654811008,0.000497273126858305,1.01309729522362,0.314161964694149,12.1258630238627,0.000497273126858306,FALSE,ENSG00000101670,LIPG,"lipase G, endothelial type",0.00900578634683822,2.04547836044769,UP
-2,2,-1.01722041859327,-1.49287230486046,-0.541568532326073,2.77063531888975e-05,0.200154724434253,0.654595985896626,17.5690336102036,2.77063531888975e-05,FALSE,ENSG00000101745,ANKRD12,ankyrin repeat domain 12,0.00106291645870134,2.97350086807386,DOWN
-2,2,-1.94267940639163,-3.05042814974587,-0.834930663037387,0.00058770718347256,0.526063467363378,0.46826657772143,11.8145156736885,0.00058770718347256,FALSE,ENSG00000102003,SYP,synaptophysin,0.0102273167598112,1.99023829290177,DOWN
2,2,1.02945497788199,0.625384403616016,1.43352555214796,5.93189122075378e-07,0.00165655028615435,0.967534471165391,24.9342579627034,5.93189122075378e-07,FALSE,ENSG00000102317,RBM3,RNA binding motif protein 3,5.00651619031619e-05,4.30046437505366,UP
-2,2,-1.16798550369275,-1.90646334479698,-0.429507662588521,0.00193584164196752,1.17804970462254,0.277753394827291,9.60939732180998,0.00193584164196752,FALSE,ENSG00000102466,FGF14,fibroblast growth factor 14,0.024175344204497,1.61662733378893,DOWN
-2,2,-1.45903573538165,-2.34017431804178,-0.577897152721517,0.00117280917150725,1.26575488835555,0.260564573198547,10.5326973088913,0.00117280917150725,FALSE,ENSG00000102547,CAB39L,calcium binding protein 39 like,0.0168246618824722,1.77405365483368,DOWN
-2,2,-1.32786313217333,-2.12933159605227,-0.526394668294383,0.00116528311890768,0.617605810634377,0.431938375530974,10.5445956613601,0.00116528311890768,FALSE,ENSG00000102981,PARD6A,par-6 family cell polarity regulator alpha,0.0168246618824722,1.77405365483368,DOWN
-2,2,-1.02914955810914,-1.58189691982828,-0.476402196390005,0.000263038988924212,0.568290250676359,0.450939126181982,13.3167979105276,0.000263038988924212,FALSE,ENSG00000103021,CCDC113,coiled-coil domain containing 113 [Source:HGNC Symbol;Acc:HGNC:25002],0.00569243350389833,2.24470203388958,DOWN
-2,2,-1.17048408519772,-1.66470842214317,-0.676259748252281,3.45332549366076e-06,0.138370982984332,0.709905876231871,21.5466101215669,3.45332549366075e-06,FALSE,ENSG00000103034,NDRG4,NDRG family member 4,0.000205736944704683,3.68668771394123,DOWN
-2,2,-2.27697004200072,-3.47003100539083,-1.08390907861061,0.000183572035631588,0.0821778646800997,0.774367446888522,13.992185156437,0.000183572035631589,FALSE,ENSG00000103154,NECAB2,N-terminal EF-hand calcium binding protein 2,0.00433384050554016,2.36312707567388,DOWN
2,2,1.02483082612697,0.556351052795587,1.49331059945835,1.80652767028561e-05,0.0608622648182543,0.80513824997259,18.383104355581,1.80652767028561e-05,FALSE,ENSG00000103187,COTL1,coactosin like F-actin binding protein 1,0.000765544445382956,3.11602959030311,UP
2,2,1.01359317750594,0.382064840624753,1.64512151438713,0.00165683198167401,0.756924444450757,0.384292726948438,9.89550254461353,0.00165683198167401,FALSE,ENSG00000103202,NME4,NME/NM23 nucleoside diphosphate kinase 4,0.0215963890738667,1.66561885701524,UP
2,2,1.1207895793076,0.344498471431568,1.89708068718363,0.00465848679792286,1.10937277318733,0.292218334356312,8.00746645133112,0.00465848679792286,FALSE,ENSG00000103260,METRN,"meteorin, glial cell differentiation regulator",0.0448490059784817,1.34824717810137,UP
2,2,1.15062888098026,0.469096795102565,1.83216096685796,0.000936291039733268,0.544028098176179,0.460768129558151,10.9494955086544,0.000936291039733269,FALSE,ENSG00000103335,PIEZO1,piezo type mechanosensitive ion channel component 1 (Er blood group),0.0143460751140976,1.8432668995878,UP
-2,2,-1.04959175813545,-1.39263001097451,-0.706553505296385,2.01134453068901e-09,0.353998078238705,0.551858593784241,35.9626678670986,2.01134453068901e-09,FALSE,ENSG00000103657,HERC1,HECT and RLD domain containing E3 ubiquitin protein ligase family member 1,5.82025640194809e-07,6.23505788279025,DOWN
-2,2,-1.05666979880274,-1.48706588837039,-0.626273709235102,1.49481635562793e-06,0.635385099514028,0.425386876867588,23.1546455926886,1.49481635562793e-06,FALSE,ENSG00000104112,SCG3,secretogranin III,0.0001066161975338,3.97217681064557,DOWN
-2,2,-4.73475469425426,-7.76214293533422,-1.70736645317429,0.00217428821884507,4.54561027232078,0.033003255517993,9.39625748487449,0.00217428821884507,FALSE,ENSG00000104327,CALB1,calbindin 1,0.0260605811603111,1.58401590359266,DOWN
-2,2,-1.71986616904263,-2.67684442681295,-0.762887911272304,0.000427632160006056,0.0217383258050265,0.882785344770391,12.4074161166923,0.000427632160006057,FALSE,ENSG00000104369,JPH1,junctophilin 1,0.00801273632656583,2.09621914826128,DOWN
-2,2,-1.40444119615717,-2.25974262430073,-0.549139768013596,0.00128933113988534,1.43568909956487,0.230838213723744,10.3577376764987,0.00128933113988535,FALSE,ENSG00000104381,GDAP1,ganglioside induced differentiation associated protein 1,0.0180363892054679,1.74385040166646,DOWN
2,2,1.5287110329332,0.808211873378259,2.24921019248813,3.20299842087784e-05,0.735707651823908,0.391039349285738,17.2933855822923,3.20299842087783e-05,FALSE,ENSG00000104419,NDRG1,N-myc downstream regulated 1,0.00119704678991331,2.92188887365039,UP
-2,2,-1.97944275738034,-3.1745904449465,-0.784295069814183,0.00116974488790535,1.21655986624477,0.270036837701596,10.5375324541982,0.00116974488790535,FALSE,ENSG00000104490,NCALD,neurocalcin delta,0.0168246618824722,1.77405365483368,DOWN
-2,2,-1.53380087555171,-2.28027586539007,-0.787325885713355,5.64481049738742e-05,0.018320236476093,0.892333361301671,16.2182362188105,5.64481049738742e-05,FALSE,ENSG00000104723,TUSC3,tumor suppressor candidate 3,0.00178101684478317,2.7493319729782,DOWN
-2,2,-1.07358323884409,-1.65094570527157,-0.496220772416612,0.000267935637329312,0.623939933460098,0.429586939089961,13.2822157973195,0.000267935637329312,FALSE,ENSG00000105255,FSD1,fibronectin type III and SPRY domain containing 1,0.00577372794653462,2.23854368358352,DOWN
-2,2,-1.39416915384624,-2.05490584854989,-0.733432459142601,3.5407821291443e-05,0.326521359163015,0.567714653177385,17.1029201646576,3.54078212914429e-05,FALSE,ENSG00000105376,ICAM5,intercellular adhesion molecule 5,0.0012538825665725,2.9017431358161,DOWN
-2,2,-1.79549076003846,-2.96816907578678,-0.622812444290151,0.00269177773667521,3.83464803344711,0.0502035305103624,9.00543595307696,0.0026917777366752,FALSE,ENSG00000105613,MAST1,microtubule associated serine/threonine kinase 1,0.0301908360100183,1.5201248608255,DOWN
-2,2,-2.39497381035417,-3.86254322430994,-0.927404396398394,0.00138130939099425,1.68693120590692,0.194005998243553,10.2305837630263,0.00138130939099425,FALSE,ENSG00000105649,RAB3A,"RAB3A, member RAS oncogene family",0.0189308545493772,1.72282978129756,DOWN
-2,2,-1.34443773100686,-2.24897153401436,-0.439903927999355,0.00357793963912873,1.31378399846472,0.251710683043574,8.48648726389989,0.00357793963912872,FALSE,ENSG00000105662,CRTC1,CREB regulated transcription coactivator 1,0.0371284555994833,1.43029311537314,DOWN
-2,2,-1.97615852567129,-2.88082014506594,-1.07149690627664,1.85738451940865e-05,0.222050221577735,0.637482173166124,18.3302087793443,1.85738451940865e-05,FALSE,ENSG00000105711,SCN1B,sodium voltage-gated channel beta subunit 1,0.000777338446800445,3.10938985175887,DOWN
2,2,2.7076789262716,1.43176918346938,3.98358866907382,3.19156734674459e-05,1.09938585681584,0.294400922562492,17.3001793076659,3.19156734674459e-05,FALSE,ENSG00000105877,DNAH11,dynein axonemal heavy chain 11,0.00119704678991331,2.92188887365039,UP
-2,2,-1.11734486200992,-1.66280607349292,-0.571883650526919,5.94786460497697e-05,1.01230398813574,0.314351506810005,16.1191786688486,5.94786460497696e-05,FALSE,ENSG00000105926,PALS2,"protein associated with LIN7 2, MAGUK p55 family member",0.00185353762212944,2.73199859446453,DOWN
2,2,1.35674573126,0.647536859172159,2.06595460334784,0.000177193370972032,0.764219859398588,0.382011146256795,14.0586879025083,0.000177193370972033,FALSE,ENSG00000105939,ZC3HAV1,"zinc finger CCCH-type containing, antiviral 1",0.00424945149330635,2.37166712378584,UP
2,2,2.74396013526964,1.70932878351145,3.77859148702783,2.01392538182846e-07,0.715879966428337,0.397498689229467,27.0196991055882,2.01392538182845e-07,FALSE,ENSG00000106003,LFNG,LFNG O-fucosylpeptide 3-beta-N-acetylglucosaminyltransferase,2.08133023134272e-05,4.6816590075963,UP
2,2,2.47309520524237,1.0471219051085,3.89906850537624,0.000675817011764661,0.0875934171358503,0.767259215538918,11.5546039808843,0.000675817011764661,FALSE,ENSG00000106025,TSPAN12,tetraspanin 12,0.0112834981653518,1.94755623737532,UP
-2,2,-1.44238429093824,-2.4028890293984,-0.481879552478079,0.00324768885241912,1.25583957873303,0.262440073211806,8.66281672357073,0.00324768885241912,FALSE,ENSG00000106089,STX1A,syntaxin 1A,0.0344064777168419,1.4633597849913,DOWN
2,2,1.15847247192142,0.560331541321906,1.75661340252093,0.00014702833903904,0.203724512052317,0.651731175275758,14.4098869831276,0.00014702833903904,FALSE,ENSG00000106546,AHR,aryl hydrocarbon receptor,0.00365872977343341,2.43666966546298,UP
2,2,1.05227128104666,0.380176363486043,1.72436619860727,0.00215039331939968,0.000813423969409777,0.97724694744472,9.41651916948295,0.00215039331939968,FALSE,ENSG00000106638,TBL2,transducin beta like 2,0.0259275994510476,1.58623769123007,UP
-2,2,-1.0295815769201,-1.67561807829025,-0.383545075549942,0.00178668939194515,1.00822443439806,0.315328585630387,9.75671444817307,0.00178668939194515,FALSE,ENSG00000106686,SPATA6L,spermatogenesis associated 6 like,0.0227046300647685,1.64388556983166,DOWN
-2,2,-1.03880262822316,-1.72052579270521,-0.357079463741105,0.00282123821834591,0.618849329052646,0.43147520408559,8.91961602242881,0.00282123821834591,FALSE,ENSG00000106688,SLC1A1,solute carrier family 1 member 1,0.0311937780299208,1.50593202254386,DOWN
-2,2,-3.92238656737795,-6.65132345891024,-1.19344967584567,0.00484567651316993,4.54669350235582,0.0329823806154047,7.93615210713231,0.00484567651316993,FALSE,ENSG00000107242,PIP5K1B,phosphatidylinositol-4-phosphate 5-kinase type 1 beta,0.0462142100529678,1.33522446603037,DOWN
-2,2,-1.29140649031692,-1.66182539702815,-0.920987583605701,8.30977662879466e-12,0.0574620183278184,0.810553247871237,46.6912843493966,8.30977662879465e-12,FALSE,ENSG00000107560,RAB11FIP2,RAB11 family interacting protein 2,7.01345147470269e-09,8.15406820349947,DOWN
-2,2,-1.04026891529828,-1.67873096819688,-0.401806862399682,0.00140589045851322,0.0409185352966921,0.839695251230435,10.1980525314275,0.00140589045851322,FALSE,ENSG00000107745,MICU1,mitochondrial calcium uptake 1,0.0191099279234744,1.71874095096154,DOWN
-2,2,-2.0529645955995,-3.43730168326071,-0.668627507938293,0.00365361117409104,2.6796517301774,0.101637954030288,8.44841800140389,0.00365361117409105,FALSE,ENSG00000107758,PPP3CB,protein phosphatase 3 catalytic subunit beta,0.0376437171629645,1.42430749832511,DOWN
-2,2,-1.71405818625178,-2.37394658431551,-1.05416978818805,3.56178666362786e-07,0.906705157949274,0.34099015132111,25.9182883742051,3.56178666362785e-07,FALSE,ENSG00000107954,NEURL1,neuralized E3 ubiquitin protein ligase 1,3.24988966929936e-05,4.48813138266045,DOWN
-2,2,-1.30243827530904,-1.97229370899783,-0.632582841620248,0.000138478466573517,1.18543773658889,0.276251754278957,14.5227316942133,0.000138478466573517,FALSE,ENSG00000108061,SHOC2,SHOC2 leucine rich repeat scaffold protein,0.00352389424486577,2.45297713361992,DOWN
-2,2,-2.00388799037076,-2.80711976259598,-1.20065621814554,1.00998779577028e-06,0.383694109380635,0.53563281223051,23.9089943430947,1.00998779577029e-06,FALSE,ENSG00000108309,RUNDC3A,RUN domain containing 3A,7.80851633248965e-05,4.10743147698365,DOWN
-2,2,-1.54289702995893,-2.10953429607893,-0.976259763838925,9.4607871495662e-08,0.00799945200100992,0.928732509094909,28.4812995337964,9.46078714956619e-08,FALSE,ENSG00000108352,RAPGEFL1,Rap guanine nucleotide exchange factor like 1,1.18610740452361e-05,4.92587598291108,DOWN
-2,2,-1.18215360095394,-1.87954333173055,-0.484763870177337,0.000892600306716181,1.42225814974851,0.233032080054135,11.038063927382,0.000892600306716181,FALSE,ENSG00000108395,TRIM37,tripartite motif containing 37,0.0138103353417985,1.85979577577876,DOWN
2,2,1.10969431191359,0.631701300276805,1.58768732355038,5.35965035540842e-06,1.14148460943422,0.285338840533324,20.7042645163123,5.35965035540841e-06,FALSE,ENSG00000108406,DHX40,DEAH-box helicase 40,0.000296625895079653,3.5277909382729,UP
-2,2,-1.37221958609099,-1.89745182328088,-0.846987348901087,3.04574978883671e-07,0.178661074760723,0.672526425562527,26.2204814554793,3.04574978883671e-07,FALSE,ENSG00000108797,CNTNAP1,contactin associated protein 1,2.83003246434295e-05,4.54820858249545,DOWN
-2,2,-2.2658936900794,-3.69084112222076,-0.840946257938036,0.0018291528352776,1.81779850248448,0.177575550640231,9.71354051600363,0.0018291528352776,FALSE,ENSG00000108924,HLF,"HLF transcription factor, PAR bZIP family member",0.0230705602935137,1.63694185803953,DOWN
-2,2,-1.30330831607284,-2.16242500876316,-0.444191623382522,0.00294587626282599,0.132410709147779,0.71594551161954,8.84069076545326,0.002945876262826,FALSE,ENSG00000108960,MMD,monocyte to macrophage differentiation associated,0.0321640348084011,1.49262947655569,DOWN
2,2,1.42389662251136,0.497236782502242,2.35055646252047,0.00259821842664638,0.151937091494356,0.696691035069467,9.07010716210734,0.00259821842664638,FALSE,ENSG00000109099,PMP22,peripheral myelin protein 22,0.0295671418259264,1.52919065549494,UP
-2,2,-1.39470542396264,-2.18828244520981,-0.601128402715469,0.000571859742612114,0.72519342169327,0.394445638353658,11.8654166767858,0.000571859742612115,FALSE,ENSG00000109738,GLRB,glycine receptor beta,0.0100377737836664,1.9983625960232,DOWN
-2,2,-1.38209056458157,-2.3276440628489,-0.436537066314245,0.00417236369263218,0.446252302428413,0.504120070176353,8.20723700102277,0.00417236369263217,FALSE,ENSG00000110013,SIAE,sialic acid acetylesterase,0.0415513269213163,1.38141510267641,DOWN
-2,2,-1.58188408073208,-2.25547934679678,-0.90828881466738,4.16814199730752e-06,0.0418744171786348,0.83785934321312,21.1859254860648,4.16814199730751e-06,FALSE,ENSG00000110427,KIAA1549L,KIAA1549 like,0.000238502498015427,3.62250706790842,DOWN
2,2,1.39632435877038,0.561840614271194,2.23080810326957,0.00103966474444053,1.41302479005902,0.234554909223522,10.7555605204599,0.00103966474444053,FALSE,ENSG00000110446,SLC15A3,solute carrier family 15 member 3,0.0155076944502116,1.80945276453189,UP
2,2,1.24120213178756,0.699365729711798,1.78303853386333,7.13058932545774e-06,0.320448058669291,0.571338502466881,20.1578797489764,7.13058932545775e-06,FALSE,ENSG00000110693,SOX6,SRY-box transcription factor 6,0.000368963841417036,3.43301619276371,UP
2,2,1.44817882040616,0.560283013301054,2.33607462751126,0.00138986733916853,0.104075390667883,0.746992757654526,10.2191919112188,0.00138986733916853,FALSE,ENSG00000110719,TCIRG1,"T cell immune regulator 1, ATPase H+ transporting V0 subunit a3",0.0189967292997285,1.72132116585524,UP
-2,2,-1.84987076810416,-2.78065301873089,-0.919088517477435,9.80755313362437e-05,1.03891970798318,0.308072852395662,15.1733954080343,9.80755313362436e-05,FALSE,ENSG00000111110,PPM1H,"protein phosphatase, Mg2+/Mn2+ dependent 1H",0.00270656398194408,2.56758170192714,DOWN
2,2,1.61885226721636,0.656672982757472,2.58103155167525,0.000975114315952653,0.0440378523350416,0.833783204220562,10.8742324647924,0.000975114315952654,FALSE,ENSG00000111145,ELK3,ETS transcription factor ELK3,0.0148065334212421,1.82954660874762,UP
-2,2,-1.74244720003198,-2.72816800050776,-0.756726399556195,0.000531009711454687,0.106167109057322,0.744550750099838,12.0034916237443,0.000531009711454687,FALSE,ENSG00000111218,PRMT8,protein arginine methyltransferase 8,0.00945178621724617,2.0244861099047,DOWN
2,2,1.12027936010659,0.613907787697918,1.62665093251527,1.44994668866791e-05,0.0419605549573446,0.837694980268906,18.8022671216793,1.44994668866791e-05,FALSE,ENSG00000111328,CDK2AP1,cyclin dependent kinase 2 associated protein 1,0.000641634594456037,3.19271222861365,UP
2,2,1.85880411503598,0.764174683514244,2.95343354655771,0.000873966376549898,0.00271919254917425,0.958412457641027,11.077179433803,0.000873966376549897,FALSE,ENSG00000111665,CDCA3,cell division cycle associated 3,0.0135968225218085,1.86656257122359,UP
2,2,1.13059564318924,0.376240630241617,1.88495065613687,0.00330857595006223,0.5808726517287,0.445970472473137,8.628975495747,0.00330857595006223,FALSE,ENSG00000111783,RFX4,regulatory factor X4,0.0348329077154161,1.45801027081734,UP
-2,2,-1.13768302627289,-1.87643725409948,-0.398928798446292,0.00254156396727629,1.51607628643941,0.218214235065801,9.11042800974088,0.00254156396727629,FALSE,ENSG00000111880,RNGTT,RNA guanylyltransferase and 5'-phosphatase,0.0291187328739527,1.53582752763591,DOWN
-2,2,-1.20962466326881,-1.90446507274657,-0.514784253791056,0.000644795006029215,0.292244542384654,0.588785752140639,11.6419924488353,0.000644795006029214,FALSE,ENSG00000112183,RBM24,RNA binding motif protein 24,0.0109023102188045,1.96248146453927,DOWN
2,2,1.53592933208808,0.476692032700496,2.59516663147567,0.00448296637114817,0.21478157038732,0.643045195756796,8.07703788544462,0.00448296637114818,FALSE,ENSG00000112578,BYSL,bystin like,0.0436992140586994,1.35952637385428,UP
2,2,3.984231941874,2.62609481479643,5.34236906895157,8.93746632050646e-09,1.29188388052077,0.255701065550245,33.0596433998372,8.93746632050646e-09,FALSE,ENSG00000112715,VEGFA,vascular endothelial growth factor A,1.91978081158054e-06,5.71674835346056,UP
2,2,1.56753768284461,0.966157969952764,2.16891739573645,3.24243477434959e-07,0.453233921927641,0.500803203790407,26.0996458846913,3.24243477434958e-07,FALSE,ENSG00000112902,SEMA5A,semaphorin 5A,2.98539812678297e-05,4.52499774402026,UP
2,2,3.15940710979236,1.53061359995089,4.78820061963383,0.000143656861266636,1.74168540786022,0.186925416053665,14.4535757865324,0.000143656861266636,FALSE,ENSG00000113083,LOX,lysyl oxidase,0.00361000795648988,2.44249184090436,UP
2,2,1.20482913433685,0.449276798236843,1.96038147043686,0.00177548697326768,0.0175390979657722,0.894640027215531,9.76827771404246,0.00177548697326768,FALSE,ENSG00000113212,PCDHB7,protocadherin beta 7,0.022619034044346,1.64552594574866,UP
2,2,1.36132283081814,0.688512946523257,2.03413271511303,7.31892692076943e-05,0.890811072645232,0.345257609547201,15.7265591300541,7.31892692076944e-05,FALSE,ENSG00000113369,ARRDC3,arrestin domain containing 3,0.00216111054966626,2.66532301660495,UP
-2,2,-1.06715737979179,-1.5753713111547,-0.558943448428873,3.86223688263051e-05,0.54595483480149,0.459975273365758,16.9379167606275,3.86223688263051e-05,FALSE,ENSG00000113448,PDE4D,phosphodiesterase 4D,0.00133961421737266,2.87302025192515,DOWN
2,2,1.08986757470418,0.37308156043115,1.8066535889772,0.00288144858106684,0.438303328644969,0.507942505164792,8.88105582283225,0.00288144858106684,FALSE,ENSG00000113657,DPYSL3,dihydropyrimidinase like 3,0.0317209904663532,1.4986532605929,UP
2,2,3.04161212648637,1.53700548573779,4.54621876723496,7.42834281537524e-05,1.10212632494695,0.293799938015849,15.698490533848,7.42834281537525e-05,FALSE,ENSG00000113739,STC2,stanniocalcin 2,0.00218070307345277,2.6614034643341,UP
2,2,1.48376721960935,0.731397703545459,2.23613673567325,0.000110954898881521,0.00364287842567357,0.95187189256542,14.9405073202385,0.000110954898881522,FALSE,ENSG00000114268,PFKFB4,"6-phosphofructo-2-kinase/fructose-2,6-biphosphatase 4",0.00296710119776359,2.527667641118,UP
-2,2,-1.57361601327824,-2.16945653972827,-0.977775486828216,2.26367289513219e-07,0.69775806523761,0.403538043743305,26.7937584237083,2.26367289513218e-07,FALSE,ENSG00000114279,FGF12,fibroblast growth factor 12,2.26994842395038e-05,4.64398401040521,DOWN
-2,2,-1.72949203406053,-2.30431671806987,-1.1546673500512,3.70166206877458e-09,0.0230336166744529,0.87936968593893,34.7746282188939,3.70166206877458e-09,FALSE,ENSG00000114861,FOXP1,forkhead box P1,9.14400815428023e-07,6.03886339532523,DOWN
-2,2,-1.10260188486314,-1.57493407320162,-0.630269696524658,4.75545169256812e-06,1.00924688192066,0.315083330404963,20.9333414624337,4.75545169256812e-06,FALSE,ENSG00000115310,RTN4,reticulon 4,0.000267573415235166,3.5725570381023,DOWN
2,2,2.29967226238731,0.881595477671306,3.71774904710332,0.00148068839546921,1.50883685429899,0.219316657902775,10.1024935417989,0.00148068839546921,FALSE,ENSG00000115461,IGFBP5,insulin like growth factor binding protein 5,0.0196568942208389,1.70648509938805,UP
2,2,1.2918823190685,0.516372115769339,2.06739252236766,0.0010946307796568,0.00801203521974712,0.92867662829917,10.6602418730907,0.0010946307796568,FALSE,ENSG00000116157,GPX7,glutathione peroxidase 7,0.0160672761396581,1.79405774226483,UP
2,2,1.14561149736469,0.401009853749798,1.89021314097958,0.00256543419964073,0.895525574972524,0.343984308985441,9.09332949836604,0.00256543419964073,FALSE,ENSG00000116212,LRRC42,leucine rich repeat containing 42,0.0292598170877943,1.53372839311193,UP
-2,2,-1.11529711626244,-1.73757487880221,-0.493019353722675,0.000443398090679277,0.221533008371776,0.637874317331859,12.3398186614126,0.000443398090679277,FALSE,ENSG00000116329,OPRD1,opioid receptor delta 1,0.00822479095677604,2.08487513136855,DOWN
-2,2,-1.60417230268083,-2.27575212119453,-0.932592484167119,2.84537258767904e-06,0.0594195877483767,0.807415668424156,21.9181015992903,2.84537258767904e-06,FALSE,ENSG00000116396,KCNC4,potassium voltage-gated channel subfamily C member 4,0.000177888478814897,3.74985217866787,DOWN
-2,2,-1.90142431557394,-3.23331164234358,-0.569536988804302,0.00514078698168138,0.161399796533787,0.68787101468632,7.8292344030898,0.00514078698168138,FALSE,ENSG00000117009,KMO,kynurenine 3-monooxygenase,0.0484121315596794,1.31504579518958,DOWN
2,2,1.45122643981681,0.60336456782108,2.29908831181253,0.000794411616250413,0.0246008479812119,0.875365765817512,11.2542442162452,0.000794411616250414,FALSE,ENSG00000118257,NRP2,neuropilin 2,0.0127695945066739,1.89382289336384,UP
-2,2,-1.3700967930933,-2.25666663677205,-0.483526949414544,0.00245437692705278,0.219960173227492,0.639070266046616,9.17429650267976,0.00245437692705278,FALSE,ENSG00000118276,B4GALT6,"beta-1,4-galactosyltransferase 6",0.0284741460678013,1.54554929143157,DOWN
2,2,1.13553952710441,0.375813739032106,1.89526531517672,0.003395079856298,0.0345783766970268,0.852481917352566,8.58196932447194,0.003395079856298,FALSE,ENSG00000118894,EEF2KMT,eukaryotic elongation factor 2 lysine methyltransferase,0.0354854167023593,1.44995009052041,UP
2,2,1.75713793569722,1.10620936549503,2.40806650589942,1.21788426352683e-07,0.636719926541761,0.424901061088955,27.9924702016948,1.21788426352684e-07,FALSE,ENSG00000119403,PHF19,PHD finger protein 19,1.40167407056815e-05,4.85335296055596,UP
2,2,1.59122678967914,0.768369503750022,2.41408407560826,0.000150560274846304,0.318539308285446,0.572486792240748,14.3651877995504,0.000150560274846304,FALSE,ENSG00000119408,NEK6,NIMA related kinase 6,0.00371920600888627,2.42954976516224,UP
-2,2,-1.22064745192653,-1.93847025777047,-0.502824646082602,0.000859486616023178,0.979163847522235,0.322405325951791,11.1081612515883,0.000859486616023179,FALSE,ENSG00000119782,FKBP1B,FKBP prolyl isomerase 1B,0.0134648870811598,1.87079728430482,DOWN
-2,2,-1.40129860469538,-1.9571659735794,-0.845431235811357,7.77558158203485e-07,0.56346663028774,0.452866846990686,24.4126654963219,7.77558158203486e-07,FALSE,ENSG00000119801,YPEL5,yippee like 5,6.30008722102791e-05,4.20065343795135,DOWN
-2,2,-1.12028933707389,-1.64286577802808,-0.597712896119701,2.6487926148113e-05,0.75063338884232,0.386275770189665,17.6545614246173,2.64879261481131e-05,FALSE,ENSG00000119865,CNRIP1,cannabinoid receptor interacting protein 1,0.00103180660010803,2.98640169842304,DOWN
-2,2,-1.75694741224285,-2.80149023321979,-0.71240459126592,0.000978248230108686,0.20460268404886,0.651031063759987,10.8682898009857,0.000978248230108686,FALSE,ENSG00000119866,BCL11A,BCL11 transcription factor A,0.0148097131159055,1.8294533542665,DOWN
-2,2,-1.98116548877232,-3.08476371671673,-0.87756726082791,0.000433989902481845,0.693365251880751,0.405022087083817,12.3798590861957,0.000433989902481845,FALSE,ENSG00000119986,AVPI1,arginine vasopressin induced 1,0.00810968585301869,2.09099596883976,DOWN
-2,2,-1.7031217972551,-2.85410536099547,-0.552138233514728,0.00372950624743276,0.533589952290327,0.4651014671089,8.411033308471,0.00372950624743276,FALSE,ENSG00000120049,KCNIP2,potassium voltage-gated channel interacting protein 2,0.038038710245719,1.41977421683092,DOWN
-2,2,-1.232775177166,-1.96399671143321,-0.50155364289879,0.00095204765716435,0.203464196803116,0.65193905727419,10.9185759253316,0.000952047657164351,FALSE,ENSG00000120251,GRIA2,glutamate ionotropic receptor AMPA type subunit 2,0.0145215943851815,1.83798569805242,DOWN
2,2,2.71549035125725,1.45002265358051,3.98095804893398,2.60197282607862e-05,1.09134529207448,0.296173327783296,17.6884827476434,2.60197282607862e-05,FALSE,ENSG00000120875,DUSP4,dual specificity phosphatase 4,0.00101748188349514,2.99247331474956,UP
-2,2,-1.17738334494168,-1.94552523664326,-0.409241453240102,0.00266306335970507,0.034445678542831,0.8527620061403,9.02503836890657,0.00266306335970508,FALSE,ENSG00000120899,PTK2B,protein tyrosine kinase 2 beta,0.0299350784762408,1.52381959899304,DOWN
2,2,1.80509044405587,1.18524436199578,2.42493652611596,1.14494822761335e-08,0.624732585406216,0.429294045103767,32.5781482573431,1.14494822761335e-08,FALSE,ENSG00000121005,CRISPLD1,cysteine rich secretory protein LCCL domain containing 1,2.23000685562847e-06,5.65169380181415,UP
2,2,1.03143133020448,0.422926267852186,1.63993639255677,0.000893144712566947,0.0442300154391765,0.833426251698868,11.0369335838677,0.000893144712566949,FALSE,ENSG00000121060,TRIM25,tripartite motif containing 25,0.0138103353417985,1.85979577577876,UP
2,2,1.90977858291992,1.07602691627999,2.74353024955986,7.14029550925544e-06,0.0538163920799418,0.816550749315478,20.1552778388364,7.14029550925542e-06,FALSE,ENSG00000121068,TBX2,T-box transcription factor 2,0.000368963841417036,3.43301619276371,UP
-2,2,-1.9061323009912,-3.14858717216643,-0.663677429815964,0.00263917409841308,0.0135694005357029,0.907265978318984,9.04151105413068,0.00263917409841307,FALSE,ENSG00000121769,FABP3,fatty acid binding protein 3,0.0297988353051591,1.52580071009916,DOWN
-2,2,-1.20736021859847,-1.90584931426929,-0.508871122927656,0.000704404749614887,0.278937265253351,0.597398618115942,11.477588367665,0.000704404749614887,FALSE,ENSG00000121871,SLITRK3,SLIT and NTRK like family member 3,0.011619236651628,1.93482240282997,DOWN
-2,2,-1.05296539440721,-1.77308645048503,-0.332844338329399,0.00415863305801958,0.590635381195212,0.442173525884129,8.21321817178749,0.00415863305801959,FALSE,ENSG00000121964,GTDC1,glycosyltransferase like domain containing 1,0.0414553500114393,1.38241941371415,DOWN
2,2,1.26815295703614,0.534886307090537,2.00141960698174,0.000699760547050092,1.60506115794792,0.205187443032361,11.4898826545332,0.000699760547050093,FALSE,ENSG00000122642,FKBP9,FKBP prolyl isomerase 9,0.011580351013927,1.9362782764375,UP
2,2,1.16579446149402,0.58863520242292,1.74295372056512,7.52960983532704e-05,0.0255473599623861,0.873010725389452,15.6728805284503,7.52960983532705e-05,FALSE,ENSG00000122643,NT5C3A,"5'-nucleotidase, cytosolic IIIA",0.00220404301769342,2.65677993333906,UP
2,2,1.4691184134328,0.7738432861335,2.1643935407321,3.45177715585826e-05,0.116223119316368,0.733167481549728,17.1512745770968,3.45177715585826e-05,FALSE,ENSG00000122786,CALD1,caldesmon 1,0.00123970209342314,2.9066826654236,UP
-2,2,-1.48993358449127,-2.02339127902374,-0.956475889958793,4.39669039000274e-08,0.130341248722759,0.718078482662403,29.9660868524419,4.39669039000274e-08,FALSE,ENSG00000122873,CISD1,CDGSH iron sulfur domain 1,6.57733182754992e-06,5.18195024735488,DOWN
-2,2,-2.17507193793707,-3.1366401956354,-1.21350368023874,9.27379750806519e-06,1.72631210169872,0.188882562282013,19.6554592615968,9.27379750806519e-06,FALSE,ENSG00000122912,SLC25A16,solute carrier family 25 member 16,0.000464975352285566,3.3325700678629,DOWN
2,2,2.18977041449022,1.30370346083935,3.07583736814109,1.27422568854281e-06,0.317523548118559,0.573099716413088,23.4617428504542,1.27422568854281e-06,FALSE,ENSG00000123080,CDKN2C,cyclin dependent kinase inhibitor 2C,9.48923365703057e-05,4.02276885943378,UP
2,2,2.27176611658043,0.994976851707165,3.5485553814537,0.000487877170307243,0.0811063683765243,0.7758036561576,12.1614391881661,0.000487877170307243,FALSE,ENSG00000123342,MMP19,matrix metallopeptidase 19,0.00886542164441983,2.05230060428301,UP
2,2,1.85051506791822,0.669706402519425,3.03132373331702,0.00212932355595616,1.05056585513611,0.305376801343493,9.43457563153571,0.00212932355595616,FALSE,ENSG00000123374,CDK2,cyclin dependent kinase 2,0.0257348317120812,1.58947866738869,UP
2,2,2.11589449931001,1.09292955586474,3.13885944275529,5.03540301531524e-05,0.454971662396923,0.499983397966713,16.4347347571625,5.03540301531524e-05,FALSE,ENSG00000123427,EEF1AKMT3,EEF1A lysine methyltransferase 3,0.00163456928651002,2.78659666571609,UP
2,2,2.2555364733834,1.11144344050017,3.39962950626664,0.000111547307828834,1.21669907349215,0.270009434266034,14.9304607039484,0.000111547307828834,FALSE,ENSG00000123610,TNFAIP6,TNF alpha induced protein 6,0.00297302929918533,2.52680081080454,UP
2,2,1.20718979894522,0.466777395039778,1.94760220285066,0.00139549136818727,0.0316753495326814,0.858742060211195,10.2117441283028,0.00139549136818727,FALSE,ENSG00000123989,CHPF,chondroitin polymerizing factor,0.0190418424999461,1.72029103132734,UP
2,2,1.23321878501652,0.696026788093271,1.77041078193976,6.81319633593536e-06,0.0130614099596328,0.909010663434792,20.2449811703832,6.81319633593536e-06,FALSE,ENSG00000124126,PREX1,"phosphatidylinositol-3,4,5-trisphosphate dependent Rac exchange factor 1",0.000358789933641103,3.44515975020278,UP
-2,2,-2.0381862654796,-3.18379884750526,-0.892573683453947,0.000488438514769576,1.21034927405564,0.271262960092609,12.1592944079803,0.000488438514769576,FALSE,ENSG00000124191,TOX2,TOX high mobility group box family member 2,0.00886542164441983,2.05230060428301,DOWN
2,2,4.01966600556747,2.64266182511459,5.39667018602036,1.05645822899239e-08,0.00213969468986128,0.963105543949892,32.7344917750108,1.05645822899239e-08,FALSE,ENSG00000124635,H2BC11,H2B clustered histone 11,2.13996178864698e-06,5.66959398138348,UP
2,2,1.09699450856447,0.464440645915629,1.72954837121332,0.000676252309080625,0.0708578914235573,0.790091762592666,11.553406792236,0.000676252309080626,FALSE,ENSG00000124782,RREB1,ras responsive element binding protein 1,0.0112834981653518,1.94755623737532,UP
2,2,2.02477023032998,1.13649046044141,2.91305000021856,7.91028577296029e-06,0.0100825450806752,0.920017340790044,19.9594299283124,7.91028577296029e-06,FALSE,ENSG00000125148,MT2A,metallothionein 2A,0.000406677026946913,3.39075036005665,UP
2,2,1.49963342091524,0.507667533962171,2.4915993078683,0.00304624071549657,0.328253210166215,0.566689476026618,8.77956358585607,0.00304624071549657,FALSE,ENSG00000125398,SOX9,SRY-box transcription factor 9,0.0328916055080483,1.48291492717808,UP
2,2,1.77128736099479,1.06773999512803,2.47483472686155,8.03534451593188e-07,0.035464255841649,0.850626154745532,24.349359783608,8.03534451593188e-07,FALSE,ENSG00000125458,NT5C,"5', 3'-nucleotidase, cytosolic",6.40802907538253e-05,4.19327552637926,UP
-2,2,-1.20055049319393,-1.8294651787756,-0.57163580761226,0.000182981405815027,0.942589243218892,0.331612842963069,13.9982443826531,0.000182981405815027,FALSE,ENSG00000125648,SLC25A23,solute carrier family 25 member 23,0.00432998990209017,2.36351311645764,DOWN
2,2,1.02413354551088,0.334356586400427,1.71391050462134,0.0036140543060502,0.1389353027906,0.709341767789309,8.46821739611771,0.00361405430605021,FALSE,ENSG00000125844,RRBP1,ribosome binding protein 1,0.0373354038001241,1.42787914720924,UP
2,2,1.23291771953878,0.381552064793109,2.08428337428445,0.00453473242902921,1.30109951385976,0.2540124824021,8.05623485684302,0.00453473242902921,FALSE,ENSG00000125885,MCM8,minichromosome maintenance 8 homologous recombination repair factor,0.0440342953415224,1.35620894905932,UP
-2,2,-1.25334342252278,-2.03612884427607,-0.470558000769493,0.00170010512729397,0.00206366594991689,0.963766489896359,9.84806477691665,0.00170010512729397,FALSE,ENSG00000126368,NR1D1,nuclear receptor subfamily 1 group D member 1,0.0219346047506157,1.65887018693367,DOWN
2,2,1.14018623468688,0.506308282967249,1.77406418640651,0.000422716309949989,0.172974268673894,0.677481896249129,12.4290082785162,0.000422716309949989,FALSE,ENSG00000126391,FRMD8,FERM domain containing 8,0.00795775239251578,2.09920957816237,UP
-2,2,-1.73418544449432,-2.35577296716483,-1.11259792182382,4.54727252383359e-08,0.742832696896773,0.388754972583264,29.9007911291757,4.54727252383359e-08,FALSE,ENSG00000126733,DACH2,dachshund family transcription factor 2,6.67460523498357e-06,5.17557441525749,DOWN
2,2,1.71290660483538,0.704582801129506,2.72123040854125,0.000869955113168386,4.31931338353141e-05,0.994756222055472,11.0857099251287,0.000869955113168384,FALSE,ENSG00000127241,MASP1,MBL associated serine protease 1,0.0135848057669228,1.86694656666506,UP
-2,2,-2.02712178480072,-2.85688195564191,-1.19736161395953,1.68255565105905e-06,0.538320064483624,0.463129781232269,22.9271828607982,1.68255565105905e-06,FALSE,ENSG00000127824,TUBA4A,tubulin alpha 4a,0.000115924650570926,3.9358242045143,DOWN
2,2,1.38792592621069,0.462877867908151,2.31297398451323,0.00327476088177528,0.844589278233549,0.358087524978247,8.64769108071559,0.00327476088177528,FALSE,ENSG00000127863,TNFRSF19,TNF receptor superfamily member 19,0.0346208540820669,1.46066222246428,UP
-2,2,-1.6123768532332,-2.59408793434068,-0.630665772125726,0.00128605317146599,0.0100036044514607,0.920330018786015,10.362437057687,0.00128605317146599,FALSE,ENSG00000128045,RASL11B,RAS like family 11 member B,0.0180154170409509,1.74435567989238,DOWN
2,2,1.20011232382539,0.433191480727154,1.96703316692363,0.00216189897261594,0.674856151890656,0.411363637362502,9.40673459742589,0.00216189897261594,FALSE,ENSG00000128228,SDF2L1,stromal cell derived factor 2 like 1,0.0260044094948387,1.58495300368668,UP
-2,2,-1.45694156287123,-1.98943944835476,-0.924443677387705,8.20497366234225e-08,0.715822591567703,0.397517602872007,28.75707251368,8.20497366234225e-08,FALSE,ENSG00000128245,YWHAH,tyrosine 3-monooxygenase/tryptophan 5-monooxygenase activation protein eta,1.06538427246413e-05,4.97249371869485,DOWN
2,2,3.2568538213319,1.59849206229386,4.91521558036994,0.000118518775770676,0.0211095746640179,0.884480848634994,14.8161090421842,0.000118518775770676,FALSE,ENSG00000128262,,,0.0031097361684078,2.50727645517414,UP
2,2,1.74203947444835,0.569181433230512,2.91489751566619,0.00360131617149973,1.0217453491287,0.312105364903111,8.47464014946897,0.00360131617149973,FALSE,ENSG00000128602,SMO,"smoothened, frizzled class receptor",0.0372946116410524,1.42835391091522,UP
-2,2,-1.02669637051204,-1.66802341758863,-0.385369323435452,0.0017028265316872,0.425673603442477,0.514119517263326,9.84512247920562,0.0017028265316872,FALSE,ENSG00000128654,MTX2,metaxin 2,0.0219417647747175,1.6587284450795,DOWN
2,2,1.03590579685372,0.357438104188254,1.71437348951919,0.00276671292743135,0.173883331609823,0.676683379111052,8.95526340211582,0.00276671292743135,FALSE,ENSG00000128791,TWSG1,twisted gastrulation BMP signaling modulator 1,0.0307588018979416,1.51203058497095,UP
-2,2,-1.27332190005207,-1.73859329007765,-0.808050510026492,8.14480229925542e-08,0.291468859309381,0.589280784725688,28.7713276585387,8.14480229925541e-08,FALSE,ENSG00000128872,TMOD2,tropomodulin 2,1.06538427246413e-05,4.97249371869485,DOWN
-2,2,-1.13634395482852,-1.83025714050414,-0.442430769152903,0.00132913495624388,1.40024015665849,0.23668336473257,10.3016197161628,0.00132913495624388,FALSE,ENSG00000128881,TTBK2,tau tubulin kinase 2,0.0184151557275486,1.73482460418734,DOWN
2,2,1.00440702776896,0.447358263703762,1.56145579183416,0.000409345355002201,0.00279887048216568,0.957808116697069,12.4890452065422,0.000409345355002201,FALSE,ENSG00000129235,TXNDC17,thioredoxin domain containing 17,0.00779774692792071,2.10803086373524,UP
-2,2,-2.00415427098026,-2.38631087718362,-1.6219976647769,8.79122121516972e-25,0.0248593690619877,0.874717990418261,105.651516743274,8.79122121516972e-25,FALSE,ENSG00000129295,DNAAF11,dynein axonemal assembly factor 11,8.90374884672389e-21,20.0504270989002,DOWN
-2,2,-1.35112960943214,-1.96186424182991,-0.740394977034371,1.45077332277283e-05,0.600383074012397,0.438431903311522,18.8011800842829,1.45077332277283e-05,FALSE,ENSG00000129355,CDKN2D,cyclin dependent kinase inhibitor 2D,0.000641634594456037,3.19271222861365,DOWN
2,2,1.11713520173329,0.43081901994251,1.80345138352408,0.00142132164699438,0.842441834164951,0.358699337641073,10.177923412997,0.00142132164699438,FALSE,ENSG00000129566,TEP1,telomerase associated protein 1,0.0192448471133143,1.71568553471788,UP
-2,2,-1.05977411575924,-1.45049742901264,-0.669050802505843,1.0602251329931e-07,0.00856145666201225,0.92627843475711,28.2607802419618,1.0602251329931e-07,FALSE,ENSG00000129625,REEP5,receptor accessory protein 5,1.29373013818724e-05,4.88815630459371,DOWN
-2,2,-2.18723719152383,-2.99652931110197,-1.3779450719457,1.17652421587764e-07,0.928639252750984,0.335216764193055,28.0593316959218,1.17652421587764e-07,FALSE,ENSG00000129990,SYT5,synaptotagmin 5,1.40167407056815e-05,4.85335296055596,DOWN
-2,2,-1.91381502039307,-2.96625586690277,-0.861374173883373,0.000365101342316871,0.0911780229970611,0.762684851425647,12.7028365251813,0.000365101342316872,FALSE,ENSG00000129993,CBFA2T3,CBFA2/RUNX1 partner transcriptional co-repressor 3,0.0072500296910649,2.13966021485808,DOWN
2,2,1.14653239119949,0.383531286603703,1.90953349579527,0.00322785150284104,0.00414900651321711,0.948641552424357,8.67398178969221,0.00322785150284104,FALSE,ENSG00000130203,APOE,apolipoprotein E,0.0342816213041555,1.46493864687726,UP
2,2,1.80445933043602,0.536204423657294,3.07271423721476,0.00529338676205101,1.55751269552824,0.212029781395386,7.77637644302183,0.00529338676205101,FALSE,ENSG00000130222,GADD45G,growth arrest and DNA damage inducible gamma,0.0494570305590892,1.30577196259089,UP
-2,2,-1.94274713059236,-2.86546930037592,-1.02002496080881,3.68150166819896e-05,0.879640052871637,0.348300284965502,17.0289089649149,3.68150166819896e-05,FALSE,ENSG00000130368,MAS1,"MAS1 proto-oncogene, G protein-coupled receptor",0.00129018162268232,2.88934914847863,DOWN
2,2,1.98665158412826,0.912211624804126,3.0610915434524,0.000290086677441486,2.46339532082052,0.116526653108517,13.133343229608,0.000290086677441486,FALSE,ENSG00000130508,PXDN,peroxidasin,0.00607024353125489,2.21679388517539,UP
-2,2,-1.55072434525567,-2.38694219586234,-0.714506494648992,0.000278352256723001,0.25681634643663,0.612315852688363,13.2107210969678,0.000278352256723001,FALSE,ENSG00000130822,PNCK,pregnancy up-regulated nonubiquitous CaM kinase,0.00594175326782099,2.22608538630021,DOWN
2,2,1.12213078401417,0.462393692281399,1.78186787574694,0.000857128680741582,0.108076639300123,0.742344570098938,11.1132563469518,0.000857128680741582,FALSE,ENSG00000130827,PLXNA3,plexin A3,0.0134589136101562,1.87098999450699,UP
-2,2,-1.00121686149003,-1.66508018226856,-0.337353540711504,0.00311704259436739,0.308196436372241,0.578789038479625,8.73766004919373,0.00311704259436739,FALSE,ENSG00000130830,MPP1,MAGUK p55 scaffold protein 1,0.0334776324451251,1.4752452631153,DOWN
-2,2,-1.16953671746124,-1.6990394989337,-0.640033935988782,1.49746450088895e-05,0.0251102086858265,0.874092753839831,18.7407692096986,1.49746450088895e-05,FALSE,ENSG00000131089,ARHGEF9,Cdc42 guanine nucleotide exchange factor 9,0.00065655066948066,3.18273175148358,DOWN
2,2,1.63415529731754,0.592108216773157,2.67620237786191,0.00211459041573621,0.588601579979803,0.44296038909752,9.4473096851153,0.00211459041573621,FALSE,ENSG00000131095,GFAP,glial fibrillary acidic protein,0.0255873019481198,1.59197550586033,UP
2,2,1.51587321655617,0.693365802509204,2.33838063060313,0.000303616479894219,0.538095006009506,0.463223291708991,13.047950443971,0.000303616479894219,FALSE,ENSG00000131351,HAUS8,HAUS augmin like complex subunit 8,0.00628840022161278,2.20145982566669,UP
-2,2,-1.38029505505766,-1.94654227720867,-0.814047832906657,1.77359546425752e-06,0.557821309056634,0.455139404545006,22.8258982643785,1.77359546425752e-06,FALSE,ENSG00000131437,KIF3A,kinesin family member 3A,0.000120556878268457,3.91880800628347,DOWN
2,2,1.44441134636106,0.546534834660364,2.34228785806175,0.00161608233752361,0.24188639682977,0.622846967177539,9.94133579226954,0.00161608233752361,FALSE,ENSG00000131470,PSMC3IP,PSMC3 interacting protein,0.021284371800311,1.67193916332497,UP
2,2,1.330066887991,0.491732230664945,2.16840154531706,0.00187342561268445,0.0513221894486199,0.82077833209863,9.66959544661137,0.00187342561268446,FALSE,ENSG00000131669,NINJ1,ninjurin 1,0.0235263703935207,1.62844506983439,UP
2,2,1.06565278198191,0.402735412177603,1.72857015178622,0.00162890367291929,0.286842001221771,0.592251393822104,9.92678991869395,0.00162890367291929,FALSE,ENSG00000131759,RARA,retinoic acid receptor alpha,0.0213698658022365,1.67019820509523,UP
-2,2,-1.52819831766524,-2.55263299980817,-0.503763635522311,0.00345817700937438,1.06747325103467,0.301516876760588,8.5484439887616,0.00345817700937437,FALSE,ENSG00000131969,ABHD12B,abhydrolase domain containing 12B,0.0359593601139052,1.4441880450109,DOWN
-2,2,-1.28577637834857,-1.73434156653221,-0.837211190164939,1.93090397174982e-08,0.00435376549124388,0.947391304473939,31.5628299328369,1.93090397174982e-08,FALSE,ENSG00000132294,EFR3A,EFR3 homolog A,3.45631275273917e-06,5.46138696623848,DOWN
2,2,3.17252768860932,1.95849197404839,4.38656340317026,3.02643511831394e-07,0.147102987442363,0.701319363848125,26.2327667836933,3.02643511831394e-07,FALSE,ENSG00000132432,SEC61G,SEC61 translocon subunit gamma,2.83003246434295e-05,4.54820858249545,UP
2,2,1.09584246649961,0.655580341197451,1.53610459180177,1.06904293636647e-06,0.0826632806405096,0.773720141232985,23.7996068690654,1.06904293636648e-06,FALSE,ENSG00000132478,UNK,unk zinc finger,8.14080215001478e-05,4.08933280000499,UP
2,2,1.78209569052816,0.817085283608011,2.74710609744831,0.000295186755682114,0.343726250230476,0.557686216046022,13.1006917522041,0.000295186755682114,FALSE,ENSG00000132530,XAF1,XIAP associated factor 1,0.00615154621717789,2.21101570874699,UP
2,2,1.09416605269402,0.490283746479474,1.69804835890856,0.000383432541415979,1.13034033527669,0.287702756409236,12.6112473808392,0.000383432541415979,FALSE,ENSG00000132561,MATN2,matrilin 2,0.00749692042366994,2.12511709896374,UP
2,2,1.99649475869517,0.752624963243258,3.24036455414709,0.00165591248444946,0.35191860544167,0.553029058309184,9.8965241013128,0.00165591248444946,FALSE,ENSG00000132692,BCAN,brevican,0.0215963890738667,1.66561885701524,UP
-2,2,-1.17223456853263,-1.9932085293335,-0.351260607731754,0.00513324551631749,1.34780688501063,0.245661886315824,7.83188795037791,0.00513324551631749,FALSE,ENSG00000132879,FBXO44,F-box protein 44,0.0484121315596794,1.31504579518958,DOWN
-2,2,-2.17575628399849,-3.64127543710382,-0.710237130893155,0.00361631428988169,0.0540443955929401,0.816169486699203,8.46708028406879,0.00361631428988169,FALSE,ENSG00000133392,MYH11,myosin heavy chain 11,0.0373354038001241,1.42787914720924,DOWN
2,2,1.14133380429049,0.370965736318368,1.91170187226261,0.0036869666592502,0.288312835527102,0.591303738914377,8.43189126466436,0.0036869666592502,FALSE,ENSG00000133740,E2F5,E2F transcription factor 5,0.0378334329532787,1.4221242496398,UP
-2,2,-1.42316442661161,-1.83345273620539,-1.01287611701783,1.05703379092796e-11,0.836040185410193,0.360531741111958,46.2197993498262,1.05703379092796e-11,FALSE,ENSG00000133985,TTC9,tetratricopeptide repeat domain 9,8.23510633424489e-09,8.08433078871309,DOWN
-2,2,-1.52113265261517,-2.08222778878572,-0.96003751644461,1.07553948805886e-07,0.396468885953507,0.528918528908027,28.2330210485996,1.07553948805886e-07,FALSE,ENSG00000134121,CHL1,cell adhesion molecule L1 like,1.29679332560239e-05,4.8871292334013,DOWN
-2,2,-1.17168045448168,-1.72453935992806,-0.618821549035299,3.27034777517685e-05,0.0165685280613696,0.897580163255525,17.2538466334643,3.27034777517685e-05,FALSE,ENSG00000134504,KCTD1,potassium channel tetramerization domain containing 1,0.00120205986430446,2.92007390330691,DOWN
2,2,2.06395047917208,0.668142373133985,3.45975858521016,0.00375364718233178,0.814749795368567,0.36671968795634,8.39930391350131,0.00375364718233177,FALSE,ENSG00000134531,EMP1,epithelial membrane protein 1,0.0382079785554334,1.4178459386383,UP
2,2,3.95323419151218,2.64556765085077,5.26090073217359,3.11901779591444e-09,0.0463546501078691,0.829532415550256,35.1080933753428,3.11901779591446e-09,FALSE,ENSG00000134668,SPOCD1,SPOC domain containing 1,8.002955127797e-07,6.09674961816849,UP
-2,2,-1.05676056212131,-1.65690062560602,-0.456620498636605,0.00055806794006298,0.0578355778578735,0.809950192663025,11.9108878842384,0.00055806794006298,FALSE,ENSG00000135002,RFK,riboflavin kinase,0.00982976016862236,2.00745707817138,DOWN
-2,2,-1.00812342223734,-1.35664903525139,-0.659597809223277,1.43407707150998e-08,0.629778914593148,0.427436421062174,32.1406157438297,1.43407707150998e-08,FALSE,ENSG00000135018,UBQLN1,ubiquilin 1,2.68969121856539e-06,5.57029757493085,DOWN
2,2,2.18364882874574,0.873626815033892,3.49367084245759,0.00108684554077157,1.34777593311795,0.245667307781953,10.6734443197545,0.00108684554077157,FALSE,ENSG00000135046,ANXA1,annexin A1,0.0160226661381869,1.79526521654379,UP
2,2,1.62121493855861,0.5510426157992,2.69138726131802,0.00298605952636692,0.752749954996025,0.385606972979737,8.81596679998516,0.00298605952636692,FALSE,ENSG00000135407,AVIL,advillin,0.0324493679002619,1.48879375865104,UP
2,2,1.80556435190259,0.843905858560417,2.76722284524475,0.000233293075088062,0.904231161200989,0.341649709144742,13.5419243119764,0.000233293075088062,FALSE,ENSG00000135446,CDK4,cyclin dependent kinase 4,0.00521649788269477,2.28262096455607,UP
2,2,2.52248460167388,0.873731349601766,4.171237853746,0.00271208303858083,1.19243429718707,0.274839079107479,8.9917018770671,0.00271208303858083,FALSE,ENSG00000135451,TROAP,trophinin associated protein,0.0303513558173996,1.5178219039013,UP
-2,2,-1.57332477989399,-2.52666599466464,-0.619983565123336,0.00121821125660169,0.909082954111981,0.340357855099021,10.4625178064836,0.0012182112566017,FALSE,ENSG00000135472,FAIM2,Fas apoptotic inhibitory molecule 2,0.0172801731188543,1.76245191092041,DOWN
2,2,1.36127401891812,0.656088183512707,2.06645985432354,0.000154658209785164,0.672076918491731,0.412328434587583,14.3146301913646,0.000154658209785164,FALSE,ENSG00000135547,HEY2,hes related family bHLH transcription factor with YRPW motif 2,0.00380188919588384,2.42000054457669,UP
2,2,1.97353628139373,0.584353254967476,3.36271930781998,0.0053624614951013,2.36614223341388,0.123993127064367,7.75295878336382,0.0053624614951013,FALSE,ENSG00000135862,LAMC1,laminin subunit gamma 1,0.0499182077411635,1.30174101591569,UP
-2,2,-1.15461767905089,-1.62948553971948,-0.679749818382306,1.88334199630202e-06,0.828903910506442,0.362589666287983,22.7105176514237,1.88334199630201e-06,FALSE,ENSG00000136237,RAPGEF5,Rap guanine nucleotide exchange factor 5,0.000127163251590312,3.89563837561669,DOWN
-2,2,-2.52010208802123,-3.87805157951801,-1.16215259652444,0.000275479755780526,1.04732439536196,0.306124108335566,13.230163668134,0.000275479755780526,FALSE,ENSG00000136267,DGKB,diacylglycerol kinase beta,0.00590205949287841,2.22899641711688,DOWN
2,2,1.72332921392191,1.10289960683461,2.34375882100921,5.20762767385993e-08,0.446497138456201,0.504003118470252,29.6379153937528,5.20762767385994e-08,FALSE,ENSG00000136518,ACTL6A,actin like 6A,7.22504836724018e-06,5.14115924122813,UP
-2,2,-1.15394019763509,-1.59233814969436,-0.71554224557581,2.48314072110201e-07,0.489171660330819,0.484297040625,26.6149560437605,2.483140721102e-07,FALSE,ENSG00000136643,RPS6KC1,ribosomal protein S6 kinase C1,2.44167468187584e-05,4.61231220004625,DOWN
2,2,1.45622291348488,0.671509370498739,2.24093645647102,0.000275639231845526,0.304198078932803,0.581262493417281,13.2290789050269,0.000275639231845526,FALSE,ENSG00000136830,NIBAN2,niban apoptosis regulator 2,0.00590205949287841,2.22899641711688,UP
-2,2,-1.25161431970135,-1.76299534794248,-0.740233291460224,1.61021575435304e-06,0.480667805381359,0.488119983858442,23.0116629551665,1.61021575435304e-06,FALSE,ENSG00000136895,GARNL3,GTPase activating Rap/RanGAP domain like 3,0.000113251841389497,3.94595472795711,DOWN
2,2,1.16951638750894,0.554653671697128,1.78437910332075,0.000193003143816781,0.059767723580601,0.806863440120281,13.898005758206,0.000193003143816781,FALSE,ENSG00000136938,ANP32B,acidic nuclear phosphoprotein 32 family member B,0.00453534997813539,2.34338919422496,UP
2,2,2.3321940013985,1.06530684247128,3.59908116032572,0.000308484492369475,0.0496609739390591,0.82365425770034,13.018161698455,0.000308484492369475,FALSE,ENSG00000136997,MYC,"MYC proto-oncogene, bHLH transcription factor",0.00635089235267657,2.19716524846936,UP
-2,2,-1.45367922544551,-2.32164367557412,-0.5857147753169,0.00102863399126513,0.43608212597796,0.509019533348048,10.7753025794552,0.00102863399126513,FALSE,ENSG00000137218,FRS3,fibroblast growth factor receptor substrate 3,0.015388486061349,1.81280410450534,DOWN
-2,2,-1.55141401510166,-2.04872544263416,-1.05410258756915,9.69764140666394e-10,0.120164938075721,0.728855669726054,37.384771044592,9.69764140666393e-10,FALSE,ENSG00000137494,ANKRD42,ankyrin repeat domain 42,3.16831329569976e-07,6.49917188015509,DOWN
-2,2,-1.02278637022971,-1.6566855348967,-0.38888720556271,0.00156489955865604,0.0561532760822089,0.812682527241173,10.0005914816879,0.00156489955865604,FALSE,ENSG00000137642,SORL1,sortilin related receptor 1,0.0206910555869121,1.68421735254949,DOWN
-2,2,-1.128499838432,-1.63502000518298,-0.621979671681016,1.26140719606305e-05,0.980716641623903,0.322021942919118,19.0680245391288,1.26140719606304e-05,FALSE,ENSG00000138101,DTNB,dystrobrevin beta,0.000587262841729268,3.23116747769011,DOWN
-2,2,-1.46625173037063,-2.15111408648383,-0.78138937425742,2.7146352531027e-05,0.374681902432539,0.540463225278538,17.6078636349107,2.71463525310271e-05,FALSE,ENSG00000138190,EXOC6,exocyst complex component 6,0.00104539261762069,2.9807205711389,DOWN
-2,2,-1.20093396255497,-1.99184647252188,-0.410021452588055,0.00291996715467997,0.0262464260996926,0.871299957366001,8.85681444476055,0.00291996715467997,FALSE,ENSG00000138279,ANXA7,annexin A7,0.0320058737474012,1.49477031224275,DOWN
-2,2,-1.00784764946765,-1.65953726720621,-0.356158031729082,0.00243653766816569,0.0645407635126707,0.799457902048818,9.18764808916383,0.00243653766816569,FALSE,ENSG00000138400,MDH1B,malate dehydrogenase 1B,0.0282996026412639,1.54821966242334,DOWN
-2,2,-1.13622085362509,-1.84472252077309,-0.427719186477084,0.00167120068771821,1.08321347102406,0.297979791292892,9.87961317695339,0.00167120068771821,FALSE,ENSG00000138641,HERC3,HECT and RLD domain containing E3 ubiquitin protein ligase 3,0.0216937634281574,1.66366510016179,DOWN
-2,2,-1.5244485585582,-2.09409942973763,-0.954797687378769,1.56214708836671e-07,0.560158411909478,0.454196423049147,27.510861990188,1.56214708836671e-07,FALSE,ENSG00000138814,PPP3CA,protein phosphatase 3 catalytic subunit alpha,1.7012285710729e-05,4.76923733219179,DOWN
2,2,4.16171318578725,2.42570353846784,5.89772283310666,2.61956071311075e-06,0.0246420754885984,0.875262229245024,22.0768042265352,2.61956071311075e-06,FALSE,ENSG00000138829,FBN2,fibrillin 2,0.00016581819313991,3.78036782151308,UP
-2,2,-1.41528750994857,-1.98675279499469,-0.843822224902455,1.20974314928093e-06,0.19619988083216,0.657805837526873,23.5616566708838,1.20974314928093e-06,FALSE,ENSG00000139112,GABARAPL1,GABA type A receptor associated protein like 1,9.07576193771647e-05,4.04211690442351,DOWN
-2,2,-1.53265751840026,-2.26969411891212,-0.795620917888392,4.58725310314609e-05,0.370908408947387,0.542509523379826,16.6114793979878,4.58725310314609e-05,FALSE,ENSG00000139182,CLSTN3,calsyntenin 3,0.0015435116089257,2.8114900997916,DOWN
-2,2,-3.32843344202133,-4.74271016217882,-1.91415672186383,3.97504998398949e-06,1.87584036979846,0.170807670940939,21.2768411117472,3.97504998398949e-06,FALSE,ENSG00000139508,SLC46A3,solute carrier family 46 member 3,0.000234065733940962,3.6306621602017,DOWN
2,2,1.04977338314364,0.434179523626944,1.66536724266033,0.000830781305983179,0.094269337081529,0.758818162456778,11.1711719834308,0.000830781305983179,FALSE,ENSG00000139722,VPS37B,VPS37B subunit of ESCRT-I,0.0131883276912189,1.87981027045214,UP
2,2,2.55554038257587,1.37446019237575,3.736620572776,2.22689040703744e-05,1.00522749139502,0.316048905494147,17.9846879781825,2.22689040703744e-05,FALSE,ENSG00000139734,DIAPH3,diaphanous related formin 3,0.000898605144286356,3.04643109951021,UP
2,2,1.87633601466363,0.952245068539851,2.8004269607874,6.90191652977564e-05,1.17295109512972,0.278795698648386,15.8375493338207,6.90191652977564e-05,FALSE,ENSG00000139832,RAB20,"RAB20, member RAS oncogene family",0.00206812457436591,2.68442330487682,UP
-2,2,-1.71802236924046,-2.56945603736766,-0.866588701113262,7.65941498264528e-05,0.0171613535061341,0.895774240054605,15.6405554241321,7.65941498264526e-05,FALSE,ENSG00000139970,RTN1,reticulon 1,0.0022291538777078,2.65185995128972,DOWN
-2,2,-1.17568171948289,-1.91029800245263,-0.441065436513162,0.00170842668441751,0.0272404893910966,0.868907043051114,9.83908272907661,0.00170842668441751,FALSE,ENSG00000140323,DISP2,dispatched RND transporter family member 2,0.0219859535702421,1.65785469350512,DOWN
-2,2,-1.2276767646471,-1.80924074976173,-0.646112779532476,3.51159759256564e-05,0.0335585400236812,0.854649017701016,17.1186395301516,3.51159759256563e-05,FALSE,ENSG00000140403,DNAJA4,DnaJ heat shock protein family (Hsp40) member A4,0.0012534080027182,2.90190753675807,DOWN
2,2,1.75064305373754,0.797149346935686,2.70413676053939,0.000319993036437414,0.181639665715819,0.669967908057126,12.9495813993088,0.000319993036437413,FALSE,ENSG00000140682,TGFB1I1,transforming growth factor beta 1 induced transcript 1,0.00654725146068308,2.18394097878323,UP
2,2,2.07163063818352,0.907456669842323,3.23580460652471,0.000487144486331056,1.56770776319809,0.210540214551471,12.1642423709283,0.000487144486331055,FALSE,ENSG00000140853,NLRC5,NLR family CARD domain containing 5,0.00886542164441983,2.05230060428301,UP
2,2,2.33256583535188,0.752291919957063,3.9128397507467,0.00381571616988622,2.46660775277875,0.116288658438302,8.36949510290601,0.00381571616988622,FALSE,ENSG00000140931,CMTM3,CKLF like MARVEL transmembrane domain containing 3,0.03869114455007,1.41238842291697,UP
2,2,1.17161887231574,0.692380943650715,1.65085680098077,1.65431848722917e-06,0.00064066472917071,0.979806616266769,22.9597172013755,1.65431848722918e-06,FALSE,ENSG00000140988,RPS2,ribosomal protein S2,0.000115551294059704,3.93722518649087,UP
-2,2,-1.08896273235333,-1.73121536566561,-0.446710099041047,0.00088994173359096,0.164073102183498,0.685433862860015,11.043593922614,0.000889941733590959,FALSE,ENSG00000141384,TAF4B,TATA-box binding protein associated factor 4b,0.0138029554024644,1.86002791522462,DOWN
-2,2,-2.16127180093796,-2.72422187255401,-1.59832172932191,5.28526559948437e-14,0.617949721680196,0.431810204073542,56.6206953735417,5.28526559948438e-14,FALSE,ENSG00000141404,GNAL,G protein subunit alpha L,7.6470242845111e-11,10.1165075306281,DOWN
-2,2,-1.3382467447394,-2.22886271091877,-0.44763077856004,0.00322894425380352,1.70311450742671,0.191881170660498,8.67336494348056,0.00322894425380352,FALSE,ENSG00000141447,OSBPL1A,oxysterol binding protein like 1A,0.0342816213041555,1.46493864687726,DOWN
2,2,1.79657269344743,0.957754662597412,2.63539072429745,2.69481566284744e-05,0.957464892993574,0.32782642370292,17.6217995324604,2.69481566284744e-05,FALSE,ENSG00000141510,TP53,tumor protein p53,0.00104476662589445,2.9809807089838,UP
2,2,1.8064585430572,1.08571370443187,2.52720338168252,8.99639807006385e-07,0.928993277704229,0.335124657932994,24.1317656182802,8.99639807006385e-07,FALSE,ENSG00000141756,FKBP10,FKBP prolyl isomerase 10,7.11839997293802e-05,4.14761761324709,UP
2,2,2.60498548946967,1.19210981275575,4.01786116618358,0.000301883945976838,0.253019173293962,0.614957162348477,13.0586686361919,0.000301883945976838,FALSE,ENSG00000142227,EMP3,epithelial membrane protein 3 (MAM blood group),0.00626532910830618,2.2030561112353,UP
-2,2,-1.06285608185521,-1.70034292398588,-0.425369239724548,0.00108398859858514,0.315093225140207,0.574571466970119,10.6783132179302,0.00108398859858514,FALSE,ENSG00000142609,CFAP74,cilia and flagella associated protein 74,0.0160038433330471,1.79577570872557,DOWN
2,2,1.03026111278541,0.383275794476843,1.67724643109399,0.00180206348229864,1.49342648553629,0.221685581417651,9.74096417861906,0.00180206348229864,FALSE,ENSG00000142657,PGD,phosphogluconate dehydrogenase,0.0228713019407526,1.6407091126302,UP
-2,2,-1.07563697929145,-1.64786086992548,-0.503413088657429,0.000229386674011877,0.650110521778169,0.420073167908022,13.573619136968,0.000229386674011877,FALSE,ENSG00000142686,C1orf216,chromosome 1 open reading frame 216,0.00515128211616916,2.28808466480775,DOWN
-2,2,-1.35990657419623,-1.82537672116605,-0.894436427226424,1.02714555492355e-08,0.902922644810882,0.341999249637408,32.7891881154386,1.02714555492355e-08,FALSE,ENSG00000142875,PRKACB,protein kinase cAMP-activated catalytic subunit beta,2.12304697556443e-06,5.67304039631789,DOWN
2,2,1.16102519612076,0.537182005058336,1.78486838718318,0.000264639983984932,0.205269048344722,0.65050102002396,13.3054201454491,0.000264639983984932,FALSE,ENSG00000143570,SLC39A1,solute carrier family 39 member 1,0.00571486941961491,2.2429936884513,UP
-2,2,-1.14701705156597,-1.66434498141089,-0.62968912172104,1.38880970795251e-05,0.957379713636936,0.32784794116468,18.8844385902533,1.38880970795251e-05,FALSE,ENSG00000143933,CALM2,calmodulin 2,0.000630756265566953,3.20013842675944,DOWN
-2,2,-2.28113501349333,-3.71433488641734,-0.847935140569324,0.00181125884155672,1.23418134841502,0.266595403829451,9.7316087742587,0.00181125884155672,FALSE,ENSG00000144057,ST6GAL2,"ST6 beta-galactoside alpha-2,6-sialyltransferase 2",0.0229019095471741,1.64012830494281,DOWN
2,2,2.31208133728216,1.2854475800686,3.33871509449572,1.01462086293327e-05,0.110614351796856,0.73944578623393,19.4836947817104,1.01462086293327e-05,FALSE,ENSG00000144191,CNGA3,cyclic nucleotide gated channel subunit alpha 3,0.000501272199989667,3.29992638021812,UP
2,2,1.2953501030999,0.708669450618803,1.88203075558099,1.5083581818255e-05,0.0284178044929366,0.86613030723643,18.726946830122,1.50835818182549e-05,FALSE,ENSG00000144579,CTDSP1,CTD small phosphatase 1,0.000658476364893475,3.18145980882757,UP
2,2,1.64291795090063,0.72484893557884,2.56098696622241,0.000452462548917522,1.25753853061201,0.262117527906285,12.3020438632251,0.000452462548917522,FALSE,ENSG00000144791,LIMD1,LIM domain containing 1,0.00836230053911799,2.0776742280634,UP
-2,2,-1.39983160735207,-2.10597471910339,-0.693688495600747,0.000102178759139795,0.660254434426278,0.4164701327345,15.0960150023589,0.000102178759139795,FALSE,ENSG00000144834,TAGLN3,transgelin 3,0.00280421633685877,2.55218848489947,DOWN
2,2,1.95556725645018,0.749726113323147,3.1614083995772,0.00148007324765855,1.44821441935963,0.22881468023963,10.1032593211947,0.00148007324765854,FALSE,ENSG00000144857,BOC,"BOC cell adhesion associated, oncogene regulated",0.0196568942208389,1.70648509938805,UP
-2,2,-1.56346918731062,-2.15016552167537,-0.976772852945875,1.76001448155637e-07,0.891480860557296,0.345076324044737,27.2802336553585,1.76001448155638e-07,FALSE,ENSG00000144959,NCEH1,neutral cholesterol ester hydrolase 1,1.8912004496386e-05,4.72326243754401,DOWN
2,2,1.33385000223055,0.625401538311895,2.0422984661492,0.000224100883458804,0.820949410318816,0.364902726756372,13.6173827257496,0.000224100883458804,FALSE,ENSG00000145012,LPP,LIM domain containing preferred translocation partner in lipoma,0.00508899943423938,2.29336759740863,UP
-2,2,-2.76406374880424,-4.04940405566421,-1.47872344194427,2.49988368280016e-05,0.961660954318519,0.326768756039055,17.7646247780859,2.49988368280016e-05,FALSE,ENSG00000145147,SLIT2,slit guidance ligand 2,0.000989016482007812,3.00479647080383,DOWN
-2,2,-1.62747395685416,-2.41479205376078,-0.840155859947546,5.08983198852871e-05,0.0318705210797436,0.858312128955551,16.414354523055,5.08983198852871e-05,FALSE,ENSG00000145242,EPHA5,EPH receptor A5,0.00164695905366833,2.78331719802937,DOWN
-2,2,-1.53921829423666,-2.30939252966981,-0.769044058803505,8.96384709645292e-05,0.0270955385898141,0.869253143907831,15.3432952700796,8.96384709645294e-05,FALSE,ENSG00000145428,RNF175,ring finger protein 175,0.00254302082332984,2.59465008362287,DOWN
-2,2,-2.71424471763295,-3.62805175913354,-1.80043767613237,5.82858376956377e-09,0.606259790536607,0.436199550628336,33.8910624779331,5.82858376956377e-09,FALSE,ENSG00000145451,GLRA3,glycine receptor alpha 3,1.31181992040315e-06,5.88212577848393,DOWN
-2,2,-1.75085312564078,-2.89204873379884,-0.609657517482715,0.00263814000885221,0.923313223993616,0.336606529035252,9.04222751778834,0.00263814000885221,FALSE,ENSG00000145526,CDH18,cadherin 18,0.0297988353051591,1.52580071009916,DOWN
-2,2,-1.37140421973984,-2.10607568117708,-0.636732758302602,0.000253551181131844,0.587400529999328,0.443426081735421,13.3856913026513,0.000253551181131844,FALSE,ENSG00000145632,PLK2,polo like kinase 2,0.00558253557065939,2.25316850102108,DOWN
-2,2,-1.40806795524435,-1.83832298238524,-0.977812928103454,1.41519599886509e-10,0.067458665184429,0.795073546431471,41.1425783815453,1.41519599886509e-10,FALSE,ENSG00000145743,FBXL17,F-box and leucine rich repeat protein 17,7.16655253825279e-08,7.14468971095313,DOWN
-2,2,-1.09542173445093,-1.48371547878376,-0.70712799011811,3.21536852068516e-08,1.02766754794619,0.310707123821307,30.5730031850441,3.21536852068515e-08,FALSE,ENSG00000145990,GFOD1,Gfo/Idh/MocA-like oxidoreductase domain containing 1,5.25246006088699e-06,5.27963724123564,DOWN
2,2,1.5408727378621,0.709900822317624,2.37184465340658,0.000278666350929598,0.581923731112191,0.445559266136337,13.2086074236046,0.000278666350929598,FALSE,ENSG00000146112,PPP1R18,protein phosphatase 1 regulatory subunit 18,0.00594175326782099,2.22608538630021,UP
-2,2,-1.74566074794351,-2.59477952946109,-0.896541966425929,5.59213645517592e-05,0.78472633182393,0.37569954591013,16.2359977058194,5.59213645517592e-05,FALSE,ENSG00000146151,HMGCLL1,3-hydroxy-3-methylglutaryl-CoA lyase like 1,0.00176991118806318,2.75204852544711,DOWN
-2,2,-1.29303114002369,-1.88191531900156,-0.704146961045827,1.68080370531603e-05,1.01535024370295,0.313624489189831,18.520571204385,1.68080370531603e-05,FALSE,ENSG00000146267,FAXC,"failed axon connections homolog, metaxin like GST domain containing",0.000715259660816837,3.14553626758616,DOWN
2,2,1.29150103150638,0.441057003061288,2.14194505995148,0.00291616268494023,0.239856424666315,0.624309831659193,8.85919425969727,0.00291616268494023,FALSE,ENSG00000146670,CDCA5,cell division cycle associated 5,0.0319988035461264,1.49486625989976,UP
2,2,1.94521253107888,0.894735969416682,2.99568909274108,0.000284136414002377,0.86431738201898,0.352533316583394,13.1721772359364,0.000284136414002377,FALSE,ENSG00000146674,IGFBP3,insulin like growth factor binding protein 3,0.00600779457414629,2.22128492567765,UP
2,2,1.34450521784079,0.590577726273118,2.09843270940847,0.000473578511092949,0.107934457558098,0.742508092698261,12.2169277697276,0.000473578511092949,FALSE,ENSG00000146858,ZC3HAV1L,"zinc finger CCCH-type containing, antiviral 1 like",0.00868913616005324,2.0610233972648,UP
2,2,1.68679691479337,0.735000528188577,2.63859330139816,0.000513724496657188,0.102931977352995,0.7483391190302,12.0651763636662,0.000513724496657188,FALSE,ENSG00000146859,TMEM140,transmembrane protein 140,0.00923114513072092,2.03474442106454,UP
2,2,2.28011400843572,0.911868088835527,3.64835992803591,0.00109007842720232,2.21810871997938,0.136400061163633,10.6679503141424,0.00109007842720232,FALSE,ENSG00000146918,NCAPG2,non-SMC condensin II complex subunit G2,0.016023678244855,1.79523778425161,UP
2,2,1.4584641232728,0.66152290138202,2.25540534516358,0.000334650792442357,1.08133520279004,0.298399053966341,12.8657497613592,0.000334650792442357,FALSE,ENSG00000146966,DENND2A,DENN domain containing 2A,0.00681960407616939,2.16624083832389,UP
-2,2,-1.70545899920717,-2.59825753846554,-0.812660459948808,0.000181113260759061,0.0670092240281147,0.795742182157887,14.0175400641631,0.000181113260759061,FALSE,ENSG00000147465,STAR,steroidogenic acute regulatory protein,0.00430590400227176,2.36593565675786,DOWN
-2,2,-1.36392903478726,-1.96522832210688,-0.76262974746764,8.75684936768818e-06,0.0308909345250621,0.860483933033329,19.7650698267174,8.75684936768817e-06,FALSE,ENSG00000147724,FAM135B,family with sequence similarity 135 member B,0.000441458573231026,3.35511004466015,DOWN
-2,2,-1.03564409291636,-1.40150331897938,-0.669784866853336,2.88783695754172e-08,0.0624200020175636,0.802711121404837,30.7814606443894,2.88783695754173e-08,FALSE,ENSG00000148082,SHC3,SHC adaptor protein 3,4.79475618130862e-06,5.31923347228988,DOWN
-2,2,-1.22900728046884,-1.86868729530909,-0.589327265628576,0.000166117440639441,0.0493637933211612,0.824174041402198,14.1801076612198,0.000166117440639441,FALSE,ENSG00000148690,FRA10AC1,FRA10A associated CGG repeat 1,0.00405406611758134,2.39210917269615,DOWN
2,2,2.23849177463461,1.2124082440672,3.26457530520203,1.90422734635749e-05,0.116003562371886,0.733410032256503,18.2827598220524,1.90422734635749e-05,FALSE,ENSG00000148848,ADAM12,ADAM metallopeptidase domain 12,0.000793663150778132,3.10036378321361,UP
-2,2,-1.72527800822112,-2.17154787943289,-1.27900813700935,3.53051469208799e-14,0.789256570119196,0.374325017053706,57.4141870624494,3.53051469208798e-14,FALSE,ENSG00000148925,BTBD10,BTB domain containing 10,5.95950880024453e-11,10.2247895345776,DOWN
2,2,4.89452169737263,3.0552023272015,6.73384106754377,1.83259654200249e-07,0.000309273555886329,0.985968985616719,27.2020985193857,1.83259654200248e-07,FALSE,ENSG00000148926,ADM,adrenomedullin,1.91345750282486e-05,4.71818117885031,UP
2,2,2.32569012246288,1.48422099517768,3.16715924974808,6.05950132740908e-08,0.191450572912891,0.661712050641399,29.3442831947358,6.05950132740906e-08,FALSE,ENSG00000149257,SERPINH1,serpin family H member 1,8.29332830324313e-06,5.08127114211018,UP
-2,2,-1.68913747574553,-2.1816610262938,-1.19661392519725,1.7948367368104e-11,0.186048283384516,0.666226152262335,45.1826993806088,1.79483673681039e-11,FALSE,ENSG00000149269,PAK1,p21 (RAC1) activated kinase 1,1.29843617645826e-08,7.88657939289122,DOWN
-2,2,-2.19559447618832,-3.07510219370726,-1.31608675866939,9.93937582391062e-07,1.14131339773262,0.285374970962557,23.9398338358453,9.93937582391058e-07,FALSE,ENSG00000149305,HTR3B,5-hydroxytryptamine receptor 3B,7.74353833419744e-05,4.11106054734316,DOWN
-2,2,-1.10504662556532,-1.56598699800528,-0.644106253125354,2.61736359291718e-06,0.279111191579555,0.597284365777812,22.0784149158091,2.61736359291717e-06,FALSE,ENSG00000149313,AASDHPPT,aminoadipate-semialdehyde dehydrogenase-phosphopantetheinyl transferase,0.00016581819313991,3.78036782151308,DOWN
-2,2,-1.33149132437289,-1.87044406854088,-0.792538580204889,1.2845972627537e-06,0.255067479950815,0.613529296553788,23.4461472957235,1.2845972627537e-06,FALSE,ENSG00000149926,TLCD3B,TLC domain containing 3B,9.49664312202153e-05,4.02242988220768,DOWN
-2,2,-1.37131385925674,-2.2347165598116,-0.507911158701877,0.00185230056583855,0.889911235768538,0.345501363298921,9.69043130310859,0.00185230056583855,FALSE,ENSG00000149927,DOC2A,double C2 domain alpha,0.0233044722121898,1.63256072830012,DOWN
2,2,2.066961939831,0.681500875814271,3.45242300384772,0.00345498399741047,0.0918112279657106,0.761887059798644,8.55012553554013,0.00345498399741048,FALSE,ENSG00000149948,HMGA2,high mobility group AT-hook 2,0.0359593601139052,1.4441880450109,UP
-2,2,-1.50115630159656,-2.17855374230584,-0.823758860887274,1.40290352261123e-05,0.284115083579394,0.594016642854019,18.8651779626172,1.40290352261123e-05,FALSE,ENSG00000150394,CDH8,cadherin 8,0.000634115916941097,3.19783134545217,DOWN
2,2,2.16655928454691,1.28536562851457,3.04775294057924,1.44356755869492e-06,0.0106664052113784,0.917742105438452,23.2217322323938,1.44356755869492e-06,FALSE,ENSG00000150551,LYPD1,LY6/PLAUR domain containing 1,0.00010443180167473,3.98116722941112,UP
-2,2,-1.885847884882,-2.46356518845939,-1.30813058130462,1.57499121463313e-10,0.0138746792400671,0.90623339688221,40.9334876113129,1.57499121463313e-10,FALSE,ENSG00000150627,WDR17,WD repeat domain 17,7.25068682809287e-08,7.13962085252934,DOWN
2,2,1.45290338687009,0.488867161592868,2.41693961214732,0.00313815509330366,0.131768278306412,0.716605626909343,8.7253518163092,0.00313815509330365,FALSE,ENSG00000150893,FREM2,FRAS1 related extracellular matrix 2,0.0335974997727055,1.47369304032798,UP
-2,2,-1.08365544673572,-1.63080995802414,-0.53650093544731,0.000103700740855695,0.105640119625943,0.745163467570526,15.0681054141432,0.000103700740855695,FALSE,ENSG00000150995,ITPR1,"inositol 1,4,5-trisphosphate receptor type 1",0.00283094637031395,2.54806835786815,DOWN
-2,2,-1.2661572150261,-1.87687874653563,-0.655435683516576,4.835738951554e-05,0.0341601162208133,0.853366647361014,16.511441374255,4.83573895155399e-05,FALSE,ENSG00000151229,SLC2A13,solute carrier family 2 member 13,0.0015974966160095,2.79656005313824,DOWN
2,2,1.29768346466034,0.612930099967613,1.98243682935306,0.000203727616506803,0.698849827352162,0.403170438991965,13.796387177573,0.000203727616506803,FALSE,ENSG00000151322,NPAS3,neuronal PAS domain protein 3,0.00474334091949633,2.32391566005504,UP
-2,2,-1.63725137765182,-2.31297690223091,-0.961525853072732,2.04524853230594e-06,0.780240628605755,0.377067557114828,22.5520623162942,2.04524853230594e-06,FALSE,ENSG00000151623,NR3C2,nuclear receptor subfamily 3 group C member 2,0.000135387432256174,3.86842164846563,DOWN
-2,2,-1.12467104506236,-1.62934175138079,-0.62000033874394,1.25488367662714e-05,0.0623048951952618,0.802889362468671,19.0779197228913,1.25488367662714e-05,FALSE,ENSG00000151690,MFSD6,major facilitator superfamily domain containing 6,0.000587262841729268,3.23116747769011,DOWN
-2,2,-1.31273753996509,-1.87754255094223,-0.747932528987941,5.22835400931895e-06,0.0838794100417575,0.772107406339276,20.7517587264669,5.22835400931895e-06,FALSE,ENSG00000151778,SERP2,stress associated endoplasmic reticulum protein family member 2,0.00029094928245265,3.53618270953859,DOWN
-2,2,-1.57587081276273,-2.24690051615551,-0.904841109369942,4.16745502539099e-06,0.000809971657239575,0.977295269669896,21.1862413891165,4.16745502539099e-06,FALSE,ENSG00000151917,BEND6,BEN domain containing 6,0.000238502498015427,3.62250706790842,DOWN
-2,2,-2.55868215377487,-4.28292845960112,-0.834435847948629,0.00363197834705789,2.98229211435905,0.0841799815549222,8.45921871189169,0.00363197834705788,FALSE,ENSG00000151948,GLT1D1,glycosyltransferase 1 domain containing 1,0.0374589375753587,1.42644454441146,DOWN
-2,2,-2.16212388377184,-3.55040544395746,-0.773842323586213,0.00226967981269165,2.20018212416711,0.137994432838618,9.31756047260397,0.00226967981269165,FALSE,ENSG00000152413,HOMER1,homer scaffold protein 1,0.0268230071679592,1.57149253434275,DOWN
-2,2,-1.10419303374432,-1.69658854751696,-0.511797519971688,0.000258925431003706,0.166989355904484,0.682801441124325,13.3463547991016,0.000258925431003706,FALSE,ENSG00000152503,TRIM36,tripartite motif containing 36,0.00567618347447085,2.24594357504289,DOWN
2,2,1.64154432235909,1.00131164723615,2.28177699748202,5.02619615131539e-07,0.40293372251124,0.525578036546606,25.25374194974,5.0261961513154e-07,FALSE,ENSG00000152518,ZFP36L2,ZFP36 ring finger protein like 2,4.35088159149763e-05,4.3614227357969,UP
-2,2,-1.64885365065492,-2.56163166050268,-0.736075640807165,0.000399364284455537,0.0113087294813365,0.915310604506483,12.5351652854186,0.000399364284455537,FALSE,ENSG00000152782,PANK1,pantothenate kinase 1,0.00766053309273802,2.11574100697593,DOWN
2,2,1.98809113562379,1.02727624696096,2.94890602428661,5.00266728415326e-05,0.116431616954792,0.732937384984923,16.4470991835438,5.00266728415326e-05,FALSE,ENSG00000152952,PLOD2,"procollagen-lysine,2-oxoglutarate 5-dioxygenase 2",0.00162916444546316,2.78803507643262,UP
-2,2,-2.24040667951448,-3.78591155801606,-0.694901801012891,0.00449415681479008,1.64892004261888,0.199105982813127,8.07252017460551,0.00449415681479008,FALSE,ENSG00000152954,NRSN1,neurensin 1,0.0437619462263764,1.35890337185332,DOWN
-2,2,-2.65375950159171,-4.33206539625373,-0.975453606929702,0.00194095730903457,2.26111609945117,0.132658422855729,9.60455098807799,0.00194095730903457,FALSE,ENSG00000152969,JAKMIP1,janus kinase and microtubule interacting protein 1,0.0242093788496331,1.61601635329422,DOWN
-2,2,-1.57607768515286,-2.52437125826859,-0.627784112037127,0.00112402774901036,0.868645665133747,0.351330518797909,10.6112319506811,0.00112402774901036,FALSE,ENSG00000153012,LGI2,leucine rich repeat LGI family member 2,0.0163647284613528,1.78609119651024,DOWN
2,2,1.07997211904208,0.462405986285187,1.69753825179897,0.000609171616526469,0.816212948123611,0.366289742602619,11.7477400173904,0.000609171616526468,FALSE,ENSG00000153094,BCL2L11,BCL2 like 11,0.0104469653466207,1.98100984587985,UP
-2,2,-1.22744734715497,-1.72275740688242,-0.732137287427514,1.19139175874053e-06,0.0683865785574711,0.793700567982439,23.5910693939795,1.19139175874053e-06,FALSE,ENSG00000153237,CCDC148,coiled-coil domain containing 148,9.00478786009263e-05,4.04552651408003,DOWN
2,2,1.47049711879438,0.571583963861017,2.36941027372775,0.00134486932379349,0.00793129847599933,0.929035944748401,10.2799041605966,0.00134486932379349,FALSE,ENSG00000153930,ANKFN1,ankyrin repeat and fibronectin type III domain containing 1,0.0185238209010925,1.73226942666558,UP
2,2,4.41522100401251,2.38035618056159,6.45008582746343,2.11206345954881e-05,1.96906147164379,0.160547516697656,18.0854761701524,2.11206345954882e-05,FALSE,ENSG00000153976,HS3ST3A1,heparan sulfate-glucosamine 3-sulfotransferase 3A1,0.000862539464447997,3.06422102518234,UP
-2,2,-1.58541710360095,-2.07568227806835,-1.09515192913356,2.32582834318587e-10,0.00520097473904733,0.942508173656597,40.1717888167496,2.32582834318587e-10,FALSE,ENSG00000154114,TBCEL,tubulin folding cofactor E like,9.05999594607171e-08,7.0428719966498,DOWN
2,2,1.27380407529306,0.625263242432594,1.92234490815353,0.000118320317843678,0.948644831791636,0.330064483741415,14.8192696377976,0.000118320317843678,FALSE,ENSG00000154222,CC2D1B,coiled-coil and C2 domain containing 1B,0.0031097361684078,2.50727645517414,UP
-2,2,-1.32135052189742,-2.01226654909949,-0.630434494695359,0.000177997282336261,0.282306241317388,0.595193593417766,14.0501748490868,0.000177997282336261,FALSE,ENSG00000154822,PLCL2,phospholipase C like 2,0.00424945149330635,2.37166712378584,DOWN
-2,2,-1.26510916721523,-1.6778098039935,-0.852408530436947,1.8764918207148e-09,0.145613023086537,0.702763466351062,36.0978976757248,1.87649182071479e-09,FALSE,ENSG00000154917,RAB6B,"RAB6B, member RAS oncogene family",5.75912398793924e-07,6.23964357146173,DOWN
-2,2,-2.1547888114893,-3.05096600601186,-1.25861161696674,2.44597671249257e-06,0.144657447009322,0.703694089471,22.2084285713143,2.44597671249257e-06,FALSE,ENSG00000154975,CA10,carbonic anhydrase 10,0.000158301942952839,3.80051375469849,DOWN
-2,2,-1.65661878517816,-2.72340725920979,-0.58983031114653,0.00233739693837227,1.97049670088021,0.160395149840509,9.26370498551896,0.00233739693837227,FALSE,ENSG00000155158,TTC39B,tetratricopeptide repeat domain 39B,0.0274312354482437,1.56175463219597,DOWN
2,2,1.44745192796008,0.501785889917943,2.39311796600221,0.00270021287075363,0.432991038483913,0.510524929150714,8.99971787742399,0.00270021287075363,FALSE,ENSG00000155366,RHOC,ras homolog family member C,0.0302519424280894,1.51924673477292,UP
2,2,1.2690233825815,0.545780972557279,1.99226579260572,0.000583838972707058,0.168449516772309,0.681493463199234,11.8268111290757,0.000583838972707058,FALSE,ENSG00000155368,DBI,"diazepam binding inhibitor, acyl-CoA binding protein",0.0101924510032122,1.99172136759577,UP
2,2,1.76702969548323,0.846258874655312,2.68780051631115,0.000169018400777809,0.436813954408337,0.508664246089407,14.1475351600784,0.000169018400777808,FALSE,ENSG00000155760,FZD7,frizzled class receptor 7,0.00409525924181255,2.38771860093041,UP
-2,2,-1.15965599385406,-1.6515756730415,-0.66773631466662,3.82932253737583e-06,0.184455594856262,0.667571807256458,21.3484398680523,3.82932253737584e-06,FALSE,ENSG00000155858,LSM11,"LSM11, U7 small nuclear RNA associated",0.000226803383968084,3.64435046993918,DOWN
-2,2,-1.5881213071588,-2.62224136752437,-0.554001246793237,0.0026128164101271,1.85366293248885,0.173357973935818,9.05986239291671,0.0026128164101271,FALSE,ENSG00000155970,MICU3,mitochondrial calcium uptake family member 3,0.029666597087183,1.52773226665974,DOWN
-2,2,-1.2585149240804,-1.88321712186526,-0.633812726295541,7.86385794255481e-05,0.173947506514092,0.676627100807165,15.5907444963063,7.86385794255482e-05,FALSE,ENSG00000156017,CARNMT1,carnosine N-methyltransferase 1,0.002262646398926,2.64538331126584,DOWN
-2,2,-1.15321317122965,-1.71349729602222,-0.592929046437079,5.48061024163807e-05,0.199475171058509,0.655144806704185,16.2741657710202,5.48061024163806e-05,FALSE,ENSG00000156411,ATP5MJ,ATP synthase membrane subunit j,0.00176109967623735,2.75421606276368,DOWN
2,2,1.03733804381156,0.328619715874939,1.74605637174819,0.00412079914389396,0.417285472254363,0.51829465798622,8.22980349027317,0.00412079914389396,FALSE,ENSG00000156587,UBE2L6,ubiquitin conjugating enzyme E2 L6,0.0411592245851657,1.38553281567724,UP
-2,2,-1.40529740554992,-1.84985528589485,-0.960739525204991,5.80389549876225e-10,0.817761859162343,0.365835359276776,38.3862815920181,5.80389549876226e-10,FALSE,ENSG00000156642,NPTN,neuroplastin,2.02696046936083e-07,6.69315472101881,DOWN
-2,2,-1.05516716948291,-1.51141047144282,-0.598923867523005,5.81887924320009e-06,0.0491284199288506,0.824586887464051,20.5468721605646,5.81887924320009e-06,FALSE,ENSG00000157077,ZFYVE9,zinc finger FYVE-type containing 9,0.000315152989171821,3.50147856931047,DOWN
-2,2,-2.49696235714935,-3.86159613058872,-1.13232858370999,0.000335431167601666,1.50981527871014,0.21916727536475,12.8613910024241,0.000335431167601666,FALSE,ENSG00000157087,ATP2B2,ATPase plasma membrane Ca2+ transporting 2,0.00682178085435677,2.16610223615587,DOWN
-2,2,-1.75987450850811,-2.76380060129335,-0.75594841572287,0.00059080393690335,0.916372260168254,0.338429304628771,11.8047311158043,0.00059080393690335,FALSE,ENSG00000157103,SLC6A1,solute carrier family 6 member 1,0.0102635716517275,1.98870148145513,DOWN
2,2,2.45084929181175,1.63984879465105,3.26184978897244,3.16072477401145e-09,0.163497598674363,0.685956566067624,35.0822269588083,3.16072477401146e-09,FALSE,ENSG00000157227,MMP14,matrix metallopeptidase 14,8.002955127797e-07,6.09674961816849,UP
2,2,1.70096262443868,0.519379644148025,2.88254560472934,0.00478010117653385,1.45022469803316,0.228491901234411,7.96081021328426,0.00478010117653385,FALSE,ENSG00000157510,AFAP1L1,actin filament associated protein 1 like 1,0.0456725138829574,1.34034508352219,UP
2,2,1.02254432481089,0.530132123215564,1.51495652640621,4.69998660926365e-05,0.248698632516519,0.617992904493096,16.5654354181103,4.69998660926364e-05,FALSE,ENSG00000157593,SLC35B2,solute carrier family 35 member B2,0.00156583764403363,2.80525327034682,UP
2,2,1.25567938820148,0.579885672560781,1.93147310384217,0.000270768230227257,0.629186276478166,0.427653950176445,13.262500558207,0.000270768230227257,FALSE,ENSG00000158406,H4C8,H4 clustered histone 8,0.00582237926909056,2.23489950808506,UP
2,2,1.56609194510357,0.482424702513115,2.64975918769403,0.00461860535287394,1.13494954513699,0.286722049081501,8.02303713910907,0.00461860535287394,FALSE,ENSG00000158517,NCF1,neutrophil cytosolic factor 1,0.0446057043126104,1.35060959884218,UP
2,2,1.79327417298988,0.888512445513234,2.69803590046652,0.000102444712148277,0.366420081510258,0.544962126418111,15.0911080050717,0.000102444712148277,FALSE,ENSG00000158710,TAGLN2,transgelin 2,0.00280421633685877,2.55218848489947,UP
-2,2,-1.71271662727727,-2.85968052231422,-0.565752732240318,0.00342537222403252,0.000990899265497105,0.974887896318474,8.56579577461502,0.00342537222403252,FALSE,ENSG00000158815,FGF17,fibroblast growth factor 17,0.0357651235927849,1.44654026983466,DOWN
-2,2,-1.13602490395234,-1.77782904110467,-0.494220766800019,0.000521947168210756,1.11889271799044,0.290157005362558,12.0355755017009,0.000521947168210755,FALSE,ENSG00000158828,PINK1,PTEN induced kinase 1,0.00933971893929069,2.02966619282256,DOWN
-2,2,-1.70833002310636,-2.57663388581685,-0.84002616039588,0.000115211027330737,1.10047852885631,0.294161111216122,14.8694964984056,0.000115211027330737,FALSE,ENSG00000158856,DMTN,dematin actin binding protein,0.00304662476450576,2.51618103207196,DOWN
-2,2,-1.57255632494444,-2.51403636169185,-0.631076288197033,0.00106137048523709,1.70496336976906,0.191640153713432,10.7173242461526,0.00106137048523709,FALSE,ENSG00000159082,SYNJ1,synaptojanin 1,0.0157387412510706,1.80303000447849,DOWN
2,2,1.22760032748644,0.823436643786457,1.63176401118642,2.63008549924279e-09,0.167201895755501,0.682610638841037,35.4401538741186,2.63008549924278e-09,FALSE,ENSG00000159086,PAXBP1,PAX3 and PAX7 binding protein 1,7.39930720453638e-07,6.13080894125984,UP
-2,2,-1.05151004220512,-1.72292499175585,-0.380095092654386,0.00214402840030155,0.0107387033363417,0.917464792601265,9.42195482396986,0.00214402840030154,FALSE,ENSG00000159164,SV2A,synaptic vesicle glycoprotein 2A,0.0258816682219954,1.58700773433032,DOWN
-2,2,-1.09322283823377,-1.52318438432917,-0.663261292138378,6.24713340821977e-07,0.168048923328672,0.681851644249395,24.8344383165115,6.24713340821976e-07,FALSE,ENSG00000159363,ATP13A2,ATPase cation transporting 13A2,5.22900555028511e-05,4.28158089719178,DOWN
-2,2,-1.16716946906824,-1.9749855428027,-0.359353395333768,0.00462802387074593,0.276009919443724,0.5993284632987,8.0193476037295,0.00462802387074593,FALSE,ENSG00000160097,FNDC5,fibronectin type III domain containing 5,0.0446405959646808,1.35027001607665,DOWN
-2,2,-1.36897985259767,-2.07665614566181,-0.661303559533534,0.000149743095548789,1.15766592752816,0.281950132971751,14.3754351909788,0.000149743095548789,FALSE,ENSG00000160145,KALRN,kalirin RhoGEF kinase,0.00370867394303267,2.43078134703437,DOWN
-2,2,-1.01655790440505,-1.52790979788907,-0.505206010921032,9.76446263013437e-05,0.592817952143266,0.441331498276344,15.181709899695,9.76446263013438e-05,FALSE,ENSG00000160408,ST6GALNAC6,"ST6 N-acetylgalactosaminide alpha-2,6-sialyltransferase 6",0.00270656398194408,2.56758170192714,DOWN
-2,2,-1.56853036186838,-2.0799922679039,-1.05706845583287,1.84681770024419e-09,0.375696391805471,0.539915501904528,36.1289596409354,1.84681770024419e-09,FALSE,ENSG00000160460,SPTBN4,"spectrin beta, non-erythrocytic 4",5.75912398793924e-07,6.23964357146173,DOWN
-2,2,-1.17391379560598,-1.77745624792163,-0.57037134329033,0.000137731453313497,0.196792815953146,0.65732214263535,14.5329221960377,0.000137731453313498,FALSE,ENSG00000160469,BRSK1,BR serine/threonine kinase 1,0.00352258626050278,2.45313836315781,DOWN
-2,2,-1.13131858709734,-1.84998046067685,-0.41265671351783,0.00203293461987241,0.839312420104933,0.359593493064635,9.51955870433717,0.0020329346198724,FALSE,ENSG00000160716,CHRNB2,cholinergic receptor nicotinic beta 2 subunit,0.0250159903751091,1.60178229885969,DOWN
2,2,1.45898916591026,0.546538043287837,2.37144028853267,0.00172476668145658,0.00337864661390388,0.953648163414439,9.8215740695128,0.00172476668145658,FALSE,ENSG00000160789,LMNA,lamin A/C,0.0221399707855415,1.65482295652353,UP
-2,2,-1.38669087995897,-2.23371785271431,-0.539663907203635,0.00133331755829934,0.983858655554724,0.321248019386861,10.2958218692714,0.00133331755829934,FALSE,ENSG00000161544,CYGB,cytoglobin,0.0184478691672892,1.73405379006487,DOWN
2,2,2.78763448961795,1.74760912999069,3.82765984924521,1.4932145952919e-07,0.665778539291477,0.414527283449089,27.5981507175177,1.49321459529189e-07,FALSE,ENSG00000162493,PDPN,podoplanin,1.64383450229525e-05,4.78414190842487,UP
2,2,1.63687159185973,0.767734783826339,2.50600839989311,0.000223146463377638,0.0748653299673838,0.784380278263211,13.6253955743476,0.000223146463377638,FALSE,ENSG00000162496,DHRS3,dehydrogenase/reductase 3,0.00508899943423938,2.29336759740863,UP
-2,2,-1.67476735604962,-2.38163439635091,-0.967900315748322,3.42212138269067e-06,0.417062376858951,0.518406512607964,21.5640183442541,3.42212138269066e-06,FALSE,ENSG00000162522,NHSL3,NHS like 3,0.00020508429209403,3.6880676020311,DOWN
-2,2,-1.41854137388642,-2.15725666674141,-0.679826081031437,0.000167429269697735,0.158620072085978,0.690430173225718,14.1653078275447,0.000167429269697735,FALSE,ENSG00000162545,CAMK2N1,calcium/calmodulin dependent protein kinase II inhibitor 1,0.00407625875841024,2.38973825504274,DOWN
2,2,2.03418156437781,0.919719754723699,3.14864337403193,0.000346973035599756,0.029748047920965,0.86306315157311,12.7980920269837,0.000346973035599756,FALSE,ENSG00000162576,MXRA8,matrix remodeling associated 8,0.00697250576300462,2.15661111810314,UP
-2,2,-2.147297719955,-3.16299327958304,-1.13160216032697,3.41910458150529e-05,0.428289837153752,0.51282929436601,17.1693399751216,3.41910458150529e-05,FALSE,ENSG00000162817,C1orf115,chromosome 1 open reading frame 115,0.0012396809532721,2.90669007133932,DOWN
2,2,1.05589060622042,0.555233054462816,1.55654815797802,3.57157396215577e-05,0.454261779269373,0.500318020741427,17.0864756410111,3.57157396215577e-05,FALSE,ENSG00000162889,MAPKAPK2,MAPK activated protein kinase 2,0.00126037982887504,2.89949855589344,UP
-2,2,-1.18615743387092,-1.63706909415179,-0.735245773590043,2.52503977004168e-07,0.251432588327545,0.61606814956444,26.5826283818159,2.52503977004167e-07,FALSE,ENSG00000162999,DUSP19,dual specificity phosphatase 19,2.45900026836366e-05,4.60924142386443,DOWN
-2,2,-1.41128664959082,-2.19309667411464,-0.629476625067006,0.000403117059526426,0.229988182822446,0.631532590887198,12.5176896242707,0.000403117059526426,FALSE,ENSG00000163013,FBXO41,F-box protein 41,0.00771790090526209,2.11250080189499,DOWN
-2,2,-1.38151768624851,-2.19923709983008,-0.563798272666933,0.000928592863601081,1.26219057530632,0.261236851538445,10.9647936584939,0.000928592863601082,FALSE,ENSG00000163053,SLC16A14,solute carrier family 16 member 14,0.0142713027656324,1.84553638020697,DOWN
2,2,1.50942433325836,0.587704373015345,2.43114429350137,0.00132887226202703,8.95820320754539e-06,0.997611914520501,10.3019844742658,0.00132887226202703,FALSE,ENSG00000163083,INHBB,inhibin subunit beta B,0.0184151557275486,1.73482460418734,UP
2,2,1.03022533851139,0.522298215795852,1.53815246122693,7.02662505228379e-05,0.836099238479289,0.360514778955569,15.803665465991,7.0266250522838e-05,FALSE,ENSG00000163110,PDLIM5,PDZ and LIM domain 5,0.00209310760380971,2.67920844459989,UP
-2,2,-1.41949050711906,-2.40708371232869,-0.431897301909435,0.00484592131479579,0.277027993961676,0.598655824255263,7.9360606933704,0.00484592131479579,FALSE,ENSG00000163288,GABRB1,gamma-aminobutyric acid type A receptor subunit beta1,0.0462142100529678,1.33522446603037,DOWN
-2,2,-1.31291399714216,-1.8956230381686,-0.730204956115724,1.0052731241449e-05,0.892416231271736,0.344823371067558,19.5013746580764,1.0052731241449e-05,FALSE,ENSG00000163412,EIF4E3,eukaryotic translation initiation factor 4E family member 3,0.000499088539281349,3.3018224028528,DOWN
-2,2,-1.34100498754685,-1.85106623734925,-0.830943737744441,2.5641669967291e-07,0.435185836401202,0.50945524672934,26.552921212139,2.5641669967291e-07,FALSE,ENSG00000163590,PPM1L,"protein phosphatase, Mg2+/Mn2+ dependent 1L",2.4733222231307e-05,4.60671930029395,DOWN
2,2,1.205784303325,0.419392948565678,1.99217565808432,0.00265372417137923,0.0713122493827164,0.789435642010147,9.0314602170015,0.00265372417137923,FALSE,ENSG00000163702,IL17RC,interleukin 17 receptor C,0.0298632426752543,1.52486303654708,UP
2,2,1.2914232483978,0.472411188110739,2.11043530868486,0.0019983107393865,0.00196656809846754,0.964628601582987,9.55108673205651,0.0019983107393865,FALSE,ENSG00000163873,GRIK3,glutamate ionotropic receptor kainate type subunit 3,0.024772204612615,1.60603534147683,UP
-2,2,-1.01660270003346,-1.38135728379074,-0.651848116276176,4.69237956352604e-08,0.869005187867538,0.351230861955596,29.8398876200689,4.69237956352604e-08,FALSE,ENSG00000164038,SLC9B2,solute carrier family 9 member B2,6.78920288848453e-06,5.16818121267888,DOWN
-2,2,-1.06187461181859,-1.65163472613781,-0.472114497499376,0.000417206496805115,0.0889233726709785,0.76555035201868,12.4535125140511,0.000417206496805115,FALSE,ENSG00000164070,HSPA4L,heat shock protein family A (Hsp70) member 4 like,0.00789806990587329,2.10247902663889,DOWN
2,2,1.70934226388522,0.942034108546276,2.47665041922415,1.26405311509657e-05,0.561447260488703,0.453677706409572,19.0640257248152,1.26405311509657e-05,FALSE,ENSG00000164111,ANXA5,annexin A5,0.000587262841729268,3.23116747769011,UP
-2,2,-1.56277980238549,-2.2130236269665,-0.912535977804477,2.47075131058282e-06,0.0979979908694517,0.754245480354538,22.1890796302757,2.47075131058281e-06,FALSE,ENSG00000164211,STARD4,StAR related lipid transfer domain containing 4,0.000158378286541663,3.80030435987741,DOWN
-2,2,-1.77449670524883,-2.88911631078701,-0.65987709971065,0.00180665793901709,0.983836996711492,0.321253345881786,9.73628372338312,0.0018066579390171,FALSE,ENSG00000164398,ACSL6,acyl-CoA synthetase long chain family member 6,0.0228722895079564,1.64069036049581,DOWN
2,2,2.22209543197016,1.34643481355792,3.0977560503824,6.57048263732556e-07,0.0209275030006705,0.884976627581164,24.7371668558021,6.57048263732554e-07,FALSE,ENSG00000164434,FABP7,fatty acid binding protein 7,5.45457771728142e-05,4.26323886600201,UP
-2,2,-1.73388493023247,-2.42103672683574,-1.04673313362921,7.59243848740047e-07,9.41774793080351e-05,0.992257044276508,24.4585864190486,7.59243848740047e-07,FALSE,ENSG00000164620,RELL2,RELT like 2,6.20130782261225e-05,4.20751671046181,DOWN
2,2,2.06345937334611,0.986048152924118,3.1408705937681,0.000174225598844625,1.22207789125286,0.268953250186623,14.0904557093413,0.000174225598844624,FALSE,ENSG00000164649,CDCA7L,cell division cycle associated 7 like,0.00419134647291771,2.37764643721988,UP
-2,2,-1.32884829689031,-2.19280706366939,-0.464889530111226,0.00257313749705694,0.000184204616634801,0.989171283503276,9.08784599066141,0.00257313749705694,FALSE,ENSG00000164675,IQUB,IQ motif and ubiquitin domain containing,0.0293146643084282,1.53291507469535,DOWN
2,2,1.72121626532859,0.558853849889992,2.88357868076719,0.00370436202114214,0.795261383566957,0.372513925084806,8.42333256242417,0.00370436202114215,FALSE,ENSG00000164708,PGAM2,phosphoglycerate mutase 2,0.0378967460102299,1.42139807896256,UP
-2,2,-1.71064334573072,-2.34425076259639,-1.07703592886505,1.21248410813711e-07,0.0200993343493471,0.88726000566465,28.0010696609209,1.2124841081371e-07,FALSE,ENSG00000164742,ADCY1,adenylate cyclase 1,1.40167407056815e-05,4.85335296055596,DOWN
-2,2,-1.54612425144573,-2.05672984765433,-1.03551865523714,2.9418369973775e-09,0.0313218013144,0.859524363543296,35.2219848466384,2.94183699737749e-09,FALSE,ENSG00000164830,OXR1,oxidation resistance 1,7.84076976564192e-07,6.10564129846863,DOWN
2,2,1.12797463310696,0.457377540220243,1.79857172599367,0.000978112021069003,0.116281388683674,0.733103152694231,10.8685476860499,0.000978112021069002,FALSE,ENSG00000164898,FMC1,formation of mitochondrial complex V assembly factor 1 homolog,0.0148097131159055,1.8294533542665,UP
-2,2,-1.14518668686849,-1.78764569004645,-0.502727683690524,0.000476471437804175,0.364824183032063,0.545839138514963,12.2055660191243,0.000476471437804175,FALSE,ENSG00000164919,COX6C,cytochrome c oxidase subunit 6C,0.00872640636904283,2.05916456676478,DOWN
-2,2,-1.40444425119971,-2.06719334208168,-0.741695160317743,3.27575555438419e-05,0.190537341669878,0.662469768556967,17.2507074521013,3.27575555438419e-05,FALSE,ENSG00000165023,DIRAS2,DIRAS family GTPase 2,0.00120205986430446,2.92007390330691,DOWN
-2,2,-1.37654735110706,-2.051281878485,-0.701812823729117,6.37223483883236e-05,0.178318551102018,0.672822250927511,15.9886804736113,6.37223483883236e-05,FALSE,ENSG00000165300,SLITRK5,SLIT and NTRK like family member 5,0.00194391549541247,2.71132261835714,DOWN
-2,2,-1.53834009041592,-2.30420738032593,-0.772472800505906,8.25642226607955e-05,1.250417932552,0.263472669446795,15.4986494708201,8.25642226607954e-05,FALSE,ENSG00000165521,EML5,EMAP like 5,0.00235552238622123,2.62791276399372,DOWN
-2,2,-1.64070758995019,-2.39177518601786,-0.889639993882516,1.85602318552728e-05,0.100016553095668,0.751809770590504,18.3316056380598,1.85602318552728e-05,FALSE,ENSG00000165757,JCAD,junctional cadherin 5 associated,0.000777338446800445,3.10938985175887,DOWN
2,2,1.19165597613884,0.355367319152372,2.0279446331253,0.00522509304332299,0.222124620824438,0.637425810574475,7.79983759592359,0.005225093043323,FALSE,ENSG00000165801,ARHGEF40,Rho guanine nucleotide exchange factor 40,0.0490547613437779,1.30931883283097,UP
-2,2,-1.21035887595034,-1.88129517703275,-0.539422574867923,0.000406626688945321,1.11763129392963,0.290429069889266,12.5014941106082,0.000406626688945321,FALSE,ENSG00000165813,CCDC186,coiled-coil domain containing 186,0.00777040585969474,2.1095562967689,DOWN
-2,2,-1.07342734528976,-1.79910828780436,-0.34774640277517,0.00374141250740483,0.758736754819533,0.38372414131738,8.4052387745615,0.00374141250740483,FALSE,ENSG00000166073,GPR176,G protein-coupled receptor 176,0.0381217564134769,1.41882709798365,DOWN
-2,2,-1.69650888341294,-2.69302277893084,-0.699994987895038,0.000847707150180377,1.27992268623914,0.257913410971274,11.1337570500387,0.000847707150180376,FALSE,ENSG00000166105,GLB1L3,galactosidase beta 1 like 3,0.013352376387289,1.87444143392177,DOWN
-2,2,-2.31118211489655,-3.40887281817363,-1.21349141161947,3.68015460570336e-05,1.65689653227531,0.198022869306536,17.0296038797236,3.68015460570335e-05,FALSE,ENSG00000166111,SVOP,SV2 related protein,0.00129018162268232,2.88934914847863,DOWN
-2,2,-1.03295110061824,-1.59936461732681,-0.466537583909677,0.000351130287892319,0.428733932938487,0.512610842817828,12.7758113455914,0.000351130287892319,FALSE,ENSG00000166136,NDUFB8,NADH:ubiquinone oxidoreductase subunit B8,0.00702815722484863,2.1531585315933,DOWN
-2,2,-2.37967514422179,-3.81805615164476,-0.941294136798826,0.00118449193489334,1.53817516660503,0.214889632446906,10.5143795684693,0.00118449193489334,FALSE,ENSG00000166206,GABRB3,gamma-aminobutyric acid type A receptor subunit beta3,0.0169682239272981,1.77036361312962,DOWN
-2,2,-1.02694751140574,-1.56715293768041,-0.486742085131073,0.000194578507366093,0.159724040843862,0.689410712756799,13.8827272442149,0.000194578507366093,FALSE,ENSG00000166313,APBB1,amyloid beta precursor protein binding family B member 1,0.0045617850060273,2.34086518659471,DOWN
-2,2,-1.57389950590726,-2.42318795106549,-0.724611060749035,0.000281014086455692,0.0758079457493569,0.783060853144629,13.1928841648869,0.000281014086455692,FALSE,ENSG00000166448,TMEM130,transmembrane protein 130,0.00597364102456081,2.22376087910996,DOWN
2,2,1.50008573759103,0.63055989469813,2.36961158048393,0.000721478713696485,0.038587847820627,0.844267435642529,11.433083038209,0.000721478713696486,FALSE,ENSG00000166450,PRTG,protogenin,0.0118238453273754,1.92724126009833,UP
2,2,3.99595886475846,1.63436903568046,6.35754869383645,0.000911908865048152,3.80178937502411,0.0511978416024387,10.9983936651255,0.000911908865048153,FALSE,ENSG00000166483,WEE1,WEE1 G2 checkpoint kinase,0.0140386449490575,1.85267480955291,UP
2,2,1.0797136563234,0.454741488740363,1.70468582390643,0.000709011414685014,0.235097108203748,0.627769887262516,11.4654740815143,0.000709011414685014,FALSE,ENSG00000166526,ZNF3,zinc finger protein 3,0.0116762074925688,1.93269819596588,UP
-2,2,-1.0920330696969,-1.7713565503877,-0.412709589006104,0.00162878879900312,0.0610342029936854,0.804868744748166,9.92691972815071,0.00162878879900312,FALSE,ENSG00000166575,TMEM135,transmembrane protein 135,0.0213698658022365,1.67019820509523,DOWN
-2,2,-1.55418243244548,-2.20707552776593,-0.901289337125022,3.07709619252536e-06,7.80430101664519e-05,0.992951423484031,21.7678743466071,3.07709619252536e-06,FALSE,ENSG00000166793,YPEL4,yippee like 4,0.000190029452670103,3.72117908251663,DOWN
2,2,1.12813063835341,0.435653009325138,1.82060826738168,0.00140792841262128,1.35928452049963,0.243661518910689,10.1953813497514,0.00140792841262128,FALSE,ENSG00000166881,NEMP1,nuclear envelope integral membrane protein 1,0.0191099279234744,1.71874095096154,UP
-2,2,-1.14262575454193,-1.78741457712925,-0.497836931954619,0.000514218293389175,0.100819064635637,0.750848929739419,12.0633852871379,0.000514218293389174,FALSE,ENSG00000166922,SCG5,secretogranin V,0.00923114513072092,2.03474442106454,DOWN
-2,2,-1.14740044316034,-1.68878121449765,-0.606019671823026,3.2679809954943e-05,0.740366810099567,0.389543401100392,17.2552221756665,3.26798099549431e-05,FALSE,ENSG00000166963,MAP1A,microtubule associated protein 1A,0.00120205986430446,2.92007390330691,DOWN
-2,2,-1.14411588688604,-1.91596976728172,-0.372262006490363,0.00366963747305111,0.00804469512677053,0.928531795028164,8.44045833919258,0.00366963747305112,FALSE,ENSG00000166974,MAPRE2,microtubule associated protein RP/EB family member 2,0.0377704149665261,1.42284824374853,DOWN
-2,2,-1.3100386216692,-1.90061940176107,-0.719457841577318,1.37614592282064e-05,0.23928668942341,0.624721780524529,18.9019131169264,1.37614592282064e-05,FALSE,ENSG00000167074,TEF,"TEF transcription factor, PAR bZIP family member",0.000627820085870603,3.20216479401472,DOWN
2,2,1.18293166176231,0.359312387936805,2.00655093558782,0.00487744333112763,0.819879906669743,0.365215280634648,7.92432888499523,0.00487744333112762,FALSE,ENSG00000167081,PBX3,PBX homeobox 3,0.0464273929113351,1.33322570306677,UP
-2,2,-2.16051620151158,-3.42014810569527,-0.900884297327898,0.000774576946909714,0.711787221233019,0.398851135500316,11.3011836592426,0.000774576946909714,FALSE,ENSG00000167371,PRRT2,proline rich transmembrane protein 2,0.0125118266639579,1.90267928086096,DOWN
2,2,1.6241606166452,0.58213772063407,2.66618351265634,0.00225120758126906,0.0369959027073898,0.847473389280301,9.33253461301362,0.00225120758126906,FALSE,ENSG00000167393,PPP2R3B,protein phosphatase 2 regulatory subunit B''beta,0.0267608337829731,1.57250035945043,UP
-2,2,-1.61741966524817,-2.11433997962134,-1.120499350875,1.77711104496057e-10,0.00751414423353687,0.930922564578979,40.6975361592233,1.77711104496057e-10,FALSE,ENSG00000167535,CACNB3,calcium voltage-gated channel auxiliary subunit beta 3,7.82546985363508e-08,7.10648957726841,DOWN
-2,2,-1.68733450102858,-2.63714812910765,-0.737520872949507,0.000497950271942082,0.0191039978141522,0.890068752101022,12.1233253990259,0.000497950271942082,FALSE,ENSG00000167642,SPINT2,"serine peptidase inhibitor, Kunitz type 2",0.00900578634683822,2.04547836044769,DOWN
-2,2,-1.19793374599708,-1.71764560559163,-0.678221886402532,6.25122843900007e-06,0.00012844236568192,0.990957575057435,20.409695521806,6.25122843900008e-06,FALSE,ENSG00000167680,SEMA6B,semaphorin 6B,0.000333223377001014,3.47726453863855,DOWN
-2,2,-1.5853206067901,-2.59483410119809,-0.575807112382114,0.00208471987899184,0.0804453115273944,0.776694843157866,9.47340565665918,0.00208471987899184,FALSE,ENSG00000167702,KIFC2,kinesin family member C2,0.0252571621423748,1.59761544772936,DOWN
-2,2,-1.08064579261712,-1.70579406737276,-0.455497517861479,0.000703942139472762,0.805054308180551,0.369586497736717,11.4788093268852,0.000703942139472762,FALSE,ENSG00000167778,SPRYD3,SPRY domain containing 3,0.011619236651628,1.93482240282997,DOWN
-2,2,-1.83046687857467,-3.04857439308959,-0.61235936405975,0.00322678396971437,0.0442851621214696,0.833323963580566,8.67458460566969,0.00322678396971437,FALSE,ENSG00000167889,MGAT5B,"alpha-1,6-mannosylglycoprotein 6-beta-N-acetylglucosaminyltransferase B",0.0342816213041555,1.46493864687726,DOWN
2,2,2.37276145568867,1.14206260110959,3.60346031026775,0.000157605376767824,0.166136195815072,0.683568773236798,14.27909710223,0.000157605376767824,FALSE,ENSG00000167900,TK1,thymidine kinase 1,0.00385562139107373,2.41390561891867,UP
-2,2,-2.0734322157384,-3.06938372181479,-1.07748070966202,4.49637173243299e-05,0.000567123632846671,0.981000687506158,16.649434252967,4.49637173243298e-05,FALSE,ENSG00000167971,CASKIN1,CASK interacting protein 1,0.00152305193665824,2.81728528680217,DOWN
2,2,1.16309229456161,0.766411348304294,1.55977324081893,9.09848725867555e-09,0.381062461627438,0.537035172702069,33.0249263731865,9.09848725867556e-09,FALSE,ENSG00000167977,KCTD5,potassium channel tetramerization domain containing 5,1.91978081158054e-06,5.71674835346056,UP
-2,2,-1.01625361580951,-1.57739715407195,-0.455110077547065,0.000385855072903992,0.616292093738836,0.432428513749076,12.5994752330725,0.000385855072903991,FALSE,ENSG00000168067,MAP4K2,mitogen-activated protein kinase kinase kinase kinase 2,0.00752974986198773,2.12321945080631,DOWN
-2,2,-1.63125091243377,-2.60426269330357,-0.658239131563964,0.00101666874683691,0.577194045808799,0.447414271913006,10.7969606877861,0.00101666874683691,FALSE,ENSG00000168546,GFRA2,GDNF family receptor alpha 2,0.0152634075760189,1.81634849873661,DOWN
-2,2,-1.38504647133575,-2.12853583218933,-0.641557110482159,0.000261000309806128,0.0196327631386624,0.88856757878372,13.3313876148446,0.000261000309806128,FALSE,ENSG00000168824,NSG1,neuronal vesicle trafficking associated 1,0.00568475156797972,2.24528850987036,DOWN
2,2,1.25787361453076,0.387747086885124,2.1280001421764,0.0046060604523049,0.465743069693916,0.494952101955153,8.02796329669201,0.0046060604523049,FALSE,ENSG00000168884,TNIP2,TNFAIP3 interacting protein 2,0.0445986426968872,1.35067835828835,UP
2,2,1.38039940948708,0.445007866582007,2.31579095239216,0.00382302241098875,0.0022492436683897,0.962173554467413,8.36601875109306,0.00382302241098875,FALSE,ENSG00000168899,VAMP5,vesicle associated membrane protein 5,0.0386950461441928,1.41234463110387,UP
2,2,1.25923586559156,0.49985430771273,2.01861742347039,0.00115369272465251,0.101406500918393,0.750148262309477,10.5630724863864,0.00115369272465252,FALSE,ENSG00000168994,PXDC1,PX domain containing 1,0.0167161658301583,1.77686332915527,UP
2,2,1.57487810015213,0.750118854948858,2.39963734535541,0.000182160827198992,0.23485976165625,0.627943568969405,14.0066954153925,0.000182160827198992,FALSE,ENSG00000169105,CHST14,carbohydrate sulfotransferase 14,0.00432066711445291,2.36444919259302,UP
-2,2,-1.26628853233918,-2.03685053407331,-0.495726530605059,0.0012780217290006,0.0207375719301056,0.885496159712191,10.3740025779304,0.0012780217290006,FALSE,ENSG00000169291,SHE,Src homology 2 domain containing E,0.0179775056546085,1.74527056597251,DOWN
2,2,1.35890471216928,0.431077505873681,2.28673191846489,0.00409716612149696,0.572346667987007,0.449327917026238,8.24024236004983,0.00409716612149695,FALSE,ENSG00000169504,CLIC4,chloride intracellular channel 4,0.0410040498799616,1.38717324684957,UP
-2,2,-2.02163385988012,-3.14040055343382,-0.902867166326417,0.000397566024244442,0.00337649223709779,0.953662927146812,12.5435980948962,0.000397566024244442,FALSE,ENSG00000169744,LDB2,LIM domain binding 2,0.00766053309273802,2.11574100697593,DOWN
2,2,1.67724890982208,0.58216186215108,2.77233595749308,0.00268295750062258,0.0359499168242259,0.84961895652576,9.01143457487357,0.00268295750062258,FALSE,ENSG00000169813,HNRNPF,heterogeneous nuclear ribonucleoprotein F,0.0301252700291635,1.52106905158222,UP
-2,2,-1.00979864472466,-1.56274494786666,-0.456852341582655,0.000344496074018153,0.185105388343798,0.667021971501922,12.8114955878618,0.000344496074018153,FALSE,ENSG00000169918,OTUD7A,OTU deubiquitinase 7A,0.00693649351422635,2.15886001546257,DOWN
2,2,3.45714437142921,2.61011369072775,4.30417505213067,1.24857764929375e-15,0.0521753846359747,0.81932027312852,63.9930679570272,1.24857764929376e-15,FALSE,ENSG00000170439,TMT1B,thiol methyltransferase 1B,4.21519814401571e-12,11.3751820056584,UP
-2,2,-1.15597128588129,-1.90972215743421,-0.402220414328377,0.00264839573604635,0.33995970619289,0.559852481187666,9.03513446362538,0.00264839573604634,FALSE,ENSG00000170500,LONRF2,LON peptidase N-terminal domain and ring finger 2,0.0298372101787758,1.52524178644752,DOWN
-2,2,-1.83159652127238,-2.82178932200976,-0.84140372053501,0.000288493965015013,1.07845845356654,0.299042666545906,13.1436586963357,0.000288493965015014,FALSE,ENSG00000170571,EMB,embigin,0.00604941382540798,2.21828670546722,DOWN
-2,2,-1.98016387278128,-3.0918950073962,-0.868432738166356,0.0004812219510384,3.05529490033976e-06,0.998605346221079,12.1870589134542,0.000481221951038399,FALSE,ENSG00000170579,DLGAP1,DLG associated protein 1,0.00879750166086086,2.05564064250327,DOWN
-2,2,-1.12527685408365,-1.90892760408468,-0.34162610408262,0.0048869264746857,1.13166928298513,0.28741955774558,7.92081457660663,0.0048869264746857,FALSE,ENSG00000170791,CHCHD7,coiled-coil-helix-coiled-coil-helix domain containing 7,0.0464303858683084,1.33319770703422,DOWN
2,2,2.09950448960627,1.15854031230674,3.0404686669058,1.22481013689606e-05,1.19571206554874,0.274180385591972,19.1242149890955,1.22481013689606e-05,FALSE,ENSG00000170889,RPS9,ribosomal protein S9,0.000576971026348061,3.23884599518585,UP
2,2,1.38323616043495,0.478307322451656,2.28816499841824,0.00273619543710979,0.817478045248309,0.365918559423947,8.97552772265944,0.00273619543710979,FALSE,ENSG00000171241,SHCBP1,SHC binding and spindle associated 1,0.030553679588807,1.51493648005693,UP
2,2,1.03693148154389,0.512038841419959,1.56182412166782,0.00010797629133023,0.346220445590217,0.556260481571448,14.9918537007319,0.00010797629133023,FALSE,ENSG00000171310,CHST11,carbohydrate sulfotransferase 11,0.00292402106575553,2.53401950288093,UP
2,2,1.83957903650733,0.717724908264323,2.96143316475034,0.00130952717953003,0.743606744600796,0.388507953165835,10.3290482178619,0.00130952717953003,FALSE,ENSG00000171320,ESCO2,establishment of sister chromatid cohesion N-acetyltransferase 2,0.0182684452813776,1.73829841129274,UP
-2,2,-1.86166702412319,-2.81465810769067,-0.908675940555704,0.000128776152416582,0.648951048853191,0.420487956743027,14.6596134800025,0.000128776152416582,FALSE,ENSG00000171408,PDE7B,phosphodiesterase 7B,0.00334421761967985,2.47570546928596,DOWN
2,2,1.03674204412268,0.361753037721297,1.71173105052406,0.00260916365133388,0.364383403237947,0.546081826608534,9.06242041448204,0.00260916365133388,FALSE,ENSG00000171444,MCC,MCC regulator of WNT signaling pathway,0.029658372009775,1.52785269169522,UP
-2,2,-2.17423865534487,-3.17446024962101,-1.17401706106872,2.03983445112117e-05,0.0568302182767716,0.811577929515561,18.1517354951188,2.03983445112116e-05,FALSE,ENSG00000171450,CDK5R2,cyclin dependent kinase 5 regulatory subunit 2,0.000836414709350412,3.07757833820068,DOWN
2,2,1.35550726037524,0.690130379804095,2.02088414094638,6.52858005681932e-05,1.07116860559266,0.300681634622297,15.942795116646,6.52858005681933e-05,FALSE,ENSG00000171451,DSEL,dermatan sulfate epimerase like,0.00197377489001391,2.70470238033892,UP
-2,2,-1.47318296012426,-2.14971856757757,-0.796647352670949,1.97322753480595e-05,0.0175306286186391,0.894665320263248,18.2149606373297,1.97322753480595e-05,FALSE,ENSG00000172602,RND1,Rho family GTPase 1,0.000815708100918965,3.08846522462807,DOWN
-2,2,-1.83309420420779,-2.48375957495858,-1.18242883345701,3.35677676565847e-08,0.0428968741531387,0.835919574698845,30.4895042784998,3.35677676565846e-08,FALSE,ENSG00000172794,RAB37,"RAB37, member RAS oncogene family",5.39641826707762e-06,5.26789439627888,DOWN
2,2,1.52563772919089,0.820540317399616,2.23073514098217,2.22699339668123e-05,0.678898263472083,0.409966361435997,17.9845999442244,2.22699339668124e-05,FALSE,ENSG00000172965,,,0.000898605144286356,3.04643109951021,UP
2,2,2.67708137213061,1.17815000762998,4.17601273663125,0.000464416656838945,0.310826977293978,0.577173161891369,12.253378026699,0.000464416656838947,FALSE,ENSG00000173040,EVC2,EvC ciliary complex subunit 2,0.00856759909009989,2.06714086395853,UP
2,2,3.03647314735343,1.2186239444022,4.85432235030466,0.00106090352806172,1.53390711134402,0.215527002824258,10.7181384707369,0.00106090352806172,FALSE,ENSG00000173110,HSPA6,heat shock protein family A (Hsp70) member 6,0.0157387412510706,1.80303000447849,UP
-2,2,-1.12610187716811,-1.74189255921071,-0.510311195125512,0.000338108394332017,0.0803351139923748,0.776843787452073,12.8465147797942,0.000338108394332018,FALSE,ENSG00000173258,ZNF483,zinc finger protein 483,0.00684872363558934,2.16439035838641,DOWN
-2,2,-1.52101804602726,-2.24450910196468,-0.797526990089831,3.78060833699296e-05,0.682478828621779,0.408734453114363,16.9784712027645,3.78060833699298e-05,FALSE,ENSG00000173482,PTPRM,protein tyrosine phosphatase receptor type M,0.00131580760264827,2.88080760860713,DOWN
-2,2,-1.6634906313733,-2.41958631318321,-0.907394949563377,1.61690423737202e-05,0.017350814500842,0.895203795682544,18.5944520619482,1.61690423737203e-05,FALSE,ENSG00000173611,SCAI,suppressor of cancer cell invasion,0.000693966081814666,3.1586617555404,DOWN
2,2,1.23538119476551,0.530158585714547,1.94060380381647,0.000596089021797094,0.0143107959224628,0.904778045022416,11.7881512663873,0.000596089021797094,FALSE,ENSG00000173821,RNF213,ring finger protein 213,0.0103023713528344,1.98706279986602,UP
2,2,2.21544549002657,0.945022762803094,3.48586821725004,0.000631034541559957,1.17822427875572,0.277717793772344,11.6821239770986,0.000631034541559957,FALSE,ENSG00000173918,C1QTNF1,C1q and TNF related 1,0.01070539001159,1.970397506156,UP
-2,2,-1.45381290537823,-2.22546807581415,-0.682157734942317,0.000221965033238712,0.541520353951895,0.46180332462474,13.6353622562268,0.000221965033238711,FALSE,ENSG00000174080,CTSF,cathepsin F,0.00507463173056811,2.29459546931334,DOWN
2,2,1.18278395419009,0.587801342112108,1.77776656626807,9.76847746932047e-05,0.617337165693065,0.432038536392725,15.1809336614851,9.76847746932049e-05,FALSE,ENSG00000174428,GTF2IRD2B,GTF2I repeat domain containing 2B,0.00270656398194408,2.56758170192714,UP
-2,2,-2.07733825446098,-3.42392227934796,-0.730754229573993,0.002498007429194,1.37686604130462,0.240635696617327,9.14205234691049,0.002498007429194,FALSE,ENSG00000174469,CNTNAP2,contactin associated protein 2,0.0288739583836253,1.53949367381506,DOWN
-2,2,-1.25166536852071,-1.92725878452703,-0.576071952514385,0.000282099608392091,0.0160369163241171,0.899227752933516,13.1856589196445,0.000282099608392091,FALSE,ENSG00000174516,PELI3,pellino E3 ubiquitin protein ligase family member 3,0.00597720676526172,2.22350172066639,DOWN
2,2,1.87558047533421,0.838966885712011,2.9121940649564,0.000390785010370686,0.0839761703535845,0.771979636084165,12.5757470202008,0.000390785010370686,FALSE,ENSG00000174705,SH3PXD2B,SH3 and PX domains 2B,0.00758212755753699,2.12020891351702,UP
-2,2,-1.80370223582665,-2.74675207984655,-0.860652391806754,0.000177768232562026,0.89782992136768,0.343364256144519,14.052596429924,0.000177768232562025,FALSE,ENSG00000174938,SEZ6L2,seizure related 6 homolog like 2,0.00424945149330635,2.37166712378584,DOWN
-2,2,-1.07742253944543,-1.77594234637231,-0.378902732518562,0.00250182808055621,0.159267028611372,0.689832243966566,9.13925604680848,0.00250182808055621,FALSE,ENSG00000175182,FAM131A,family with sequence similarity 131 member A,0.0288739583836253,1.53949367381506,DOWN
-2,2,-2.37275378717916,-3.31477115429373,-1.4307364200646,7.94318506859784e-07,0.268856608558688,0.604099802099073,24.3715815819387,7.94318506859783e-07,FALSE,ENSG00000175267,VWA3A,von Willebrand factor A domain containing 3A,6.38480780752055e-05,4.19485217113189,DOWN
-2,2,-1.40799399865603,-2.10119269638905,-0.714795300923005,6.86286517740024e-05,0.404125375127024,0.524966395118027,15.8482864812693,6.86286517740025e-05,FALSE,ENSG00000175395,ZNF25,zinc finger protein 25,0.00206514979383658,2.68504844169414,DOWN
-2,2,-1.74557784959567,-2.62381750505348,-0.867338194137851,9.79562508850338e-05,1.18675785082844,0.275984513021232,15.1756932885764,9.79562508850337e-05,FALSE,ENSG00000175471,MCTP1,multiple C2 and transmembrane domain containing 1,0.00270656398194408,2.56758170192714,DOWN
-2,2,-1.0598417277788,-1.50703250576058,-0.612650949797031,3.3989065832121e-06,0.996879077458419,0.318066860010182,21.5770731099104,3.39890658321212e-06,FALSE,ENSG00000175606,TMEM70,transmembrane protein 70,0.000204905511159358,3.6884463606134,DOWN
-2,2,-1.12740985556165,-1.62627031382214,-0.628549397301163,9.44690973983696e-06,0.00142062261043989,0.969933934142878,19.6201206378616,9.44690973983693e-06,FALSE,ENSG00000175764,TTLL11,tubulin tyrosine ligase like 11,0.000471321683965856,3.32668257931508,DOWN
-2,2,-1.86121572502844,-2.93544178143422,-0.786989668622651,0.000684146235751367,1.83653183278975,0.175357982212004,11.5318303195285,0.000684146235751368,FALSE,ENSG00000175874,CREG2,cellular repressor of E1A stimulated genes 2,0.0113777226201804,1.94394465819291,DOWN
2,2,2.80529107604788,1.66515866041684,3.94542349167893,1.41781940263992e-06,0.117250867185764,0.732035486775534,23.2563446799728,1.41781940263992e-06,FALSE,ENSG00000176014,TUBB6,tubulin beta 6 class V,0.000103356682174668,3.98566144029675,UP
2,2,1.15938264061479,0.414983646600107,1.90378163462948,0.00226872339917855,0.428962075620583,0.512498681847888,9.31833273011129,0.00226872339917855,FALSE,ENSG00000176046,NUPR1,"nuclear protein 1, transcriptional regulator",0.0268230071679592,1.57149253434275,UP
2,2,1.85343942018393,0.617750504056174,3.08912833631168,0.00328427391872711,0.0949910139947463,0.757925493945946,8.64240612771848,0.00328427391872711,FALSE,ENSG00000176170,SPHK1,sphingosine kinase 1,0.0346852202803631,1.45985554301994,UP
-2,2,-1.50072656689411,-2.28886098204945,-0.712592151738765,0.000189915371437024,0.275447020343344,0.599701049019664,13.9283201090389,0.000189915371437024,FALSE,ENSG00000176182,MYPOP,"Myb related transcription factor, partner of profilin",0.00447316949282367,2.34938464566739,DOWN
-2,2,-1.17154524890663,-1.69509856788091,-0.647991929932341,1.15574111939566e-05,0.196960007026785,0.657185911884049,19.235012911348,1.15574111939566e-05,FALSE,ENSG00000176406,RIMS2,regulating synaptic membrane exocytosis 2,0.000557397431297109,3.253835037015,DOWN
-2,2,-1.34843383526708,-1.91477880548763,-0.782088865046534,3.06286949721169e-06,0.976043849219309,0.323177471667888,21.7767652337152,3.06286949721169e-06,FALSE,ENSG00000176788,BASP1,brain abundant membrane attached signal protein 1,0.000190029452670103,3.72117908251663,DOWN
2,2,2.11019605625771,1.40201970235816,2.81837241015727,5.21308003090476e-09,0.47232143609277,0.491921133534448,34.108211954927,5.21308003090476e-09,FALSE,ENSG00000176971,FIBIN,fin bud initiation factor homolog,1.19995623984099e-06,5.92083459157081,UP
-2,2,-1.90778460617388,-2.65410938406875,-1.16145982827902,5.43914018007063e-07,0.888903856251779,0.345774525381155,25.1014691956403,5.43914018007061e-07,FALSE,ENSG00000177301,KCNA2,potassium voltage-gated channel subfamily A member 2,4.62921107090381e-05,4.33449301691886,DOWN
-2,2,-1.56447039241897,-2.13532134520167,-0.993619439636281,7.80997476115129e-08,0.099727837341556,0.752156484607638,28.8526308062025,7.80997476115127e-08,FALSE,ENSG00000177380,PPFIA3,PTPRF interacting protein alpha 3,1.05434574702733e-05,4.9770169494618,DOWN
2,2,1.60070180030052,0.540251339950977,2.66115226065007,0.003091637074392,1.19341357529474,0.274642077570522,8.75258382719688,0.00309163707439199,FALSE,ENSG00000177409,SAMD9L,sterile alpha motif domain containing 9 like,0.0333107449887682,1.47741565428291,UP
2,2,2.24330355003588,1.1888173564439,3.29778974362786,3.05123877263757e-05,0.156315877332557,0.692571301207507,17.3856316310479,3.05123877263756e-05,FALSE,ENSG00000177426,TGIF1,TGFB induced factor homeobox 1,0.00115309501079378,2.93813490696075,UP
2,2,1.88643464122041,0.985566104729948,2.78730317771087,4.05717716333937e-05,0.0497563977212071,0.823487703151391,16.8444513394448,4.05717716333937e-05,FALSE,ENSG00000177469,CAVIN1,caveolae associated protein 1,0.00138821251048315,2.85754404608168,UP
2,2,2.93917048308321,1.00211227689653,4.8762286892699,0.00294015709910161,2.08021915783913,0.149218750669477,8.84423747588085,0.00294015709910161,FALSE,ENSG00000177602,HASPIN,histone H3 associated protein kinase,0.0321640348084011,1.49262947655569,UP
2,2,1.31873398603072,0.507937398657766,2.12953057340367,0.00143351246404526,0.669114556847121,0.413360483204577,10.1621770134886,0.00143351246404526,FALSE,ENSG00000177674,AGTRAP,angiotensin II receptor associated protein,0.0193458948986303,1.7134111759687,UP
-2,2,-1.25970095847683,-1.89260284989214,-0.626799067061526,9.57847510877245e-05,0.0137597412133411,0.906620800969777,15.218025746748,9.57847510877245e-05,FALSE,ENSG00000177707,NECTIN3,nectin cell adhesion molecule 3,0.002679856240377,2.57188850286882,DOWN
-2,2,-1.61873476436223,-2.46525129891222,-0.772218229812231,0.000178319202671327,1.3320686181908,0.248437541655914,14.0467767139656,0.000178319202671326,FALSE,ENSG00000177875,CCDC184,coiled-coil domain containing 184,0.00424945149330635,2.37166712378584,DOWN
-2,2,-1.29517522384981,-1.78378541381975,-0.806565033879869,2.04344385423693e-07,0.995190514412518,0.318477067854528,26.9915731982814,2.04344385423693e-07,FALSE,ENSG00000178385,PLEKHM3,pleckstrin homology domain containing M3,2.09050498542541e-05,4.67974879240911,DOWN
-2,2,-1.35498314064148,-2.29600649440725,-0.413959786875716,0.00477014216021322,0.314781315661844,0.574760892654878,7.96458518972111,0.00477014216021322,FALSE,ENSG00000178568,ERBB4,erb-b2 receptor tyrosine kinase 4,0.0456203964104244,1.34084094531733,DOWN
-2,2,-1.54909134981357,-1.98974525904049,-1.10843744058666,5.57409495678591e-12,0.301622517359603,0.582867031603703,47.4739081418116,5.57409495678592e-12,FALSE,ENSG00000178947,SMIM10L2A,small integral membrane protein 10 like 2A,5.62473444606861e-09,8.24989797656406,DOWN
2,2,2.45839171160792,1.15219601595011,3.76458740726574,0.000225270502375917,0.901829284340714,0.34229168592417,13.6076099322178,0.000225270502375917,FALSE,ENSG00000178999,AURKB,aurora kinase B,0.00510411554376575,2.29207950288958,UP
2,2,1.92511643335291,0.9391254927766,2.91110737392921,0.000129836620474576,0.0818249008958003,0.77483942680236,14.6441556213672,0.000129836620474576,FALSE,ENSG00000179314,WSCD1,WSC domain containing 1,0.00336313373955627,2.47325586203522,UP
-2,2,-1.37929898206747,-2.21102384248786,-0.547574121647086,0.00115273081871463,0.10061906153475,0.751087997023046,10.5646143393335,0.00115273081871463,FALSE,ENSG00000179388,EGR3,early growth response 3,0.0167161658301583,1.77686332915527,DOWN
-2,2,-1.20198763660346,-2.01803792308347,-0.385937350123444,0.00389062551205598,0.567326958874595,0.451323071106839,8.33416971596807,0.00389062551205598,FALSE,ENSG00000179456,ZBTB18,zinc finger and BTB domain containing 18,0.0392380308967494,1.40629279517928,DOWN
2,2,1.57431850661004,0.708327296306102,2.44030971691398,0.000366510189753676,1.09144311023975,0.296151683384947,12.695634636854,0.000366510189753675,FALSE,ENSG00000179583,CIITA,class II major histocompatibility complex transactivator,0.0072500296910649,2.13966021485808,UP
2,2,1.35768708162751,0.559851858426615,2.1555223048284,0.000852082040020504,0.000615248128276158,0.980211144341142,11.1242090532476,0.000852082040020504,FALSE,ENSG00000179833,SERTAD2,SERTA domain containing 2,0.013400445498956,1.87288076323802,UP
-2,2,-1.7417704257273,-2.25902940692769,-1.22451144452691,4.11704876428151e-11,0.387205217006339,0.533772128702359,43.5573977978943,4.11704876428154e-11,FALSE,ENSG00000179841,AKAP5,A-kinase anchoring protein 5,2.6060918677902e-08,7.58401027896453,DOWN
-2,2,-1.19285706341148,-1.77609699637288,-0.609617130450089,6.10880709349932e-05,0.783492053723932,0.376075268862819,16.0686167425685,6.10880709349931e-05,FALSE,ENSG00000179912,R3HDM2,R3H domain containing 2,0.00189204887593153,2.72306764897376,DOWN
-2,2,-1.060036212248,-1.66646895337689,-0.453603471119107,0.000612561850101733,1.13343400273868,0.287044043503492,11.737410774095,0.000612561850101732,FALSE,ENSG00000179915,NRXN1,neurexin 1,0.0104621018850427,1.98038105491684,DOWN
-2,2,-2.48154698203627,-3.34916836036072,-1.61392560371182,2.07252752836184e-08,1.09230643859077,0.295960741117354,31.4253914923717,2.07252752836184e-08,FALSE,ENSG00000180044,C3orf80,chromosome 3 open reading frame 80,3.61906186331874e-06,5.44140399310945,DOWN
-2,2,-1.88755185000541,-3.1586690104735,-0.616434689537311,0.00360898981417355,0.300541783900422,0.583542970152989,8.47076822586767,0.00360898981417356,FALSE,ENSG00000180113,TDRD6,tudor domain containing 6,0.0373354038001241,1.42787914720924,DOWN
-2,2,-1.16511531799444,-1.92152906115407,-0.408701574834813,0.00253642659723875,0.00526016143028701,0.942182542734969,9.1141292763282,0.00253642659723875,FALSE,ENSG00000180263,FGD6,"FYVE, RhoGEF and PH domain containing 6",0.0290927843452254,1.53621471230741,DOWN
2,2,1.3720801593999,0.619062147108729,2.12509817169106,0.000355259734697879,0.114455324434097,0.735127730740657,12.7539415223023,0.000355259734697878,FALSE,ENSG00000180573,H2AC6,H2A clustered histone 6,0.00709678617952686,2.14893827951826,UP
2,2,1.50217159679261,0.610337987075326,2.3940052065099,0.000962410231265008,0.296989202157001,0.585776106207506,10.8985219635523,0.000962410231265007,FALSE,ENSG00000180596,H2BC4,H2B clustered histone 4,0.014654940370722,1.83401594431658,UP
2,2,1.27166062298719,0.456274917831431,2.08704632814294,0.00223770244216995,0.137104025500549,0.711177146658775,9.34356136779973,0.00223770244216995,FALSE,ENSG00000180801,ARSJ,arylsulfatase family member J,0.0266689478726538,1.57399411749775,UP
2,2,1.29029358369314,0.424724428113341,2.15586273927294,0.00348132427401199,0.152142233480011,0.696496511958516,8.53630085960609,0.00348132427401199,FALSE,ENSG00000180891,CUEDC1,CUE domain containing 1,0.0361629253817369,1.441736444741,UP
2,2,1.82531056980539,0.738975547246511,2.91164559236427,0.000990460471076251,1.03429839305903,0.309151232558125,10.8453146684769,0.000990460471076251,FALSE,ENSG00000181026,AEN,apoptosis enhancing nuclease,0.0149488261227602,1.82539290957526,UP
2,2,1.99840211316692,1.16714952703961,2.82965469929422,2.45393019782739e-06,1.21793448302115,0.269766391745139,22.2021955599866,2.45393019782739e-06,FALSE,ENSG00000181104,F2R,coagulation factor II thrombin receptor,0.000158301942952839,3.80051375469849,UP
-2,2,-1.59476468963708,-2.64710530742517,-0.542424071848997,0.00297588201043293,0.00647152704100475,0.935882700280414,8.82219671983476,0.00297588201043293,FALSE,ENSG00000181754,AMIGO1,adhesion molecule with Ig like domain 1,0.0323735048353004,1.48981028026276,DOWN
2,2,1.37408362035716,0.696342400630426,2.05182484008389,7.07584907148622e-05,0.109556927229799,0.740649132690243,15.7904572989041,7.07584907148622e-05,FALSE,ENSG00000181924,COA4,cytochrome c oxidase assembly factor 4 homolog,0.00209544442678399,2.67872385258776,UP
2,2,1.66173289660651,0.911219910682444,2.41224588253058,1.42733234674508e-05,0.363475098678213,0.546582560462457,18.8322493032871,1.42733234674509e-05,FALSE,ENSG00000182199,SHMT2,serine hydroxymethyltransferase 2,0.000639646991497089,3.19405963842451,UP
-2,2,-1.76671121389923,-2.88180505054929,-0.651617377249159,0.0019009219783226,1.62130228441025,0.202910298187795,9.64282938328206,0.0019009219783226,FALSE,ENSG00000182389,CACNB4,calcium voltage-gated channel auxiliary subunit beta 4,0.0238273982629348,1.62292337610663,DOWN
2,2,1.20422191878805,0.659509550842446,1.74893428673365,1.47099822217222e-05,0.894729269318451,0.344198930375937,18.77477604261,1.47099822217222e-05,FALSE,ENSG00000182481,KPNA2,karyopherin subunit alpha 2,0.000647750869311313,3.18859199549868,UP
-2,2,-1.28816260902676,-1.9400485057281,-0.63627671232542,0.000107505017706794,0.191925794126965,0.661318605896228,15.0001081106563,0.000107505017706794,FALSE,ENSG00000182568,SATB1,SATB homeobox 1,0.0029190638588054,2.53475640407898,DOWN
-2,2,-1.80862575975813,-2.47858802036074,-1.13866349915551,1.2157885794829e-07,0.943397482448701,0.331405625054466,27.9958029210406,1.21578857948291e-07,FALSE,ENSG00000182621,PLCB1,phospholipase C beta 1,1.40167407056815e-05,4.85335296055596,DOWN
2,2,1.39334466074632,0.626718143516771,2.15997117797587,0.000367708188044768,0.217963570819163,0.640595975202824,12.6895325209104,0.000367708188044769,FALSE,ENSG00000182957,SPATA13,spermatogenesis associated 13,0.00725954878853297,2.13909037168834,UP
2,2,1.24475143934867,0.369350795708245,2.12015208298909,0.00532122833742558,0.00974930986521323,0.921345825315308,7.76690034953034,0.00532122833742557,FALSE,ENSG00000183010,PYCR1,pyrroline-5-carboxylate reductase 1,0.0496255990805214,1.30429423739167,UP
-2,2,-2.24200191822866,-3.77754140159209,-0.70646243486524,0.0042138449111695,0.518305712239461,0.471565313072628,8.18928840003044,0.0042138449111695,FALSE,ENSG00000183036,PCP4,Purkinje cell protein 4,0.0418820620807897,1.37797194379689,DOWN
-2,2,-1.20668197422809,-1.70387008944233,-0.70949385901386,1.9662948343005e-06,0.779020655310882,0.377440825625849,22.6276970164569,1.96629483430051e-06,FALSE,ENSG00000183049,CAMK1D,calcium/calmodulin dependent protein kinase ID,0.000131884993919175,3.87980461634782,DOWN
-2,2,-1.66730743852928,-2.62081962662534,-0.71379525043322,0.000609873746502731,0.156070413563535,0.692800466902025,11.745596034456,0.000609873746502731,FALSE,ENSG00000183114,FAM43B,family with sequence similarity 43 member B,0.0104469653466207,1.98100984587985,DOWN
-2,2,-1.41698103775517,-2.28276765389105,-0.551194421619281,0.00133775163434058,0.0879276037303809,0.766828497782097,10.2896955036877,0.00133775163434058,FALSE,ENSG00000183248,PRR36,proline rich 36,0.0184839680117345,1.73320479174061,DOWN
2,2,1.16459366101282,0.515598240934004,1.81358908109165,0.000436340442024248,0.106162796117467,0.744555757813129,12.3697739075485,0.000436340442024248,FALSE,ENSG00000183255,PTTG1IP,PTTG1 interacting protein,0.00813859299598818,2.08945066966792,UP
-2,2,-1.10680697547096,-1.86816167302252,-0.345452277919391,0.00438202710344684,0.187443335644365,0.665053080358,8.11831491313258,0.00438202710344684,FALSE,ENSG00000183307,TMEM121B,transmembrane protein 121B,0.0431303892164331,1.36521662268441,DOWN
-2,2,-1.04183141288059,-1.72353677218186,-0.360126053579322,0.00274122314899027,0.780069324051497,0.377119938868502,8.97217346387114,0.00274122314899026,FALSE,ENSG00000183628,DGCR6,DiGeorge syndrome critical region gene 6,0.0305761101904994,1.51461776517134,DOWN
-2,2,-1.23970904750446,-1.79466736379372,-0.684750731215194,1.19597670200912e-05,0.310145303169106,0.577591035206184,19.169685849488,1.19597670200911e-05,FALSE,ENSG00000183741,CBX6,chromobox 6,0.000568678499434194,3.24513319121962,DOWN
-2,2,-2.5390216890816,-3.65839692203343,-1.41964645612977,8.76117429101859e-06,0.0250264837975691,0.874301087014506,19.7641261130327,8.76117429101861e-06,FALSE,ENSG00000183785,TUBA8,tubulin alpha 8,0.000441458573231026,3.35511004466015,DOWN
-2,2,-2.38106532689472,-3.62135346742671,-1.14077718636272,0.000168104999322122,1.15497275290711,0.282510592546715,14.1577298684655,0.000168104999322122,FALSE,ENSG00000183807,FAM162B,family with sequence similarity 162 member B,0.0040828955231042,2.38903173306252,DOWN
-2,2,-1.24664345685623,-1.88810886149699,-0.605178052215462,0.000139499569829618,0.0168653737840483,0.896671847985412,14.508891324976,0.000139499569829618,FALSE,ENSG00000183826,BTBD9,BTB domain containing 9,0.0035409815619909,2.45087633462185,DOWN
2,2,1.89668851929048,0.878243624025013,2.91513341455595,0.000262122727315021,1.41834554040566,0.233675911034586,13.323340938356,0.00026212272731502,FALSE,ENSG00000183853,KIRREL1,kirre like nephrin family adhesion molecule 1,0.00568475156797972,2.24528850987036,UP
-2,2,-1.15663174608313,-1.69289191353379,-0.620371578632466,2.3646529564607e-05,0.92878491528258,0.335178863242236,17.8704430392698,2.3646529564607e-05,FALSE,ENSG00000183889,NPIPA6,"nuclear pore complex interacting protein family, member A6",0.000946608898934148,3.02382941710886,DOWN
-2,2,-1.31252577492074,-1.81116415229995,-0.813887397541533,2.48198245201413e-07,0.0143958843805635,0.904496733238721,26.6158574656368,2.48198245201413e-07,FALSE,ENSG00000184205,TSPYL2,TSPY like 2,2.44167468187584e-05,4.61231220004625,DOWN
2,2,1.28999285876062,0.52021646348813,2.05976925403312,0.00102159272030428,0.109175932982512,0.741084281725207,10.7880168243608,0.00102159272030428,FALSE,ENSG00000184216,IRAK1,interleukin 1 receptor associated kinase 1,0.015305756022547,1.81514521371048,UP
-2,2,-1.69178010807344,-2.68313245904051,-0.70042775710637,0.00082356078428192,0.0520840598417527,0.819475739434862,11.18736812095,0.000823560784281919,FALSE,ENSG00000184349,EFNA5,ephrin A5,0.0131148170176215,1.88223776445538,DOWN
2,2,1.85479368960113,0.960498563170729,2.74908881603154,4.80280541553777e-05,1.50623635366363,0.219714284836777,16.5243990144136,4.80280541553777e-05,FALSE,ENSG00000184640,SEPTIN9,septin 9,0.00159484633601858,2.79728115501062,UP
-2,2,-1.5376050763271,-1.99536619435162,-1.07984395830259,4.59634001240885e-11,0.487870101630099,0.484878944747073,43.3419042087073,4.59634001240886e-11,FALSE,ENSG00000184702,SEPTIN5,septin 5,2.73833715562805e-08,7.5625130807403,DOWN
-2,2,-1.58120213201029,-2.41540416561563,-0.747000098404944,0.000203166440095586,1.02918467824898,0.310350240240101,13.8015694798218,0.000203166440095586,FALSE,ENSG00000185070,FLRT2,fibronectin leucine rich transmembrane protein 2,0.00474194738553878,2.32404326906237,DOWN
-2,2,-1.07836709219714,-1.78814478162046,-0.36858940277382,0.00290345836467473,0.934521083531738,0.333690873427879,8.86716411939943,0.00290345836467472,FALSE,ENSG00000185133,INPP5J,inositol polyphosphate-5-phosphatase J,0.0318939547911341,1.49629162570919,DOWN
-2,2,-1.23048541204351,-1.87259277607456,-0.588378048012446,0.000172702422464178,0.00222028524634652,0.96241766475969,14.1069724869862,0.000172702422464178,FALSE,ENSG00000185261,KIAA0825,KIAA0825,0.00416459555885046,2.38042716834798,DOWN
-2,2,-1.94335203555834,-2.5843606311594,-1.30234343995727,2.8149326571335e-09,0.00112928116218131,0.973192311443535,35.307863158582,2.81493265713351e-09,FALSE,ENSG00000185518,SV2B,synaptic vesicle glycoprotein 2B,7.70530755444543e-07,6.11321002189912,DOWN
2,2,1.19359638028886,0.69035867234567,1.69683408823205,3.34018238232359e-06,0.35410661442101,0.551797630356136,21.6105000850381,3.34018238232359e-06,FALSE,ENSG00000185591,SP1,Sp1 transcription factor,0.000203791368482972,3.69081421434137,UP
2,2,1.13468250157133,0.351420343880717,1.91794465926195,0.00452089023901577,0.254531461740076,0.61390225583496,8.06177378597552,0.00452089023901577,FALSE,ENSG00000185633,NDUFA4L2,NDUFA4 mitochondrial complex associated like 2,0.0439420118433318,1.3571200631994,UP
2,2,1.28574457727038,0.529590254816116,2.04189889972464,0.0008601680431981,0.930259536162547,0.334795493852101,11.1066914352287,0.000860168043198101,FALSE,ENSG00000185650,ZFP36L1,ZFP36 ring finger protein like 1,0.0134648870811598,1.87079728430482,UP
-2,2,-1.09147029921592,-1.57214086162208,-0.610799736809751,8.56555402048364e-06,0.217423390517593,0.641010217704119,19.8072861411409,8.56555402048365e-06,FALSE,ENSG00000185946,RNPC3,"RNA binding region (RNP1, RRM) containing 3",0.00043814106625989,3.35838603918836,DOWN
-2,2,-1.71756347404275,-2.80959969480626,-0.625527253279226,0.0020516813627547,1.56630180293385,0.210744895404147,9.50271461809471,0.0020516813627547,FALSE,ENSG00000186094,AGBL4,AGBL carboxypeptidase 4,0.0251566935132925,1.59934644125926,DOWN
2,2,2.30346782510737,0.826517053980168,3.78041859623458,0.00223728214306244,0.366952686268842,0.544670018844894,9.34390561829274,0.00223728214306243,FALSE,ENSG00000186193,SAPCD2,suppressor APC domain containing 2,0.0266689478726538,1.57399411749775,UP
-2,2,-1.6853351727164,-2.27342677282846,-1.09724357260435,1.94519971273828e-08,0.0316872490659451,0.858715808416677,31.5485060570624,1.94519971273828e-08,FALSE,ENSG00000186310,NAP1L3,nucleosome assembly protein 1 like 3,3.45631275273917e-06,5.46138696623848,DOWN
-2,2,-1.26416963959828,-1.93463415281102,-0.593705126385536,0.000219421815187558,0.892040917767344,0.344924837227481,13.6569997615889,0.000219421815187559,FALSE,ENSG00000186369,,,0.00503365196360424,2.2981168157069,DOWN
-2,2,-1.97926387407873,-3.10289574235267,-0.855632005804796,0.00055551480375135,0.0780463068163948,0.779962663167278,11.9194298403371,0.000555514803751351,FALSE,ENSG00000186453,FAM228A,family with sequence similarity 228 member A,0.00981894229039035,2.00793529247653,DOWN
-2,2,-1.30921395192405,-2.16814725773112,-0.450280646116973,0.00281323996866621,0.033374636721494,0.855043408808476,8.92480108371168,0.00281323996866621,FALSE,ENSG00000186462,NAP1L2,nucleosome assembly protein 1 like 2,0.0311393381449742,1.50669062243714,DOWN
2,2,2.10399641467506,0.96680468492812,3.241188144422,0.000287551606889385,0.529007569190216,0.467024397047491,13.149789103337,0.000287551606889385,FALSE,ENSG00000186470,BTN3A2,butyrophilin subfamily 3 member A2,0.00604941382540798,2.21828670546722,UP
-2,2,-2.63819044026277,-4.09575223205292,-1.18062864847262,0.000388847219211832,1.78542447733191,0.181484640171178,12.5850375613724,0.000388847219211832,FALSE,ENSG00000186479,RGS7BP,regulator of G protein signaling 7 binding protein,0.00755901081799892,2.1215350331221,DOWN
2,2,1.52945561455817,0.563206542103517,2.49570468701281,0.00191967250712433,0.156441444598139,0.692454151671537,9.62480098377537,0.00191967250712433,FALSE,ENSG00000186517,ARHGAP30,Rho GTPase activating protein 30,0.0240326862202166,1.61919768381879,UP
-2,2,-1.75254107060298,-2.58604696847057,-0.919035172735382,3.77153680611052e-05,1.07580391922278,0.299638147975633,16.9830323307997,3.77153680611053e-05,FALSE,ENSG00000186642,PDE2A,phosphodiesterase 2A,0.00131580760264827,2.88080760860713,DOWN
2,2,1.78344031902576,0.938398954722319,2.62848168332921,3.52706635835986e-05,0.352028381987235,0.552967152048057,17.1102914641112,3.52706635835985e-05,FALSE,ENSG00000186918,ZNF395,zinc finger protein 395,0.0012534080027182,2.90190753675807,UP
-2,2,-1.19562292877877,-1.60810625875626,-0.783139598801282,1.3379546833085e-08,0.789577152797392,0.374228015826265,32.2754159983675,1.3379546833085e-08,FALSE,ENSG00000187189,TSPYL4,TSPY like 4,2.55675566651857e-06,5.59231077285471,DOWN
2,2,2.21797170992819,0.86776386975987,3.5681795500965,0.00128364436595345,0.277889884257243,0.598087608316981,10.3658981183738,0.00128364436595345,FALSE,ENSG00000187416,LHFPL3,LHFPL tetraspan subfamily member 3,0.0180065791390257,1.74456878591213,UP
-2,2,-1.37658078080162,-2.04991853592473,-0.70324302567851,6.15009058063991e-05,0.0118342615576818,0.913372710380132,16.0558629428997,6.15009058063991e-05,FALSE,ENSG00000187486,KCNJ11,potassium inwardly rectifying channel subfamily J member 11,0.00189325584804623,2.72279069301634,DOWN
-2,2,-2.7495442874554,-4.68531120519727,-0.813777369713528,0.00537073447713002,1.12840351644086,0.288116128033369,7.75017472683673,0.00537073447713001,FALSE,ENSG00000187627,RGPD1,RANBP2 like and GRIP domain containing 1,0.0499214249558207,1.30171302665861,DOWN
-2,2,-1.70746901720301,-2.51308261962708,-0.901855414778938,3.26608788010705e-05,0.155436158736482,0.693393575325,17.2563231511369,3.26608788010705e-05,FALSE,ENSG00000187664,HAPLN4,hyaluronan and proteoglycan link protein 4,0.00120205986430446,2.92007390330691,DOWN
2,2,1.36571354807783,0.41918933904117,2.31223775711448,0.00468430676293539,0.000347422979463776,0.985128862643912,7.99745794199994,0.00468430676293539,FALSE,ENSG00000187837,H1-2,"H1.2 linker histone, cluster member",0.0450547567853842,1.34625935037668,UP
2,2,2.72308738457117,1.90588703960647,3.54028772953587,6.53225250534955e-11,0.858525244998596,0.354151720581504,42.6542446744871,6.53225250534953e-11,FALSE,ENSG00000187840,EIF4EBP1,eukaryotic translation initiation factor 4E binding protein 1,3.67548074301001e-08,7.43468584831267,UP
-2,2,-2.60842543437568,-3.99193885436665,-1.22491201438471,0.000219675569501686,0.0821282407236549,0.774433737236132,13.6548295207699,0.000219675569501686,FALSE,ENSG00000188112,C6orf132,chromosome 6 open reading frame 132,0.00503365196360424,2.2981168157069,DOWN
-2,2,-1.43106847693854,-2.04040164222212,-0.821735311654966,4.16178741174361e-06,0.530621636587171,0.466345627778088,21.1888496288805,4.16178741174361e-06,FALSE,ENSG00000188158,NHS,NHS actin remodeling regulator,0.000238502498015427,3.62250706790842,DOWN
-2,2,-1.3700807434266,-1.80795524516238,-0.932206241690822,8.64546483723355e-10,0.0831814029358838,0.773031487715485,37.6087755803693,8.64546483723351e-10,FALSE,ENSG00000188211,NCR3LG1,natural killer cell cytotoxicity receptor 3 ligand 1,2.91870892905005e-07,6.5348092132718,DOWN
-2,2,-1.092307146795,-1.65458155094902,-0.530032742640975,0.000140355655564949,0.665978728463131,0.414457128324177,14.4973660384508,0.000140355655564948,FALSE,ENSG00000188343,CIBAR1,CBY1 interacting BAR domain containing 1,0.0035538051989045,2.44930638164031,DOWN
2,2,1.76789789739345,0.895931388981891,2.63986440580501,7.07364320945718e-05,0.000888106952245057,0.976225662871272,15.7910472119111,7.07364320945719e-05,FALSE,ENSG00000188486,H2AX,H2A.X variant histone,0.00209544442678399,2.67872385258776,UP
2,2,1.74907152409741,0.837500876702876,2.66064217149194,0.000169458264292816,0.257526238828925,0.611824778134576,14.1426455080779,0.000169458264292816,FALSE,ENSG00000188549,CCDC9B,coiled-coil domain containing 9B,0.00409611766290606,2.38762757653982,UP
2,2,1.48658657823411,0.637510798473764,2.33566235799446,0.000600116008495352,0.00833775597049691,0.927245228683272,11.775617535891,0.000600116008495352,FALSE,ENSG00000188707,,,0.0103543014208534,1.98487919655834,UP
-2,2,-1.85369244109154,-2.49963049679498,-1.20775438538809,1.85892909986066e-08,0.0800413607043852,0.777241367888745,31.6365994645437,1.85892909986066e-08,FALSE,ENSG00000189195,BTBD8,BTB domain containing 8,3.42313344061613e-06,5.46557617086105,DOWN
-2,2,-1.2420785922962,-1.6982800121131,-0.785877172479293,9.48604855513553e-08,0.543301414436539,0.461067724620713,28.4761367658272,9.48604855513557e-08,FALSE,ENSG00000189227,C15orf61,chromosome 15 open reading frame 61,1.18610740452361e-05,4.92587598291108,DOWN
-2,2,-1.44796787700333,-1.81057440948899,-1.08536134451768,5.0136591911135e-15,0.200048501330265,0.654681699992881,61.2551755493358,5.01365919111349e-15,FALSE,ENSG00000189241,TSPYL1,TSPY like 1,1.26945850718994e-11,10.8963814896646,DOWN
-2,2,-1.13942604321281,-1.85552143122806,-0.423330655197555,0.00181696166331258,0.712711712797313,0.398545056183707,9.72583084716162,0.00181696166331258,FALSE,ENSG00000196177,ACADSB,acyl-CoA dehydrogenase short/branched chain,0.0229453712294636,1.63930491153204,DOWN
-2,2,-1.00848074295549,-1.6186785838937,-0.398282902017272,0.00119842701403832,0.233740348153948,0.628764179649724,10.4927679442661,0.00119842701403832,FALSE,ENSG00000196189,SEMA4A,semaphorin 4A,0.0170472876378934,1.76834471095903,DOWN
-2,2,-1.26980968024,-1.83859386450416,-0.70102549597584,1.21089962845808e-05,0.373233759758891,0.541246846977977,19.1460163530348,1.21089962845808e-05,FALSE,ENSG00000196227,FAM217B,family with sequence similarity 217 member B,0.000573083712010439,3.2417819347363,DOWN
2,2,1.24114245423447,0.48614055609662,1.99614435237231,0.00127311850115,0.179414692978965,0.671876727344336,10.3810995934887,0.00127311850115,FALSE,ENSG00000196417,ZNF765,zinc finger protein 765,0.0179334411399822,1.74633636828978,UP
2,2,2.88953266651159,1.12755917480557,4.65150615821761,0.00130796952590744,2.31308831623126,0.128288935366616,10.3312449488085,0.00130796952590744,FALSE,ENSG00000196517,SLC6A9,solute carrier family 6 member 9,0.0182684452813776,1.73829841129274,UP
-2,2,-1.55853843337244,-2.62315515077908,-0.493921715965798,0.00411412624165797,0.392223920957781,0.53113272495543,8.23274477214172,0.00411412624165798,FALSE,ENSG00000196542,SPTSSB,serine palmitoyltransferase small subunit B,0.0411331397586495,1.38580813882993,DOWN
-2,2,-1.49470199406934,-1.92069099010414,-1.06871299803454,6.10901253028778e-12,0.558007694558391,0.455064088279907,47.2942832836716,6.10901253028774e-12,FALSE,ENSG00000196876,SCN8A,sodium voltage-gated channel alpha subunit 8,5.62473444606861e-09,8.24989797656406,DOWN
-2,2,-1.1492041324562,-1.85174164568988,-0.446666619222525,0.00134551754847805,0.963232225384449,0.326373862244595,10.2790150476617,0.00134551754847805,FALSE,ENSG00000197122,SRC,"SRC proto-oncogene, non-receptor tyrosine kinase",0.0185238209010925,1.73226942666558,DOWN
2,2,1.90306299804496,0.694553063318006,3.11157293277191,0.00202601789452239,0.0321213364692799,0.857761613000799,9.52581323839564,0.00202601789452238,FALSE,ENSG00000197238,H4C11,H4 clustered histone 11,0.0250089054891982,1.60190531468305,UP
2,2,1.48606620165775,0.619147037113123,2.35298536620239,0.000780115435486917,0.606434300925698,0.436133526278484,11.2879554909467,0.000780115435486917,FALSE,ENSG00000197299,BLM,BLM RecQ like helicase,0.0125812247302731,1.9002770800585,UP
2,2,1.26018081468257,0.561173344199649,1.95918828516548,0.000410171304003365,0.053727280582077,0.816699990953917,12.4852796615485,0.000410171304003366,FALSE,ENSG00000197324,LRP10,LDL receptor related protein 10,0.00779774692792071,2.10803086373524,UP
2,2,1.23378819857261,0.4416872451529,2.02588915199231,0.00226664875542503,0.000166455393314161,0.989706171016725,9.32000904010611,0.00226664875542502,FALSE,ENSG00000197355,UAP1L1,UDP-N-acetylglucosamine pyrophosphorylase 1 like 1,0.0268230071679592,1.57149253434275,UP
2,2,2.03547030033997,1.11565667437469,2.95528392630524,1.4428588541636e-05,0.666391928186163,0.41431238042876,18.8116133700869,1.4428588541636e-05,FALSE,ENSG00000197696,NMB,neuromedin B,0.000641634594456037,3.19271222861365,UP
2,2,2.37591967700078,0.914734950609541,3.83710440339202,0.00143783556201649,1.34213924813157,0.246657059583396,10.1566255835859,0.00143783556201649,FALSE,ENSG00000197747,S100A10,S100 calcium binding protein A10,0.0193648917182221,1.71298492709567,UP
-2,2,-1.59987154597543,-2.57379600815297,-0.625947083797892,0.0012834962286684,0.549790351933357,0.458403368865217,10.3661111820049,0.0012834962286684,FALSE,ENSG00000197885,NKIRAS1,NFKB inhibitor interacting Ras like 1,0.0180065791390257,1.74456878591213,DOWN
2,2,1.02040143364338,0.523116770988992,1.51768609629777,5.77695878886612e-05,0.494179456191105,0.482068844755718,16.174399753092,5.77695878886612e-05,FALSE,ENSG00000197928,ZNF677,zinc finger protein 677,0.0018077430231383,2.74286330592098,UP
-2,2,-1.10262427812831,-1.87485979201033,-0.330388764246282,0.00513399954918567,0.40655837832031,0.523721525735891,7.83162245693631,0.00513399954918568,FALSE,ENSG00000198105,ZNF248,zinc finger protein 248,0.0484121315596794,1.31504579518958,DOWN
-2,2,-1.07313253885739,-1.72831825365707,-0.41794682405772,0.00132625781510794,0.678199623207276,0.410207367561286,10.3056186884421,0.00132625781510794,FALSE,ENSG00000198108,CHSY3,chondroitin sulfate synthase 3,0.0184151557275486,1.73482460418734,DOWN
2,2,1.12565036146348,0.470528402993014,1.78077231993395,0.000758064412853863,0.0548033759825137,0.814906407484011,11.3411971346858,0.000758064412853863,FALSE,ENSG00000198142,SOWAHC,sosondowah ankyrin repeat domain family member C,0.0123039685470896,1.90995478773794,UP
2,2,1.08773753739849,0.447393056780183,1.72808201801679,0.000870511349006016,0.00959329070935041,0.921975692545969,11.0845246431723,0.000870511349006016,FALSE,ENSG00000198346,ZNF813,zinc finger protein 813,0.0135848057669228,1.86694656666506,UP
-2,2,-1.44131637001045,-2.13947446707722,-0.743158272943678,5.20427487756634e-05,0.333376280759737,0.563677742394741,16.372208323463,5.20427487756634e-05,FALSE,ENSG00000198513,ATL1,atlastin GTPase 1,0.00167862725987235,2.77504572849087,DOWN
2,2,1.38526359264459,0.811896100323102,1.95863108496607,2.18731940936499e-06,0.462253020262419,0.496572899364355,22.4230605448764,2.18731940936499e-06,FALSE,ENSG00000198556,ZNF789,zinc finger protein 789,0.000142923683729346,3.84489579877585,UP
-2,2,-1.16282632105645,-1.76394071059042,-0.561711931522478,0.000149767737233448,0.203065638416162,0.652257647500283,14.3751253627817,0.000149767737233448,FALSE,ENSG00000198668,CALM1,calmodulin 1,0.00370867394303267,2.43078134703437,DOWN
-2,2,-1.29580499336666,-2.13156042070794,-0.460049566025381,0.00237487086829737,0.543244890854264,0.461091040959456,9.23457832598293,0.00237487086829737,FALSE,ENSG00000198739,LRRTM3,leucine rich repeat transmembrane neuronal 3,0.0278065805249893,1.55585241460351,DOWN
-2,2,-1.22657479028206,-1.85910428277054,-0.594045297793572,0.000144299348401303,0.0382625649755593,0.844916847466442,14.4451711276968,0.000144299348401303,FALSE,ENSG00000198794,SCAMP5,secretory carrier membrane protein 5,0.00361000795648988,2.44249184090436,DOWN
-2,2,-1.23543848619268,-1.85643402478683,-0.614442947598529,9.64923367671468e-05,0.819325073947363,0.365377572252355,15.2041265036389,9.64923367671468e-05,FALSE,ENSG00000198825,INPP5F,inositol polyphosphate-5-phosphatase F,0.00269221594153626,2.56989010846872,DOWN
2,2,1.76541466105429,0.857598677958627,2.67323064414996,0.000138120801950693,1.21512234678191,0.270320021817718,14.5276039096978,0.000138120801950693,FALSE,ENSG00000198901,PRC1,protein regulator of cytokinesis 1,0.00352364605077235,2.45300772282431,UP
-2,2,-1.21183665892426,-1.99416479551317,-0.429508522335351,0.00239731250041864,0.992465233263226,0.319140595487369,9.21735796714862,0.00239731250041865,FALSE,ENSG00000198934,MAGEE1,MAGE family member E1,0.0279193353737444,1.55409492440672,DOWN
2,2,1.56999685166446,0.761656676032113,2.37833702729682,0.000140813173463922,0.0162783322712702,0.898476161628785,14.4912355667603,0.000140813173463922,FALSE,ENSG00000199293,,,0.00355649830634064,2.44897739378381,UP
2,2,4.36745966081635,3.02081404849761,5.71410527313508,2.06291964007678e-10,1.10940884196794,0.292210489263399,40.4061383053181,2.06291964007679e-10,FALSE,ENSG00000199352,,,8.70552088112403e-08,7.06020523844325,UP
2,2,1.50149984382004,0.498251247191355,2.50474844044873,0.00335318810247548,0.107534625985936,0.742968577826246,8.60457933065526,0.00335318810247547,FALSE,ENSG00000200795,,,0.0351200507775301,1.45444486485064,UP
2,2,1.12657814103452,0.373950589811943,1.8792056922571,0.00334848674507931,0.163751909633781,0.685725455389778,8.60713466851874,0.00334848674507931,FALSE,ENSG00000201772,,,0.0351200507775301,1.45444486485064,UP
2,2,2.06384560752995,0.75291141342537,3.37477980163452,0.00203118708343185,0.612005083700765,0.434033858013606,9.52113689629435,0.00203118708343185,FALSE,ENSG00000202198,,,0.0250159903751091,1.60178229885969,UP
-2,2,-1.2078376773134,-1.74489041774361,-0.670784936883185,1.04338632111616e-05,0.0956956845423783,0.757057436974174,19.4302976600598,1.04338632111616e-05,FALSE,ENSG00000204065,TCEAL5,transcription elongation factor A like 5,0.000508048877897332,3.29409450350358,DOWN
-2,2,-1.42392163307385,-2.09755773148415,-0.750285534663558,3.4287905414849e-05,0.440259296017704,0.506997330769622,17.1639663589128,3.4287905414849e-05,FALSE,ENSG00000204131,NHSL2,NHS like 2,0.0012396809532721,2.90669007133932,DOWN
-2,2,-1.94797404854501,-2.87972698932426,-1.01622110776576,4.17440116456474e-05,1.02296614247053,0.311816463596149,16.7903972481157,4.17440116456475e-05,FALSE,ENSG00000204314,PRRT1,proline rich transmembrane protein 1,0.00141873607364804,2.84809838848835,DOWN
-2,2,-2.1265435349253,-3.46428853882056,-0.788798531030035,0.00183538337993918,0.837211941964091,0.36019537613618,9.70729131247693,0.00183538337993918,FALSE,ENSG00000204442,NALF1,NALCN channel auxiliary factor 1,0.0231203518308756,1.63600556138277,DOWN
2,2,1.02254523435206,0.546472755884124,1.49861771282,2.55639832140236e-05,0.271651417606374,0.602226132693088,17.7220961460388,2.55639832140235e-05,FALSE,ENSG00000204628,RACK1,receptor for activated C kinase 1,0.0010074397742865,2.99678090695046,UP
-2,2,-1.93277724329057,-2.65302409034971,-1.21253039623143,1.44408924306365e-07,0.32098708902322,0.571015043630158,27.662858645047,1.44408924306365e-07,FALSE,ENSG00000204851,PNMA8B,PNMA family member 8B,1.62169645011467e-05,4.79003043395804,DOWN
-2,2,-1.00401541608713,-1.62635570704054,-0.381675125133716,0.00156694704138641,0.7110109568083,0.399108402910132,9.9981835937873,0.00156694704138641,FALSE,ENSG00000204991,SPIRE2,spire type actin nucleation factor 2,0.0206910555869121,1.68421735254949,DOWN
-2,2,-1.20609450282671,-1.84342066960581,-0.568768336047601,0.000208003327531171,0.0345166984784826,0.852612033585137,13.7573681307685,0.000208003327531171,FALSE,ENSG00000205090,TMEM240,transmembrane protein 240,0.00482072700511603,2.31688746165714,DOWN
2,2,1.29747920593022,0.658131472497968,1.93682693936248,6.96404609025363e-05,0.480891825560457,0.488018633780647,15.8205921595197,6.96404609025363e-05,FALSE,ENSG00000205336,ADGRG1,adhesion G protein-coupled receptor G1,0.00208058580537135,2.68181436877713,UP
-2,2,-1.04632177043916,-1.7426100341635,-0.350033506714833,0.00322678863380097,0.046044669333492,0.830094619558861,8.67458197150649,0.00322678863380097,FALSE,ENSG00000205593,DENND6B,DENN domain containing 6B,0.0342816213041555,1.46493864687726,DOWN
2,2,1.36853785001415,0.573558790628366,2.16351690939993,0.000740757181656261,0.000620309590673273,0.980129929327488,11.3840928861076,0.000740757181656263,FALSE,ENSG00000205683,DPF3,double PHD fingers 3,0.0120617182247823,1.91859082135102,UP
-2,2,-2.18956221504142,-2.9736273428939,-1.40549708718895,4.41606007378944e-08,0.416250582627617,0.518813884650313,29.9575632362166,4.41606007378945e-08,FALSE,ENSG00000205710,C17orf107,chromosome 17 open reading frame 107,6.57733182754992e-06,5.18195024735488,DOWN
2,2,2.32867236907311,1.33141684247696,3.32592789566926,4.72425573904899e-06,0.040828732648368,0.839868872151162,20.9459498150702,4.72425573904901e-06,FALSE,ENSG00000205929,C21orf62,chromosome 21 open reading frame 62 [Source:HGNC Symbol;Acc:HGNC:1305],0.000267303140363621,3.57299593898166,UP
-2,2,-2.13725239382683,-2.83519342918944,-1.43931135846423,1.95081342575175e-09,0.650946752193338,0.419774394217046,36.022208834624,1.95081342575175e-09,FALSE,ENSG00000206052,DOK6,docking protein 6,5.81112893412169e-07,6.23573948856805,DOWN
2,2,1.4841954478264,0.552032666637342,2.41635822901547,0.00180441956738592,0.320857109431936,0.571093008341452,9.73856248386623,0.00180441956738592,FALSE,ENSG00000206612,,,0.0228722895079564,1.64069036049581,UP
2,2,1.09130691402239,0.392016772035619,1.79059705600917,0.0022229593614666,0.838398001066251,0.359855345583961,9.35567622294281,0.0022229593614666,FALSE,ENSG00000207165,,,0.0265810300034637,1.57542819434311,UP
2,2,1.13764021157557,0.437290645257532,1.83798977789362,0.00145383445535203,1.16058759254362,0.281343712249145,10.1362268793258,0.00145383445535203,FALSE,ENSG00000209582,,,0.0195025633957687,1.70990830169027,UP
2,2,1.22628863292054,0.520092636422524,1.93248462941856,0.000665479061857698,0.0044114668165821,0.947044344143095,11.583267472529,0.000665479061857698,FALSE,ENSG00000213398,LCAT,lecithin-cholesterol acyltransferase,0.0111588939379052,1.95237885024342,UP
0,2,1.43425691159712,0.490571563399554,2.37794225979469,0.00289337590997789,0.663258172418394,0.415412037012683,8.87351444216798,0.00289337590997789,FALSE,ENSG00000213799,ZNF845,zinc finger protein 845,0.0318177103325256,1.49733107628365,UP
-2,2,-1.41614257711776,-2.18566001617804,-0.646625138057475,0.000309852198516764,0.956770955978289,0.328001776174711,13.0098775751202,0.000309852198516764,FALSE,ENSG00000214145,,,0.0063654828936669,2.1961686446262,DOWN
-2,2,-1.21860694427664,-1.74002763547262,-0.697186253080649,4.63617905788749e-06,0.351803083076642,0.553094218906588,20.9820036055308,4.63617905788748e-06,FALSE,ENSG00000214595,EML6,EMAP like 6,0.000263793379203845,3.57873610875675,DOWN
-2,2,-1.4821161791472,-2.14527678419395,-0.818955574100443,1.1847343969405e-05,0.174948505935532,0.675750845851196,19.1877141603752,1.1847343969405e-05,FALSE,ENSG00000215218,UBE2QL1,ubiquitin conjugating enzyme E2 Q family like 1,0.00056867251053144,3.24513776491304,DOWN
-2,2,-1.47661248082501,-2.17456320067321,-0.778661760976806,3.37480861847569e-05,0.110604834303602,0.73945658856985,17.1941112670823,3.3748086184757e-05,FALSE,ENSG00000215788,TNFRSF25,TNF receptor superfamily member 25,0.00123393724505133,2.90870692686756,DOWN
-2,2,-1.66892130146113,-2.17258835244608,-1.16525425047619,8.33536065112892e-11,0.281021046999216,0.596032766076629,42.1774982189121,8.33536065112894e-11,FALSE,ENSG00000221823,PPP3R1,"protein phosphatase 3 regulatory subunit B, alpha",4.44318593024388e-08,7.35230551282499,DOWN
2,2,1.38949769633369,0.64435557185231,2.13463982081507,0.000257355610822679,0.0136525817108311,0.906983467447865,13.3577592818486,0.00025735561082268,FALSE,ENSG00000222041,,,0.00565400786640367,2.24764359161351,UP
-2,2,-1.12541089415061,-1.78432223737844,-0.466499550922775,0.000815176045313686,0.212829562051234,0.644558604543228,11.2063567440829,0.000815176045313686,FALSE,ENSG00000224043,,,0.0130017369873024,1.88599862356946,DOWN
-2,2,-2.8440622263457,-4.12485112578584,-1.56327332690556,1.34773383912725e-05,0.730663307156309,0.392668269298032,18.9417133809079,1.34773383912726e-05,FALSE,ENSG00000233820,,,0.000617640195596417,3.20926444816832,DOWN
2,2,1.38097190308923,0.470180096806858,2.29176370937161,0.00296097478823294,0.111686573776687,0.738232105440332,8.83136099195511,0.00296097478823294,FALSE,ENSG00000233822,H2BC15,H2B clustered histone 15,0.0322806810066988,1.49105731179595,UP
2,2,1.11805275028523,0.466886528102402,1.76921897246807,0.000764717824557008,1.10365490271767,0.293465402842212,11.3249695187924,0.000764717824557008,FALSE,ENSG00000233904,HLA-E,"major histocompatibility complex, class I, E",0.0123920994033814,1.90685511153622,UP
-2,2,-1.43559305763414,-1.94144566616953,-0.929740449098743,2.6622179368588e-08,0.213104123321921,0.64434522724611,30.939329184076,2.66221793685881e-08,FALSE,ENSG00000236901,,,4.56999038381457e-06,5.34008471377275,DOWN
2,2,1.55970129841835,0.730628423286649,2.38877417355005,0.000226734222391881,0.169897173622411,0.680203208892934,13.595451546014,0.000226734222391881,FALSE,ENSG00000238961,,,0.00512506696386419,2.29030045576553,UP
2,2,1.32746431990745,0.55379278149706,2.10113585831785,0.00077127488107537,0.487202125668521,0.485178033731406,11.3091158940756,0.000771274881075371,FALSE,ENSG00000239183,,,0.0124783897692194,1.90384145307194,UP
2,2,1.84422270854222,0.92966693932639,2.75877847775805,7.73996100601477e-05,0.0924094177708174,0.761136139183367,15.6207731434099,7.73996100601477e-05,FALSE,ENSG00000240184,PCDHGC3,"protocadherin gamma subfamily C, 3",0.00224254411226845,2.64925900535127,UP
-2,2,-1.29503203865358,-2.11730528069397,-0.472758796613185,0.00202304545471074,0.93316825920248,0.334041005915195,9.52850775782705,0.00202304545471074,FALSE,ENSG00000240240,,,0.0250089054891982,1.60190531468305,DOWN
2,2,1.40358542164346,0.488375380863017,2.31879546242391,0.00264846484505524,0.189113340149095,0.663655603504494,9.03508676117626,0.00264846484505523,FALSE,ENSG00000242114,MTFP1,mitochondrial fission process 1,0.0298372101787758,1.52524178644752,UP
-2,2,-1.74840323630072,-2.63478021480739,-0.862026257794059,0.000110597105188292,1.56006227253265,0.211656102606878,14.946601299389,0.000110597105188292,FALSE,ENSG00000243232,PCDHAC2,"protocadherin alpha subfamily C, 2",0.00296710119776359,2.527667641118,DOWN
2,2,1.68147649307255,0.728992739051955,2.63396024709315,0.000540092037243019,0.0769544728044942,0.781467843668909,11.9718875470642,0.00054009203724302,FALSE,ENSG00000244731,C4A,complement C4A (Chido/Rodgers blood group),0.00959658272490755,2.01788338861917,UP
-2,2,-1.18491519300681,-1.6060864353709,-0.763743950642716,3.50518347259005e-08,0.12098810171085,0.727965274756908,30.4055804393095,3.50518347259005e-08,FALSE,ENSG00000247556,,,5.54695284537376e-06,5.25594552604131,DOWN
-2,2,-1.18716786582008,-1.75842259377793,-0.615913137862219,4.63815083967596e-05,0.267665009310097,0.604902421954368,16.5905518555425,4.63815083967596e-05,FALSE,ENSG00000249242,TMEM150C,transmembrane protein 150C,0.00155358925779842,2.80866379032935,DOWN
-2,2,-1.57401258304683,-2.40598029140813,-0.742044874685528,0.00020883157794972,0.766762165492446,0.381220569848687,13.749903228875,0.00020883157794972,FALSE,ENSG00000250510,GPR162,G protein-coupled receptor 162,0.00482887265176886,2.31615424777077,DOWN
2,2,2.84926028707459,1.5132377457739,4.18528282837528,2.91630666259558e-05,0.307086734467246,0.579473407865545,17.47160734049,2.91630666259558e-05,FALSE,ENSG00000252316,,,0.00111038924356271,2.95452475391731,UP
2,2,2.53931937348517,1.3141728713878,3.76446587558254,4.85810582277772e-05,0.0692860234184286,0.792379179057629,16.5026916638144,4.85810582277772e-05,FALSE,ENSG00000253910,PCDHGB2,"protocadherin gamma subfamily B, 2",0.0015974966160095,2.79656005313824,UP
2,2,1.69512120995023,0.721485542066741,2.66875687783372,0.00064407582415753,0.72157574195898,0.395627523174875,11.6440683830638,0.000644075824157531,FALSE,ENSG00000256235,SMIM3,small integral membrane protein 3,0.0109023102188045,1.96248146453927,UP
2,2,1.48539473769033,0.639867248463734,2.33092222691693,0.000574874162733134,0.000334696612693839,0.985403743237643,11.8556257333579,0.000574874162733135,FALSE,ENSG00000256525,POLG2,"DNA polymerase gamma 2, accessory subunit",0.0100732275435315,1.99683135568639,UP
-2,2,-1.06279054314856,-1.47406591243827,-0.651515173858854,4.08810047418102e-07,0.295341786231624,0.586817548216294,25.6522901036297,4.08810047418101e-07,FALSE,ENSG00000258441,,,3.6109630937155e-05,4.44237695030971,DOWN
-2,2,-1.08698068952083,-1.76858860782338,-0.40537277121829,0.00177434502428472,0.392174798731669,0.531158444878001,9.76946059695745,0.00177434502428472,FALSE,ENSG00000258986,TMEM179,transmembrane protein 179,0.022619034044346,1.64552594574866,DOWN
2,2,2.11229314534382,1.09334968955407,3.13123660113357,4.8435592000829e-05,0.00635335250596975,0.936469560273352,16.5083775484121,4.8435592000829e-05,FALSE,ENSG00000259207,ITGB3,integrin subunit beta 3,0.0015974966160095,2.79656005313824,UP
-2,2,-1.16896139972732,-1.70028454523699,-0.637638254217652,1.61706156504997e-05,0.626642468285355,0.428589559815375,18.5942665809176,1.61706156504997e-05,FALSE,ENSG00000260916,CCPG1,cell cycle progression 1,0.000693966081814666,3.1586617555404,DOWN
-2,2,-1.99883790976005,-2.82465458658285,-1.17302123293725,2.09568929047227e-06,0.103267993499037,0.747942609904213,22.5052602502476,2.09568929047227e-06,FALSE,ENSG00000260941,,,0.000137825591778592,3.8606701341244,DOWN
-2,2,-1.36359792246962,-2.3028400381873,-0.424355806751939,0.0044343334146612,0.283649671612861,0.594319009695784,8.09680588484378,0.00443433341466119,FALSE,ENSG00000263874,LASP1NB,LASP1 neighbor,0.0434057925690399,1.36245230936072,DOWN
-2,2,-1.1584037776687,-1.82801857678092,-0.488788978556482,0.000697269851230402,0.886697556075502,0.346373810652327,11.4965101079809,0.000697269851230402,FALSE,ENSG00000268401,,,0.0115769656610844,1.93640525488581,DOWN
2,2,1.46476708827737,0.581703711944939,2.3478304646098,0.00114976177351841,0.126191458646063,0.722414017039409,10.5693816877661,0.00114976177351841,FALSE,ENSG00000272533,,,0.0167070118252432,1.77710121999631,UP
2,2,1.3259315554471,0.450077125868266,2.20178598502593,0.00300589210939102,1.22698352416915,0.267994473836863,8.80388849386989,0.00300589210939103,FALSE,ENSG00000272674,PCDHB16,protocadherin beta 16,0.0325600805175532,1.48731452981828,UP
-2,2,-1.6121726695716,-2.58578499351529,-0.638560345627904,0.00117269278778195,0.821667575448232,0.364693056721113,10.5328807176005,0.00117269278778195,FALSE,ENSG00000273173,SNURF,SNRPN upstream open reading frame,0.0168246618824722,1.77405365483368,DOWN
-2,2,-1.75515887001574,-2.81461032101886,-0.695707419012617,0.0011662478844857,0.0140302938042889,0.905711473851802,10.5430660724776,0.0011662478844857,FALSE,ENSG00000273564,ENTREP2,endosomal transmembrane epsin interactor 2,0.0168246618824722,1.77405365483368,DOWN
2,2,3.03449704085221,1.62666802595481,4.44232605574961,2.39372753326011e-05,1.34672284574456,0.245851851389704,17.8471878745231,2.39372753326011e-05,FALSE,ENSG00000273703,H2BC14,H2B clustered histone 14,0.000950732253210133,3.02194177257412,UP
-2,2,-1.20107571077958,-1.81652507177157,-0.585626349787587,0.000130796815890684,0.0934763723836632,0.759803331387388,14.6302686362168,0.000130796815890684,FALSE,ENSG00000273820,USP27X,ubiquitin specific peptidase 27 X-linked,0.00337936263097155,2.47116520266732,DOWN
2,2,2.17341968533108,1.12922215512707,3.21761721553509,4.51288620048796e-05,0.807884161672214,0.368746539217922,16.642480290244,4.51288620048798e-05,FALSE,ENSG00000274290,H2BC6,H2B clustered histone 6,0.00152355038128473,2.81714317980549,UP
2,2,6.33016621254433,4.33246319469614,8.32786923039252,5.27888239615138e-10,1.05840794969397,0.303578575725112,38.5713249781134,5.27888239615137e-10,FALSE,ENSG00000274641,H2BC17,H2B clustered histone 17,1.90944717529361e-07,6.71909235184726,UP
-2,2,-1.0308271874872,-1.62825589622449,-0.433398478749916,0.000720126610031238,0.549634573148742,0.458467045784301,11.4365684612369,0.000720126610031239,FALSE,ENSG00000275004,ZNF280B,zinc finger protein 280B,0.0118208141108531,1.92735261214548,DOWN
-2,2,-2.3367480440723,-3.52816538673803,-1.14533070140657,0.000120989617826284,1.51505208450571,0.218369798644778,14.7771990262359,0.000120989617826284,FALSE,ENSG00000275482,EPHB6,EPH receptor B6,0.00316636395179486,2.49943916743584,DOWN
2,2,1.31389080252909,0.404704702612548,2.22307690244562,0.0046200023522836,0.44214626384906,0.506088360218388,8.02248940592487,0.0046200023522836,FALSE,ENSG00000275714,H3C1,H3 clustered histone 1,0.0446057043126104,1.35060959884218,UP
2,2,3.10860941132344,1.51344142806203,4.70377739458485,0.000133716214946467,0.576120109775114,0.447837145192505,14.5886682504265,0.000133716214946466,FALSE,ENSG00000276027,,,0.00343725336288785,2.46378845446485,UP
2,2,2.98822603655034,1.86606927053519,4.11038280256548,1.79650247503108e-07,1.14314546323872,0.284988655138243,27.2405585466848,1.79650247503107e-07,FALSE,ENSG00000276043,UHRF1,ubiquitin like with PHD and ring finger domains 1,1.89531011115779e-05,4.72231972050021,UP
2,2,1.36176736647016,0.470616875312899,2.25291785762741,0.00274425383718969,0.051683191449676,0.820159857681698,8.9701545440186,0.0027442538371897,FALSE,ENSG00000277075,H2AC8,H2A clustered histone 8,0.0305762407734403,1.51461591041188,UP
-2,2,-1.0828124852516,-1.61239098050114,-0.553233990002071,6.13709175381365e-05,0.045534230988444,0.831024718885358,16.0598693885912,6.13709175381364e-05,FALSE,ENSG00000277200,CCDC92B,coiled-coil domain containing 92B,0.00189325584804623,2.72279069301634,DOWN
2,2,2.20032526794694,0.967839820312655,3.43281071558122,0.000466876285886588,1.64643573312351,0.199444741931346,12.2435216638885,0.000466876285886589,FALSE,ENSG00000277224,H2BC7,H2B clustered histone 7,0.00859731458810794,2.06563718151117,UP
2,2,1.1916270644523,0.493222637004477,1.89003149190013,0.000825449130023858,0.0143734280571613,0.9045708942121,11.1831186114499,0.000825449130023857,FALSE,ENSG00000277443,MARCKS,myristoylated alanine rich protein kinase C substrate,0.0131242524158267,1.88192542551652,UP
2,2,1.35015891510901,0.481932573073331,2.21838525714468,0.00230450328425517,0.0145307594663276,0.904052543732309,9.28966477537023,0.00230450328425517,FALSE,ENSG00000277985,,,0.0272028079987603,1.56538626378111,UP
2,2,2.84706116241989,1.27107951929912,4.42304280554066,0.000399010305825097,1.47521722519337,0.224524333711107,12.5368222102347,0.000399010305825096,FALSE,ENSG00000278463,H2AC4,H2A clustered histone 4,0.00766053309273802,2.11574100697593,UP
0,2,-1.58879021929578,-2.46519175949495,-0.712388679096611,0.000380671330947827,0.25705156461906,0.612153043947274,12.6247571569835,0.000380671330947826,FALSE,ENSG00000278550,SLC43A2,solute carrier family 43 member 2,0.00745732928402242,2.12741667988419,DOWN
2,2,2.08402418543912,1.01314092065011,3.15490745022812,0.000136599277669859,1.07928898546561,0.298856669245157,14.5484735257439,0.000136599277669859,FALSE,ENSG00000278637,H4C1,H4 clustered histone 1,0.00350247464364642,2.45562500012907,UP
2,2,1.25639765572141,0.38514101254264,2.12765429890017,0.00470787620549023,1.15532130638144,0.282437977961425,7.9883707305203,0.00470787620549023,FALSE,ENSG00000278705,H4C2,H4 clustered histone 2,0.0452081640130004,1.34478313010823,UP
-2,2,-3.90882575591522,-6.14445772960878,-1.67319378222166,0.00061064410398889,0.284334908222825,0.593873938690258,11.7432465817538,0.00061064410398889,FALSE,ENSG00000281508,,,0.0104469653466207,1.98100984587985,DOWN
